NG,,,,,,,Defense,,,,,,,,,Damage Negation,,,,,,,,,Resistances,,,,,,,,Incoming Status Damage Multipliers,,,,,,Poise,,,,,"Enemy ""Part"" Damage Multipliers",,,,,,,,,
Location,Name,ID,,Health,dlcClear,,Phys,Strike,Slash,Pierce,Magic,Fire,Ltng,Holy,,Phys,Strike,Slash,Pierce,Magic,Fire,Ltng,Holy,,Poison,Scarlet Rot,Bleed,Frost,Sleep,Madness,Deathblight,,Bleed,Frost,Sleep,Madness,HP Burn Effect,,Base,Incoming Mult,Effective,Regen Delay,,Part 1,Part 2,Part 3,Part 4,Part 5,Part 6,Part 7,Part 8,Weak Part,Parts Damage Type
Abandoned Cave,Cleanrot Knight (Sickle) [Boss],38001940,,"2,102",-,,109,109,109,109,109,109,109,109,,10,10,35,0,20,-20,0,40,,534,Immune,326,326,237,Immune,Immune,,0.7,0.7,1,1,1,,65,1,65,5,,1,1,1,1,1,1,1,1,1.5,0
Abandoned Cave,Cleanrot Knight (Spear) [Boss],38000940,,"2,102",-,,109,109,109,109,109,109,109,109,,10,10,35,0,20,-20,0,40,,534,Immune,326,326,237,Immune,Immune,,0.7,0.7,1,1,1,,65,1,65,5,,1,1,1,1,1,1,1,1,1.5,0
Abandoned Cave,Fungal Sorcerer,43858040,,389,-,,109,109,109,109,109,109,109,109,,-10,-10,-10,-10,0,-40,0,0,,534,534,178,178,237,Immune,Immune,,1,1,1,1,1,,30,1,30,2.308,,1,1,1,1,1,1,1,1,1.5,0
Abandoned Cave,Fungal Sorcerer,43858140,,389,-,,109,109,109,109,109,109,109,109,,-10,-10,-10,-10,0,-40,0,0,,534,534,178,178,237,Immune,Immune,,1,1,1,1,1,,30,1,30,2.308,,1,1,1,1,1,1,1,1,1.5,0
Abandoned Cave,Fungal Sorcerer,43858240,,389,-,,109,109,109,109,109,109,109,109,,-10,-10,-10,-10,0,-40,0,0,,534,534,178,178,237,Immune,Immune,,1,1,1,1,1,,30,1,30,2.308,,1,1,1,1,1,1,1,1,1.5,0
Abandoned Cave,Rat,40800040,,389,-,,109,109,109,109,109,109,109,109,,-10,-10,-40,-10,-20,-40,-20,-20,,326,326,178,237,178,Immune,Immune,,1,1,1,1,1,,30,1,30,2.308,,1,1,1,1,1,1,1,1,1.5,0
Academy Crystal Cave,Battlemage,37040020,,"1,427",-,,107,107,107,107,107,107,107,107,,0,10,0,0,40,20,20,0,,176,176,235,235,235,Immune,Immune,,1,1,1,1,1,,65,1,65,5,,1,1,1,1,1,1,1,1,0.5,0
Academy Crystal Cave,Crystalian (Spear) [Boss],33501920,,"1,595",-,,107,107,107,107,107,107,107,107,,91,10,93.5,93.5,94,94,94,94,,530,530,Immune,530,Immune,Immune,Immune,,1,0.7,1,1,1,,70,1,70,5.385,,1,1,1,1,1,1,1,1,1.5,0
Academy Crystal Cave,Crystalian (Spear) [Boss] [Cracked],33501920b,,"1,595",-,,107,107,107,107,107,107,107,107,,10,10,35,35,40,40,40,40,,530,530,Immune,530,Immune,Immune,Immune,,1,0.7,1,1,1,,70,1,70,5.385,,1,1,1,1,1,1,1,1,1.5,0
Academy Crystal Cave,Crystalian (Staff) [Boss],33502920,,"1,595",-,,107,107,107,107,107,107,107,107,,91,10,93.5,93.5,94,94,94,94,,530,530,Immune,530,Immune,Immune,Immune,,1,0.7,1,1,1,,70,1,70,5.385,,1,1,1,1,1,1,1,1,1.5,0
Academy Crystal Cave,Crystalian (Staff) [Boss] [Cracked],33502920b,,"1,595",-,,107,107,107,107,107,107,107,107,,10,10,35,35,40,40,40,40,,530,530,Immune,530,Immune,Immune,Immune,,1,0.7,1,1,1,,70,1,70,5.385,,1,1,1,1,1,1,1,1,1.5,0
Academy Crystal Cave,Rat,40800020,,367,-,,107,107,107,107,107,107,107,107,,-10,-10,-40,-10,-20,-40,-20,-20,,324,324,176,235,176,Immune,Immune,,1,1,1,1,1,,30,1,30,2.308,,1,1,1,1,1,1,1,1,1.5,0
Academy Crystal Cave,Raya Lucaria Scholar,37020020,,414,-,,107,107,107,107,107,107,107,107,,-10,0,-10,-10,40,20,20,0,,176,176,176,176,235,Immune,Immune,,1,1,1,1,1,,30,1,30,2.308,,1,1,1,1,1,1,1,1,1.5,0
Academy Crystal Cave,Raya Lucaria Scholar,37023020,,605,-,,107,107,107,107,107,107,107,107,,-10,0,-10,-10,40,20,20,0,,176,176,176,176,235,Immune,Immune,,1,1,1,1,1,,30,1,30,2.308,,1,1,1,1,1,1,1,1,1.5,0
Academy of Raya Lucaria,???,502010024,,"1,939",-,,100,100,100,100,100,100,100,100,,0,0,0,0,0,0,0,0,,Immune,Immune,Immune,Immune,Immune,Immune,Immune,,1,1,1,1,1,,-1,1,∞,0,,1,1,1,1,1,1,1,1,1.5,0
Academy of Raya Lucaria,Abductor Virgin (Scythe),44700024,,"3,213",-,,107,107,107,107,107,107,107,107,,10,0,10,10,0,20,-20,20,,Immune,Immune,Immune,Immune,Immune,Immune,Immune,,1,1,1,1,1,,65,0,∞,5,,1,1,1,1,1,1,1,1,2,1
Academy of Raya Lucaria,Abductor Virgin (Wheel),44701024,,"3,213",-,,107,107,107,107,107,107,107,107,,10,0,10,10,0,20,-20,20,,Immune,Immune,Immune,Immune,Immune,Immune,Immune,,1,1,1,1,1,,65,0,∞,5,,1,1,1,1,1,1,1,1,2,1
Academy of Raya Lucaria,Ash Teardrop Scarab,41912024,,348,-,,107,107,107,107,107,107,107,107,,10,10,35,35,40,40,40,40,,Immune,Immune,Immune,Immune,Immune,Immune,Immune,,1,1,1,1,1,,30,1,30,2.308,,1,1,1,1,1,1,1,1,1.5,0
Academy of Raya Lucaria,Avionette,38601024,,392,-,,107,107,107,107,107,107,107,107,,0,-10,10,10,0,-20,0,0,,Immune,Immune,Immune,Immune,Immune,Immune,Immune,,1,1,1,1,1,,30,1,30,2.308,,1,1,1,1,1,1,1,1,1,0
Academy of Raya Lucaria,Bloodhound Knight,42909024,,992,-,,107,107,107,107,107,107,107,107,,10,10,10,0,0,0,-20,0,,Immune,Immune,Immune,Immune,Immune,Immune,Immune,,1,1,1,1,1,,65,1,65,5,,1,1,1,1,1,1,1,1,1.5,0
Academy of Raya Lucaria,Crab (Clean),22750024,,63,-,,107,107,107,107,107,107,107,107,,10,-40,10,10,0,0,0,-40,,Immune,176,235,132,132,Immune,Immune,,1,1,1,1,1,,30,1,30,2.308,,1,1,1,1,1,1,1,1,1.5,0
Academy of Raya Lucaria,Crab (Golden Tuffs),22751024,,589,-,,107,107,107,107,107,107,107,107,,10,-40,10,10,40,0,0,-40,,Immune,176,235,132,132,Immune,Immune,,1,1,1,1,1,,30,1,30,2.308,,1,1,1,1,1,1,1,1,1.5,0
Academy of Raya Lucaria,Demi-Human Shaman,41109024,,192,-,,107,107,107,107,107,107,107,107,,-10,-10,-40,-10,-20,-20,-20,-20,,176,176,176,176,176,Immune,Immune,,1,1,1,1,1,,30,1,30,2.308,,1,1,1,1,1,1,1,1,1.5,0
Academy of Raya Lucaria,Dragon,45008024,,"3,713",-,,107,107,107,107,107,107,107,107,,35,35,35,10,40,40,40,40,,Immune,Immune,Immune,Immune,Immune,Immune,Immune,,1,1,1,1,1,,120,1,120,9.231,,1,1,1,1,1,1,1,1,1.5,1
Academy of Raya Lucaria,Giant Crab (Clean),22740024,,808,-,,107,107,107,107,107,107,107,107,,35,0,35,35,20,20,20,-40,,Immune,324,324,176,176,Immune,Immune,,1,1,1,1,1,,80,1,80,6.154,,1,1,1,1,1,1,1,1,1.5,0
Academy of Raya Lucaria,Grey Wolf,40708024,,176,-,,107,107,107,107,107,107,107,107,,-10,-10,-40,-10,-20,-40,-20,-20,,Immune,Immune,Immune,Immune,Immune,Immune,Immune,,1,1,1,1,1,,30,1,30,2.308,,1,1,1,1,1,1,1,1,1.5,0
Academy of Raya Lucaria,Juvenile Scholar,20400024,,204,-,,109,109,109,109,109,109,109,109,,-10,0,-10,-10,40,0,0,0,,178,178,178,178,133,Immune,Immune,,1,1,1,1,1,,30,1,30,2.308,,1,1,1,1,1,1,1,1,1.5,0
Academy of Raya Lucaria,Juvenile Scholar,20403024,,204,-,,109,109,109,109,109,109,109,109,,-10,0,-10,-10,40,0,0,0,,178,178,178,178,133,Immune,Immune,,1,1,1,1,1,,30,1,30,2.308,,1,1,1,1,1,1,1,1,1.5,0
Academy of Raya Lucaria,Juvenile Scholar (Candlestick),20401024,,204,-,,109,109,109,109,109,109,109,109,,-10,0,-10,-10,40,0,0,0,,178,178,178,178,133,Immune,Immune,,1,1,1,1,1,,30,1,30,2.308,,1,1,1,1,1,1,1,1,1.5,0
Academy of Raya Lucaria,Juvenile Scholar (Candlestick),20404024,,204,-,,109,109,109,109,109,109,109,109,,-10,0,-10,-10,40,0,0,0,,178,178,178,178,133,Immune,Immune,,1,1,1,1,1,,30,1,30,2.308,,1,1,1,1,1,1,1,1,1.5,0
Academy of Raya Lucaria,Juvenile Scholar (Tall Cap),20402024,,204,-,,109,109,109,109,109,109,109,109,,-10,0,-10,-10,40,0,0,0,,178,178,178,178,133,Immune,Immune,,1,1,1,1,1,,30,1,30,2.308,,1,1,1,1,1,1,1,1,1.5,0
Academy of Raya Lucaria,Juvenile Scholar (Tall Cap),20402124,,204,-,,109,109,109,109,109,109,109,109,,-10,0,-10,-10,40,0,0,0,,178,178,178,178,133,Immune,Immune,,1,1,1,1,1,,30,1,30,2.308,,1,1,1,1,1,1,1,1,1.5,0
Academy of Raya Lucaria,Juvenile Scholar (Tall Cap),20402224,,204,-,,109,109,109,109,109,109,109,109,,-10,0,-10,-10,40,0,0,0,,178,178,178,178,133,Immune,Immune,,1,1,1,1,1,,30,1,30,2.308,,1,1,1,1,1,1,1,1,1.5,0
Academy of Raya Lucaria,Living Jar,44910124,,339,-,,107,107,107,107,107,107,107,107,,10,-40,35,35,0,20,20,20,,Immune,Immune,Immune,Immune,176,Immune,Immune,,1,1,1,1,1,,30,1,30,2.308,,1,1,1,1,1,1,1,1,1.5,1
Academy of Raya Lucaria,Living Jar (Large),44908124,,"1,017",-,,107,107,107,107,107,107,107,107,,10,-40,35,35,0,20,20,20,,Immune,Immune,Immune,Immune,235,Immune,Immune,,1,1,1,1,1,,65,1,65,5,,1,1,1,1,1,1,1,1,1.5,1
Academy of Raya Lucaria,Mad Pumpkin Head (Hammer),43401024,,"1,318",-,,107,107,107,107,107,107,107,107,,0,10,-10,0,0,0,-20,0,,235,235,176,176,324,Immune,Immune,,1,1,1,1,1,,65,1,65,5,,1,1,1,1,1,1,1,1,0.2,1
Academy of Raya Lucaria,Marionette,38500024,,405,-,,107,107,107,107,107,107,107,107,,0,-10,10,10,0,-20,0,0,,Immune,Immune,Immune,Immune,Immune,Immune,Immune,,1,1,1,1,1,,30,1,30,2.308,,1,1,1,1,1,1,1,1,1,0
Academy of Raya Lucaria,Marionette,38501024,,405,-,,107,107,107,107,107,107,107,107,,0,-10,10,10,0,-20,0,0,,Immune,Immune,Immune,Immune,Immune,Immune,Immune,,1,1,1,1,1,,30,1,30,2.308,,1,1,1,1,1,1,1,1,1,0
Academy of Raya Lucaria,Marionette,38502024,,405,-,,107,107,107,107,107,107,107,107,,0,-10,10,10,0,-20,0,0,,Immune,Immune,Immune,Immune,Immune,Immune,Immune,,1,1,1,1,1,,30,1,30,2.308,,1,1,1,1,1,1,1,1,1,0
Academy of Raya Lucaria,Miniature Ranni Dialogue (Unused),501060024,,"1,939",-,,100,100,100,100,100,100,100,100,,0,0,0,0,0,0,0,0,,Immune,Immune,Immune,Immune,Immune,Immune,Immune,,1,1,1,1,1,,-1,1,∞,0,,1,1,1,1,1,1,1,1,1.5,0
Academy of Raya Lucaria,Noble's Page,37031024,,"1,318",-,,107,107,107,107,107,107,107,107,,0,10,0,0,0,0,0,0,,176,176,235,235,235,Immune,Immune,,1,1,1,1,1,,65,1,65,5,,1,1,1,1,1,1,1,1,1.5,0
Academy of Raya Lucaria,Onyx Lord,36000024,,"1,710",-,,107,107,107,107,107,107,107,107,,10,10,10,10,20,20,20,20,,324,324,324,Immune,235,Immune,Immune,,1,1,1,1,1,,65,1,65,5,,1,1,1,1,1,1,1,1,1.5,0
Academy of Raya Lucaria,Orb of Many Faces (Sellen),37301024,,"1,343",-,,107,107,107,107,107,107,107,107,,10,10,35,80,80,40,40,20,,Immune,Immune,Immune,Immune,Immune,Immune,Immune,,1,1,1,1,1,,80,1,80,6.154,,1,1,1,1,1,1,1,1,1.5,0
Academy of Raya Lucaria,Putrid Corpse,36614024,,852,-,,107,107,107,107,107,107,107,107,,-40,-40,-40,-40,40,-40,-40,-40,,132,132,132,132,132,Immune,Immune,,1,1,1,1,1,,50,1,50,3.846,,1,1,1,1,1,1,1,1,1.5,0
Academy of Raya Lucaria,Raya Lucaria Scholar,37020024,,414,-,,107,107,107,107,107,107,107,107,,-10,0,-10,-10,40,20,20,0,,176,176,176,176,235,Immune,Immune,,1,1,1,1,1,,30,1,30,2.308,,1,1,1,1,1,1,1,1,1.5,0
Academy of Raya Lucaria,Raya Lucaria Scholar,37021024,,414,-,,107,107,107,107,107,107,107,107,,-10,0,-10,-10,40,20,20,0,,176,176,176,176,235,Immune,Immune,,1,1,1,1,1,,30,1,30,2.308,,1,1,1,1,1,1,1,1,1.5,0
Academy of Raya Lucaria,Raya Lucaria Scholar,37022024,,605,-,,107,107,107,107,107,107,107,107,,-10,0,-10,-10,40,20,20,0,,176,176,176,176,235,Immune,Immune,,1,1,1,1,1,,30,1,30,2.308,,1,1,1,1,1,1,1,1,1.5,0
Academy of Raya Lucaria,Raya Lucaria Scholar,37023024,,605,-,,107,107,107,107,107,107,107,107,,-10,0,-10,-10,40,20,20,0,,176,176,176,176,235,Immune,Immune,,1,1,1,1,1,,30,1,30,2.308,,1,1,1,1,1,1,1,1,1.5,0
Academy of Raya Lucaria,Raya Lucaria Scholar,37024024,,605,-,,107,107,107,107,107,107,107,107,,-10,0,-10,-10,40,20,20,0,,176,176,176,176,235,Immune,Immune,,1,1,1,1,1,,30,1,30,2.308,,1,1,1,1,1,1,1,1,1.5,0
Academy of Raya Lucaria,Red Wolf of Radagon [Boss],31811024,,"2,204",-,,107,107,107,107,107,107,107,107,,0,0,-10,0,40,20,20,20,,324,324,530,530,324,Immune,Immune,,0.7,0.7,0.7,1,1,,120,1,120,9.231,,1,1,1,1,1,1,1,1,1.5,0
Academy of Raya Lucaria,"Rennala, Queen of the Full Moon",20300124,,"3,493",-,,109,109,109,109,109,109,109,109,,-10,0,-10,-10,80,20,20,20,,Immune,Immune,Immune,Immune,Immune,Immune,Immune,,1,1,1,1,1,,-1,1,∞,0,,1,1,1,1,1,1,1,1,0,1
Academy of Raya Lucaria,"Rennala, Queen of the Full Moon (Phase 1) [Boss]",20300024b,,"3,493",-,,109,109,109,109,109,109,109,109,,-10,0,-10,-10,80,20,20,20,,326,326,326,326,Immune,Immune,Immune,,0.7,0.7,1,1,1,,-1,1,∞,0,,0,1,1,1,1,1,1,1,0,1
Academy of Raya Lucaria,"Rennala, Queen of the Full Moon - Bubble (Phase 1) [Boss]",20300024,,"3,493",-,,109,109,109,109,109,109,109,109,,100,100,100,100,100,100,100,100,,326,326,326,326,Immune,Immune,Immune,,0.7,0.7,1,1,1,,-1,1,∞,0,,0,1,1,1,1,1,1,1,0,1
Academy of Raya Lucaria,"Rennala, Queen of the Full Moon (Phase 2) [Boss]",20310024,,"4,097",-,,109,109,109,109,109,109,109,109,,-10,0,-10,-10,80,40,40,40,,534,534,326,534,Immune,Immune,Immune,,0.7,0.7,1,1,1,,80,1,80,6.154,,1,1,1,1,1,1,1,1,1.5,0
Academy of Raya Lucaria,Scarlet Putrid Corpse,36624024,,"1,418",-,,107,107,107,107,107,107,107,107,,-40,-40,-40,-40,40,-40,-40,-40,,132,132,132,132,132,Immune,Immune,,1,1,1,1,1,,55,1,55,4.231,,1,1,1,1,1,1,1,1,1.5,0
Academy of Raya Lucaria,Starved Dog,41610024,,367,-,,107,107,107,107,107,107,107,107,,-10,-10,-40,-10,-20,-40,-20,-20,,176,176,176,235,176,Immune,Immune,,1,1,1,1,1,,30,1,30,2.308,,1,1,1,1,1,1,1,1,1.5,0
Academy of Raya Lucaria,Troll Knight,46008024,,"4,307",-,,107,107,107,107,107,107,107,107,,0,0,-10,0,0,0,0,0,,Immune,Immune,Immune,Immune,Immune,Immune,Immune,,1,1,1,1,1,,65,1,65,5,,1,1,1,1,1,1,1,1,2,1
Academy of Raya Lucaria,Wandering Noble,43000024,,192,-,,107,107,107,107,107,107,107,107,,-10,-10,-10,-10,-20,-20,-20,0,,132,132,176,176,176,Immune,Immune,,1,1,1,1,1,,30,1,30,2.308,,1,1,1,1,1,1,1,1,1.5,0
Academy of Raya Lucaria,Wandering Noble,43001024,,192,-,,107,107,107,107,107,107,107,107,,-10,-10,-10,-10,-20,-20,-20,0,,132,132,176,176,176,Immune,Immune,,1,1,1,1,1,,30,1,30,2.308,,1,1,1,1,1,1,1,1,1.5,0
Academy of Raya Lucaria,Wandering Noble,43002024,,192,-,,107,107,107,107,107,107,107,107,,-10,-10,-10,-10,-20,-20,-20,0,,132,132,176,176,176,Immune,Immune,,1,1,1,1,1,,30,1,30,2.308,,1,1,1,1,1,1,1,1,1.5,0
Academy of Raya Lucaria,Wandering Noble,43005024,,192,-,,107,107,107,107,107,107,107,107,,-10,-10,-10,-10,-20,-20,-20,0,,132,132,176,176,176,Immune,Immune,,1,1,1,1,1,,30,1,30,2.308,,1,1,1,1,1,1,1,1,1.5,0
Academy of Raya Lucaria,Wandering Noble,43006024,,192,-,,107,107,107,107,107,107,107,107,,-10,-10,-10,-10,-20,-20,-20,0,,132,132,176,176,176,Immune,Immune,,1,1,1,1,1,,30,1,30,2.308,,1,1,1,1,1,1,1,1,1.5,0
Ainsel River,Ancestral Follower (Axe),33600062,,"1,303",-,,114,114,114,114,114,114,114,114,,-10,0,-10,-10,0,0,0,0,,552,Immune,552,"1,188",552,Immune,Immune,,1,1,1,1,1,,40,1,40,3.077,,1,1,1,1,1,1,1,1,1.5,0
Ainsel River,"Astel, Naturalborn of the Void",46202060,,"1,193",-,,106,106,106,106,106,106,106,106,,10,10,10,10,40,40,40,40,,526,526,526,Immune,Immune,Immune,Immune,,1,1,1,1,1,,20,1,20,1.538,,1.2,0.8,0.8,0.6,1,1,1,1,1.5,1
Ainsel River,"Astel, Naturalborn of the Void",46202062,,"2,520",-,,114,114,114,114,114,114,114,114,,10,10,10,10,40,40,40,40,,552,552,552,Immune,Immune,Immune,Immune,,1,1,1,1,1,,20,1,20,1.538,,1.2,0.8,0.8,0.6,1,1,1,1,1.5,1
Ainsel River,Basilisk,41500060,,660,-,,106,106,106,106,106,106,106,106,,-10,-10,-40,-10,-20,-20,-20,-20,,175,175,131,131,131,Immune,Immune,,1,1,1,1,1,,30,1,30,2.308,,1,1,1,1,1,1,1,1,1.5,0
Ainsel River,Basilisk,41500062,,"1,394",-,,114,114,114,114,114,114,114,114,,-10,-10,-40,-10,-20,-20,-20,-20,,184,Immune,138,138,138,Immune,Immune,,1,1,1,1,1,,30,1,30,2.308,,1,1,1,1,1,1,1,1,1.5,0
Ainsel River,Basilisk,41500862,,"1,394",-,,114,114,114,114,114,114,114,114,,-10,-10,-40,-10,-20,-20,-20,-20,,184,Immune,138,138,138,Immune,Immune,,1,1,1,1,1,,30,1,30,2.308,,1,1,1,1,1,1,1,1,1.5,0
Ainsel River,Blaidd the Half-Wolf (Baleful Shadow),20108562,,"5,445",-,,114,114,114,114,114,114,114,114,,10,10,10,0,40,0,20,20,,245,245,337,552,552,Immune,Immune,,1,1,1,1,1,,80,1,80,6.154,,1,1,1,1,1,1,1,1,1.5,0
Ainsel River,Cerulean Teardrop Scarab,41911062,,635,-,,114,114,114,114,114,114,114,114,,10,10,35,35,40,40,40,40,,Immune,Immune,Immune,Immune,Immune,Immune,Immune,,1,1,1,1,1,,30,1,30,2.308,,1,1,1,1,1,1,1,1,1.5,0
Ainsel River,Clayman,37500060,,511,-,,106,106,106,106,106,106,106,106,,10,0,35,35,40,20,20,20,,Immune,Immune,526,526,175,Immune,Immune,,1,1,1,1,1,,65,1,65,5,,1,1,1,1,1,1,1,1,1.5,0
Ainsel River,Clayman,37500062,,"1,080",-,,114,114,114,114,114,114,114,114,,10,0,35,35,40,20,20,20,,Immune,Immune,552,552,184,Immune,Immune,,1,1,1,1,1,,65,1,65,5,,1,1,1,1,1,1,1,1,1.5,0
Ainsel River,Clayman,37501060,,511,-,,106,106,106,106,106,106,106,106,,10,0,35,35,40,20,20,20,,Immune,Immune,526,526,175,Immune,Immune,,1,1,1,1,1,,65,1,65,5,,1,1,1,1,1,1,1,1,1.5,0
Ainsel River,Clayman,37501062,,"1,080",-,,114,114,114,114,114,114,114,114,,10,0,35,35,40,20,20,20,,Immune,Immune,552,552,184,Immune,Immune,,1,1,1,1,1,,65,1,65,5,,1,1,1,1,1,1,1,1,1.5,0
Ainsel River,Clayman,37502060,,511,-,,106,106,106,106,106,106,106,106,,10,0,35,35,40,20,20,20,,Immune,Immune,526,526,175,Immune,Immune,,1,1,1,1,1,,65,1,65,5,,1,1,1,1,1,1,1,1,1.5,0
Ainsel River,Clayman,37502062,,"1,080",-,,114,114,114,114,114,114,114,114,,10,0,35,35,40,20,20,20,,Immune,Immune,552,552,184,Immune,Immune,,1,1,1,1,1,,65,1,65,5,,1,1,1,1,1,1,1,1,1.5,0
Ainsel River,Dragonkin Soldier,46500060,,"4,372",-,,106,106,106,106,106,106,106,106,,10,10,0,10,20,20,40,20,,Immune,526,526,"1,131",Immune,Immune,Immune,,1,1,1,1,1,,120,1,120,9.231,,1,1,1,1,1,1,1,1,1.5,1
Ainsel River,Dragonkin Soldier,46500160,,"4,372",-,,106,106,106,106,106,106,106,106,,10,10,0,10,20,20,40,20,,526,526,526,"1,131",Immune,Immune,Immune,,1,1,1,1,1,,120,1,120,9.231,,1,1,1,1,1,1,1,1,1.5,1
Ainsel River,Dragonkin Soldier [Boss],46500262,,"7,655",-,,117,117,117,117,117,117,117,117,,10,10,0,10,20,20,40,20,,561,Immune,561,"1,207",Immune,Immune,Immune,,0.7,0.7,1,1,1,,120,1,120,9.231,,1,1,1,1,1,1,1,1,1.5,1
Ainsel River,Dragonkin Soldier of Nokstella [Boss],46500960,,"4,372",-,,106,106,106,106,106,106,106,106,,10,10,0,10,20,20,40,20,,526,526,526,"1,131",Immune,Immune,Immune,,0.7,0.7,1,1,1,,120,1,120,9.231,,1,1,1,1,1,1,1,1,1.5,1
Ainsel River,Giant Ant,42800060,,382,-,,106,106,106,106,106,106,106,106,,10,10,35,10,0,-20,0,0,,526,526,321,175,131,Immune,Immune,,1,1,1,1,1,,40,1,40,3.077,,1,1,1,1,1,1,1,1,1.5,0
Ainsel River,Giant Ant,42800062,,808,-,,114,114,114,114,114,114,114,114,,10,10,35,10,0,-20,0,0,,552,552,337,184,138,Immune,Immune,,1,1,1,1,1,,40,1,40,3.077,,1,1,1,1,1,1,1,1,1.5,0
Ainsel River,Giant Ant,42800160,,382,-,,106,106,106,106,106,106,106,106,,10,10,35,10,0,-20,0,0,,526,526,321,175,131,Immune,Immune,,1,1,1,1,1,,40,1,40,3.077,,1,1,1,1,1,1,1,1,1.5,0
Ainsel River,Giant Ant,42800360,,382,-,,106,106,106,106,106,106,106,106,,10,10,35,10,0,-20,0,0,,526,526,321,175,131,Immune,Immune,,1,1,1,1,1,,40,1,40,3.077,,1,1,1,1,1,1,1,1,10,1
Ainsel River,Giant Ant,42800462,,808,-,,114,114,114,114,114,114,114,114,,10,10,35,10,0,-20,0,0,,552,552,337,184,138,Immune,Immune,,1,1,1,1,1,,40,1,40,3.077,,1,1,1,1,1,1,1,1,1.5,0
Ainsel River,Giant Ant,42800862,,808,-,,114,114,114,114,114,114,114,114,,10,10,35,10,0,-20,0,0,,552,552,337,184,138,Immune,Immune,,1,1,1,1,1,,40,1,40,3.077,,1,1,1,1,1,1,1,1,1.5,0
Ainsel River,Giant Ant,42801162,,"1,163",-,,114,114,114,114,114,114,114,114,,23.5,23.5,44.75,23.5,15,-2,15,15,,552,552,337,184,138,Immune,Immune,,1,1,1,1,1,,40,1,40,3.077,,1,1,1,1,1,1,1,1,1.5,0
Ainsel River,Giant Ant (Sac),42810062,,"1,348",-,,114,114,114,114,114,114,114,114,,10,10,10,10,0,0,-42,0,,184,184,184,184,184,Immune,Immune,,1,1,1,1,1,,65,1,65,5,,0.2,1,1,1,1,1,1,1,1.5,1
Ainsel River,Giant Miranda Sprout,44800162,,"7,998",-,,114,114,114,114,114,114,114,114,,0,35,-40,0,0,40,40,40,,"1,188",552,552,138,245,Immune,Immune,,1,1,1,1,1,,100,1,100,7.692,,1,1,1,1,1,1,1,1,1.5,1
Ainsel River,Hermit Merchant,32002860,,"2,503",-,,106,106,106,106,106,106,106,106,,-10,0,-10,-10,0,0,0,0,,233,233,233,321,Immune,Immune,Immune,,1,1,1,1,1,,30,1,30,2.308,,1,1,1,1,1,1,1,1,1.5,0
Ainsel River,Kindred of Rot,38100062,,"1,291",-,,114,114,114,114,114,114,114,114,,0,0,10,0,0,-20,0,0,,552,Immune,184,184,184,Immune,Immune,,1,1,1,1,1,,30,1,30,2.308,,1,1,1,1,1,1,1,1,1.5,0
Ainsel River,Miniature Ranni Dialogue (After Defeating Baleful Shadow),501060462,,"7,998",-,,114,114,114,114,114,114,114,114,,0,0,0,0,0,0,0,0,,Immune,Immune,Immune,Immune,Immune,Immune,Immune,,1,1,1,1,1,,-1,1,∞,0,,1,1,1,1,1,1,1,1,1.5,0
Ainsel River,Miniature Ranni Dialogue (Unused),501060062,,"7,998",-,,114,114,114,114,114,114,114,114,,0,0,0,0,0,0,0,0,,Immune,Immune,Immune,Immune,Immune,Immune,Immune,,1,1,1,1,1,,-1,1,∞,0,,1,1,1,1,1,1,1,1,1.5,0
Ainsel River,Miniature Ranni Dialogue (Unused),501060162,,"7,998",-,,114,114,114,114,114,114,114,114,,0,0,0,0,0,0,0,0,,Immune,Immune,Immune,Immune,Immune,Immune,Immune,,1,1,1,1,1,,-1,1,∞,0,,1,1,1,1,1,1,1,1,1.5,0
Ainsel River,Miniature Ranni Dialogue (Unused),501060262,,"7,998",-,,114,114,114,114,114,114,114,114,,0,0,0,0,0,0,0,0,,Immune,Immune,Immune,Immune,Immune,Immune,Immune,,1,1,1,1,1,,-1,1,∞,0,,1,1,1,1,1,1,1,1,1.5,0
Ainsel River,Miniature Ranni Dialogue (Unused),501060362,,"7,998",-,,114,114,114,114,114,114,114,114,,0,0,0,0,0,0,0,0,,Immune,Immune,Immune,Immune,Immune,Immune,Immune,,1,1,1,1,1,,-1,1,∞,0,,1,1,1,1,1,1,1,1,1.5,0
Ainsel River,Miranda Sprout,44810162,,490,-,,114,114,114,114,114,114,114,114,,-10,10,-40,-10,-20,40,20,20,,"1,188",552,552,138,245,Immune,Immune,,1,1,1,1,1,,30,1,30,2.308,,1,1,1,1,1,1,1,1,1.5,1
Ainsel River,Nox Priest,33000062,,"1,398",-,,114,114,114,114,114,114,114,114,,0,0,-10,0,20,0,0,-20,,337,337,337,337,245,Immune,Immune,,1,1,1,1,1,,65,1,65,5,,1,1,1,1,1,1,1,1,1.5,0
Ainsel River,Nox Priest,33002062,,"1,398",-,,114,114,114,114,114,114,114,114,,0,0,-10,0,20,0,0,-20,,337,337,337,337,245,Immune,Immune,,1,1,1,1,1,,65,1,65,5,,1,1,1,1,1,1,1,1,1.5,0
Ainsel River,Nox Swordstress,33001062,,"1,398",-,,114,114,114,114,114,114,114,114,,0,0,-10,0,20,0,0,-20,,337,337,337,337,245,Immune,Immune,,1,1,1,1,1,,65,1,65,5,,1,1,1,1,1,1,1,1,1.5,0
Ainsel River,Onyx Lord,36000062,,"3,114",-,,114,114,114,114,114,114,114,114,,10,10,10,10,20,20,20,20,,337,337,337,Immune,245,Immune,Immune,,1,1,1,1,1,,65,1,65,5,,1,1,1,1,1,1,1,1,1.5,0
Ainsel River,Silver Tear,33200062,,457,-,,114,114,114,114,114,114,114,114,,35,35,35,35,20,40,0,20,,Immune,Immune,Immune,552,Immune,Immune,Immune,,1,1,1,1,1,,65,1,65,5,,1,1,1,1,1,1,1,1,1.5,0
Ainsel River,Silver Tear,33200162,,457,-,,114,114,114,114,114,114,114,114,,35,35,35,35,20,40,0,20,,Immune,Immune,Immune,552,Immune,Immune,Immune,,1,1,1,1,1,,65,1,65,5,,1,1,1,1,1,1,1,1,1.5,0
Ainsel River,Silver Tear,33200262,,457,-,,114,114,114,114,114,114,114,114,,35,35,35,35,20,40,0,20,,Immune,Immune,Immune,552,Immune,Immune,Immune,,1,1,1,1,1,,65,1,65,5,,1,1,1,1,1,1,1,1,1.5,0
Ainsel River,Silver Tear,33201062,,457,-,,114,114,114,114,114,114,114,114,,35,35,35,35,20,40,0,20,,Immune,Immune,Immune,552,Immune,Immune,Immune,,1,1,1,1,1,,65,1,65,5,,1,1,1,1,1,1,1,1,1.5,0
Ainsel River,Silver Tear,33202062,,457,-,,114,114,114,114,114,114,114,114,,35,35,35,35,20,40,-100,20,,Immune,Immune,Immune,552,Immune,Immune,Immune,,1,1,1,1,1,,65,1,65,5,,1,1,1,1,1,1,1,1,1.5,0
Ainsel River,Silver Tear,33202262,,457,-,,114,114,114,114,114,114,114,114,,35,35,35,35,20,40,-100,20,,Immune,Immune,Immune,552,Immune,Immune,Immune,,1,1,1,1,1,,65,1,65,5,,1,1,1,1,1,1,1,1,1.5,0
Ainsel River,Silver Tear Boulder,33300662,,"2,277",-,,114,114,114,114,114,114,114,114,,35,10,35,35,20,40,0,20,,Immune,Immune,Immune,552,Immune,Immune,Immune,,1,1,1,1,1,,80,1,80,6.154,,1,1,1,1,1,1,1,1,1.5,0
Ainsel River,Silver Tear Boulder,33300762,,"2,277",-,,114,114,114,114,114,114,114,114,,35,10,35,35,20,40,0,20,,Immune,Immune,Immune,552,Immune,Immune,Immune,,1,1,1,1,1,,80,1,80,6.154,,1,1,1,1,1,1,1,1,1.5,0
Ainsel River,Silver Tear Boulder,33300862,,"2,277",-,,114,114,114,114,114,114,114,114,,35,10,35,35,20,40,0,20,,Immune,Immune,Immune,552,Immune,Immune,Immune,,1,1,1,1,1,,80,1,80,6.154,,1,1,1,1,1,1,1,1,1.5,0
Ainsel River,Snail,41400062,,519,-,,114,114,114,114,114,114,114,114,,-10,-10,-40,-10,-20,-20,-20,-20,,184,184,184,138,138,Immune,Immune,,1,1,1,1,1,,30,1,30,2.308,,1,1,1,1,1,1,1,1,1.5,0
Ainsel River,Starcaller,43800062,,668,-,,114,114,114,114,114,114,114,114,,-10,-10,-10,-10,0,0,0,0,,138,138,184,184,245,Immune,Immune,,1,1,1,1,1,,30,1,30,2.308,,1,1,1,1,1,1,1,1,1.5,0
Ainsel River,Stone Teardrop Scarab,41915062,,635,-,,114,114,114,114,114,114,114,114,,10,10,35,35,40,40,40,40,,Immune,Immune,Immune,Immune,Immune,Immune,Immune,,1,1,1,1,1,,30,1,30,2.308,,1,1,1,1,1,1,1,1,1.5,0
Ainsel River,Ulcerated Tree Spirit,46400162,,"11,191",-,,114,114,114,114,114,114,114,114,,0,0,0,0,20,-20,20,40,,"1,188","1,188",552,245,Immune,Immune,Immune,,1,1,1,1,1,,120,1,120,9.231,,1.5,1,1,1,1,1,1,1,1.5,1
Ainsel River - Boss,"Astel, Naturalborn of the Void [Boss]",46200062,,"11,170",-,,114,114,114,114,114,114,114,114,,10,10,10,10,40,40,40,40,,552,552,552,Immune,Immune,Immune,Immune,,0.7,1,1,1,1,,120,1,120,9.231,,1.2,0.8,0.8,0.6,1,1,1,1,1.5,1
"Altus Plateau - Abandoned Coffin, Ruin-Strewn Precipice Exit",Ancient Dragon Lansseax [Boss],45102030,,"9,087",-,,115,115,115,115,115,115,115,115,,35,35,35,10,40,40,80,40,,556,556,556,556,Immune,Immune,Immune,,0.7,0.7,1,1,1,,120,0.2,600,9.231,,2,1,1,1,1,1,1,1,2,1
"Altus Plateau - Abandoned Coffin, Ruin-Strewn Precipice Exit",Ash Teardrop Scarab,41912030,,413,-,,110,110,110,110,110,110,110,110,,10,10,35,35,40,40,40,40,,Immune,Immune,Immune,Immune,Immune,Immune,Immune,,1,1,1,1,1,,30,1,30,2.308,,1,1,1,1,1,1,1,1,1.5,0
"Altus Plateau - Abandoned Coffin, Ruin-Strewn Precipice Exit",Grey Wolf,40700030,,209,-,,110,110,110,110,110,110,110,110,,-10,-10,-40,-10,-20,-40,-20,-20,,179,179,179,329,179,Immune,Immune,,1,1,1,1,1,,30,1,30,2.308,,1,1,1,1,1,1,1,1,1.5,0
"Altus Plateau - Abandoned Coffin, Ruin-Strewn Precipice Exit",Jellyfish,41800030,,599,-,,110,110,110,110,110,110,110,110,,0,35,0,0,20,20,-20,0,,Immune,Immune,Immune,Immune,Immune,Immune,Immune,,1,1,1,1,1,,30,1,30,2.308,,1,1,1,1,1,1,1,1,1.5,0
"Altus Plateau - Abandoned Coffin, Ruin-Strewn Precipice Exit",Omen Monstrosity (Axe),21401030,,"2,424",-,,110,110,110,110,110,110,110,110,,0,0,-10,0,0,0,0,20,,239,239,239,239,239,Immune,Immune,,1,1,1,1,1,,65,1,65,5,,1,1,1,1,1,1,1,1,1.5,0
"Altus Plateau - Abandoned Coffin, Ruin-Strewn Precipice Exit",Omen Monstrosity (Curved Sword),21400030,,"2,424",-,,110,110,110,110,110,110,110,110,,0,0,-10,0,0,0,0,20,,239,239,239,239,239,Immune,Immune,,1,1,1,1,1,,65,1,65,5,,1,1,1,1,1,1,1,1,1.5,0
"Altus Plateau - Abandoned Coffin, Ruin-Strewn Precipice Exit",Turtle,60900030,,378,-,,100,100,100,100,100,100,100,100,,35,0,35,0,-40,-100,-40,-40,,63,63,63,63,63,Immune,Immune,,1,1,1,1,1,,-1,1,∞,0,,2,1,1,1,1,1,1,1,1.5,1
Altus Plateau - Altus Highway Junction,Demi-Human Shaman,41109030,,"1,610",-,,110,110,110,110,110,110,110,110,,-10,-10,-40,-10,-20,-20,-20,-20,,179,179,179,179,179,Immune,Immune,,1,1,1,1,1,,30,1,30,2.308,,1,1,1,1,1,1,1,1,1.5,0
Altus Plateau - Altus Highway Junction,Giant Ballista,81010030,,"1,825",-,,110,110,110,110,110,110,110,110,,0,-10,10,10,0,-20,0,0,,Immune,Immune,Immune,Immune,Immune,Immune,Immune,,1,1,1,1,1,,-1,1,∞,504.95,,1,1,1,1,1,1,1,1,1.5,0
Altus Plateau - Altus Highway Junction,Leyndell Foot Soldier,43730530,,395,-,,110,110,110,110,110,110,110,110,,0,0,0,-10,0,0,20,0,,134,134,179,179,179,Immune,Immune,,1,1,1,1,1,,30,1,30,2.308,,1,1,1,1,1,1,1,1,1.5,0
Altus Plateau - Altus Highway Junction,Leyndell Foot Soldier,43731530,,395,-,,110,110,110,110,110,110,110,110,,0,0,0,-10,0,0,20,0,,134,134,179,179,179,Immune,Immune,,1,1,1,1,1,,30,1,30,2.308,,1,1,1,1,1,1,1,1,1.5,0
Altus Plateau - Altus Highway Junction,Leyndell Foot Soldier,43734030,,292,-,,110,110,110,110,110,110,110,110,,0,0,0,-10,0,0,20,0,,134,134,179,179,179,Immune,Immune,,1,1,1,1,1,,30,1,30,2.308,,1,1,1,1,1,1,1,1,1.5,0
Altus Plateau - Altus Highway Junction,Leyndell Knight,43531130,,"1,548",-,,110,110,110,110,110,110,110,110,,10,10,35,0,20,20,40,20,,239,239,329,329,239,Immune,Immune,,1,1,1,1,1,,65,1,65,5,,1,1,1,1,1,1,1,1,1.5,0
Altus Plateau - Altus Highway Junction,Leyndell Knight's Horse,43630030,,"1,204",-,,110,110,110,110,110,110,110,110,,0,0,-10,0,0,0,20,20,,239,239,239,239,239,Immune,Immune,,1,1,1,1,1,,65,1,65,5,,1,1,1,1,1,1,1,1,1.5,0
Altus Plateau - Altus Highway Junction,Leyndell Soldier,43131030,,516,-,,110,110,110,110,110,110,110,110,,0,0,10,-10,0,0,0,20,,179,179,239,239,239,Immune,Immune,,1,1,1,1,1,,30,1,30,2.308,,1,1,1,1,1,1,1,1,1.5,0
Altus Plateau - Altus Highway Junction,Leyndell Soldier,43131130,,516,-,,110,110,110,110,110,110,110,110,,0,0,10,-10,0,0,0,20,,179,179,239,239,239,Immune,Immune,,1,1,1,1,1,,30,1,30,2.308,,1,1,1,1,1,1,1,1,1.5,0
Altus Plateau - Altus Highway Junction,Mad Pumpkin Head (Hammer),43401130,,"1,564",-,,110,110,110,110,110,110,110,110,,0,10,-10,0,0,0,-20,0,,239,239,179,179,329,Immune,Immune,,1,1,1,1,1,,65,1,65,5,,1,1,1,1,1,1,1,1,0.2,1
Altus Plateau - Altus Highway Junction,Night's Cavalry (Flail) [Boss],31501030,,"3,725",-,,113,113,113,113,113,113,113,113,,35,35,35,10,40,40,20,40,,334,334,548,548,Immune,Immune,Immune,,0.7,0.7,1,1,1,,80,1,80,6.154,,1,1,1,1,1,1,1,1,1.5,0
Altus Plateau - Altus Highway Junction,Night's Cavalry Horse,31600030,,"4,032",-,,113,113,113,113,113,113,113,113,,10,10,0,10,20,20,20,20,,334,334,334,334,Immune,Immune,Immune,,0.7,0.7,1,1,1,,80,1,80,6.154,,1,1,1,1,1,1,1,1,1.5,0
Altus Plateau - Altus Highway Junction,Omen Monstrosity (Axe),21401930,,"2,424",-,,110,110,110,110,110,110,110,110,,0,0,-10,0,0,0,0,20,,239,239,239,239,239,Immune,Immune,,1,1,1,1,1,,65,1,65,5,,1,1,1,1,1,1,1,1,1.5,0
Altus Plateau - Altus Highway Junction,Omen Monstrosity (Curved Sword),21400930,,"2,424",-,,110,110,110,110,110,110,110,110,,0,0,-10,0,0,0,0,20,,239,239,239,239,239,Immune,Immune,,1,1,1,1,1,,65,1,65,5,,1,1,1,1,1,1,1,1,1.5,0
Altus Plateau - Altus Highway Junction,Wandering Noble,43000030,,228,-,,110,110,110,110,110,110,110,110,,-10,-10,-10,-10,-20,-20,-20,0,,134,134,179,179,179,Immune,Immune,,1,1,1,1,1,,30,1,30,2.308,,1,1,1,1,1,1,1,1,1.5,0
Altus Plateau - Altus Highway Junction,Wandering Noble,43002030,,228,-,,110,110,110,110,110,110,110,110,,-10,-10,-10,-10,-20,-20,-20,0,,134,134,179,179,179,Immune,Immune,,1,1,1,1,1,,30,1,30,2.308,,1,1,1,1,1,1,1,1,1.5,0
Altus Plateau - Altus Highway Junction,Wandering Noble,43005030,,228,-,,110,110,110,110,110,110,110,110,,-10,-10,-10,-10,-20,-20,-20,0,,134,134,179,179,179,Immune,Immune,,1,1,1,1,1,,30,1,30,2.308,,1,1,1,1,1,1,1,1,1.5,0
"Altus Plateau - Bower of Bounty, Writheblood Ruins",Boar,60501030,,82,-,,100,100,100,100,100,100,100,100,,-40,-40,-40,-40,-40,-100,-40,-40,,63,63,63,63,63,Immune,Immune,,1,1,1,1,1,,-1,1,∞,0,,1,1,1,1,1,1,1,1,1.5,0
"Altus Plateau - Bower of Bounty, Writheblood Ruins",Giant Living Mass,41710430,,"5,088",-,,110,110,110,110,110,110,110,110,,35,35,35,35,20,0,20,20,,539,539,134,239,Immune,Immune,Immune,,1,1,1,1,1,,180,1,180,13.846,,1,1,1,1,1,1,1,1,1.5,1
"Altus Plateau - Bower of Bounty, Writheblood Ruins",Large Rotten Dog,41640830,,908,-,,110,110,110,110,110,110,110,110,,-10,-10,-40,-10,-20,0,-20,-20,,179,179,134,239,329,Immune,Immune,,1,1,1,1,1,,30,1,30,2.308,,1,1,1,1,1,1,1,1,1.5,0
"Altus Plateau - Bower of Bounty, Writheblood Ruins",Lesser Wormface,45700030,,"1,669",-,,110,110,110,110,110,110,110,110,,0,0,-10,0,0,0,0,40,,329,329,329,329,329,Immune,Immune,,1,1,1,1,1,,65,1,65,5,,1,1,1,1,1,1,1,1,2,1
"Altus Plateau - Bower of Bounty, Writheblood Ruins",Rotten Dog,41650830,,435,-,,110,110,110,110,110,110,110,110,,-10,-10,-40,-10,-20,0,-20,-20,,179,179,134,239,329,Immune,Immune,,1,1,1,1,1,,30,1,30,2.308,,1,1,1,1,1,1,1,1,1.5,0
"Altus Plateau - Bower of Bounty, Writheblood Ruins",Sanguine Noble [Boss],35500930,,"3,128",-,,110,110,110,110,110,110,110,110,,0,0,-10,0,20,40,20,20,,239,239,179,239,329,Immune,Immune,,0.7,0.7,1,1,1,,65,1,65,5,,1,1,1,1,1,1,1,1,1.5,0
"Altus Plateau - Bower of Bounty, Writheblood Ruins",Slug (Thick Antenna),40402030,,282,-,,110,110,110,110,110,110,110,110,,-10,-10,-40,-10,-20,-20,-40,-20,,134,134,134,134,Immune,Immune,Immune,,1,1,1,1,1,,30,1,30,2.308,,1,1,1,1,1,1,1,1,1.5,1
"Altus Plateau - Bower of Bounty, Writheblood Ruins",Small Living Mass,41700130,,739,-,,110,110,110,110,110,110,110,110,,80,80,80,80,40,-40,40,40,,539,539,239,239,Immune,Immune,Immune,,1,1,1,1,1,,120,1,120,9.231,,1,1,1,1,1,1,1,1,1.5,1
"Altus Plateau - Bower of Bounty, Writheblood Ruins",Stone Teardrop Scarab,41915030,,413,-,,110,110,110,110,110,110,110,110,,10,10,35,35,40,40,40,40,,Immune,Immune,Immune,Immune,Immune,Immune,Immune,,1,1,1,1,1,,30,1,30,2.308,,1,1,1,1,1,1,1,1,1.5,0
"Altus Plateau - East Windmill Village, Highway Lookout Tower",Leyndell Soldier,43131330,,516,-,,110,110,110,110,110,110,110,110,,0,0,10,-10,0,0,0,20,,179,179,239,239,239,Immune,Immune,,1,1,1,1,1,,30,1,30,2.308,,1,1,1,1,1,1,1,1,1.5,0
"Altus Plateau - Erdtree-Gazing Hill, Lux Ruins",Ash Teardrop Scarab,41912230,,110,-,,110,110,110,110,110,110,110,110,,10,10,35,35,40,40,40,40,,Immune,Immune,Immune,Immune,Immune,Immune,Immune,,1,1,1,1,1,,30,1,30,2.308,,1,1,1,1,1,1,1,1,1.5,0
"Altus Plateau - Erdtree-Gazing Hill, Lux Ruins",Demi-Human,41000030,,319,-,,110,110,110,110,110,110,110,110,,-10,-10,-40,-10,-20,-20,-20,-20,,179,179,179,239,179,Immune,Immune,,1,1,1,1,1,,30,1,30,2.308,,1,1,1,1,1,1,1,1,1.5,0
"Altus Plateau - Erdtree-Gazing Hill, Lux Ruins",Demi-Human,41001030,,319,-,,110,110,110,110,110,110,110,110,,-10,-10,-40,-10,-20,-20,-20,-20,,179,179,179,239,179,Immune,Immune,,1,1,1,1,1,,30,1,30,2.308,,1,1,1,1,1,1,1,1,1.5,0
"Altus Plateau - Erdtree-Gazing Hill, Lux Ruins",Demi-Human,41002030,,319,-,,110,110,110,110,110,110,110,110,,-10,-10,-40,-10,-20,-20,-20,-20,,179,179,179,239,179,Immune,Immune,,1,1,1,1,1,,30,1,30,2.308,,1,1,1,1,1,1,1,1,1.5,0
"Altus Plateau - Erdtree-Gazing Hill, Lux Ruins",Demi-Human Beastman,41200030,,"1,435",-,,110,110,110,110,110,110,110,110,,-10,-10,-40,-10,-20,-20,-20,-20,,179,179,239,239,179,Immune,Immune,,1,1,1,1,1,,65,1,65,5,,1,1,1,1,1,1,1,1,1.5,0
"Altus Plateau - Erdtree-Gazing Hill, Lux Ruins",Demi-Human Queen [Boss],41301030,,"3,284",-,,110,110,110,110,110,110,110,110,,0,0,-10,0,0,-20,0,0,,179,179,239,239,239,Immune,Immune,,0.7,0.7,0.7,1,1,,80,1,80,6.154,,1,1,1,1,1,1,1,1,1.5,0
"Altus Plateau - Erdtree-Gazing Hill, Lux Ruins",Demi-Human Shaman,41100030,,228,-,,110,110,110,110,110,110,110,110,,-10,-10,-40,-10,-20,-20,-20,-20,,179,179,179,179,179,Immune,Immune,,1,1,1,1,1,,30,1,30,2.308,,1,1,1,1,1,1,1,1,1.5,0
"Altus Plateau - Erdtree-Gazing Hill, Lux Ruins",Large Demi-Human,41010030,,626,-,,110,110,110,110,110,110,110,110,,-10,-10,-40,-10,-20,-20,-20,-20,,179,179,179,239,179,Immune,Immune,,1,1,1,1,1,,30,1,30,2.308,,1,1,1,1,1,1,1,1,1.5,0
"Altus Plateau - Erdtree-Gazing Hill, Lux Ruins",Leyndell Foot Soldier,43732530,,395,-,,110,110,110,110,110,110,110,110,,0,0,0,-10,0,0,20,0,,134,134,179,179,179,Immune,Immune,,1,1,1,1,1,,30,1,30,2.308,,1,1,1,1,1,1,1,1,1.5,0
"Altus Plateau - Erdtree-Gazing Hill, Lux Ruins",Wandering Noble,43006030,,228,-,,110,110,110,110,110,110,110,110,,-10,-10,-10,-10,-20,-20,-20,0,,134,134,179,179,179,Immune,Immune,,1,1,1,1,1,,30,1,30,2.308,,1,1,1,1,1,1,1,1,1.5,0
"Altus Plateau - Erdtree-Gazing Hill, Lux Ruins",Wandering Noble,43006230,,228,-,,110,110,110,110,110,110,110,110,,-10,-10,-10,-10,-20,-20,-20,0,,134,134,179,179,179,Immune,Immune,,1,1,1,1,1,,30,1,30,2.308,,1,1,1,1,1,1,1,1,1.5,0
"Altus Plateau - Forest-Spanning Greatbridge, St. Trina's Hideaway, Sainted Hero's Grave Entrance",Black Knife Assassin [Boss],21000830,,"5,413",-,,113,113,113,113,113,113,113,113,,10,10,10,35,20,20,20,40,,Immune,Immune,Immune,334,Immune,Immune,Immune,,1,0.7,1,1,1,,80,1,80,6.154,,1,1,1,1,1,1,1,1,1.5,0
"Altus Plateau - Forest-Spanning Greatbridge, St. Trina's Hideaway, Sainted Hero's Grave Entrance",Finger Reader Crone,21601030,,"2,424",-,,110,110,110,110,110,110,110,110,,0,0,0,0,0,-20,0,0,,239,239,239,239,Immune,Immune,Immune,,1,1,1,1,1,,-1,1,∞,0,,1,1,1,1,1,1,1,1,1.5,0
"Altus Plateau - Forest-Spanning Greatbridge, St. Trina's Hideaway, Sainted Hero's Grave Entrance",Nomadic Merchant,32002030,,"3,446",-,,110,110,110,110,110,110,110,110,,-10,0,-10,-10,0,0,0,0,,239,239,239,329,Immune,Immune,Immune,,1,1,1,1,1,,30,1,30,2.308,,1,1,1,1,1,1,1,1,1.5,0
"Altus Plateau - Forest-Spanning Greatbridge, St. Trina's Hideaway, Sainted Hero's Grave Entrance",Small Land Octopus,42300830,,309,-,,110,110,110,110,110,110,110,110,,0,10,0,0,-20,-20,-40,-20,,179,179,179,42,134,Immune,Immune,,1,1,1,1,1,,30,1,30,2.308,,1,1,1,1,1,1,1,1,1.5,0
"Altus Plateau - Forest-Spanning Greatbridge, St. Trina's Hideaway, Sainted Hero's Grave Entrance",White Wolf,40710030,,"1,099",-,,110,110,110,110,110,110,110,110,,-10,-10,-40,-10,-20,-40,-20,-20,,179,179,179,329,179,Immune,Immune,,1,1,1,1,1,,50,1,50,3.846,,1,1,1,1,1,1,1,1,1.5,0
Altus Plateau - Golden Lineage Evergaol,Deer,60100030,,55,-,,100,100,100,100,100,100,100,100,,-40,-40,-40,-40,-40,-100,-40,-40,,63,63,63,63,63,Immune,Immune,,1,1,1,1,1,,-1,1,∞,0,,1,1,1,1,1,1,1,1,1.5,0
Altus Plateau - Golden Lineage Evergaol,Godefroy the Grafted [Boss],47500030,,"12,419",-,,113,113,113,113,113,113,113,113,,0,0,0,0,20,20,20,40,,334,334,334,334,334,Immune,Immune,,0.7,0.7,1,1,1,,105,1,105,8.077,,1,1,1,1,1,1,1,1,1.5,1
Altus Plateau - Golden Lineage Evergaol,Lookout Stone,44300030,,467,-,,110,110,110,110,110,110,110,110,,35,10,35,35,40,40,40,40,,Immune,Immune,Immune,Immune,Immune,Immune,Immune,,1,1,1,1,1,,30,1,30,2.308,,1,1,1,1,1,1,1,1,2,0
Altus Plateau - Golden Lineage Evergaol,Vulgar Militia (Saw),43210030,,411,-,,110,110,110,110,110,110,110,110,,0,0,0,-10,0,0,-20,0,,Immune,179,239,179,239,Immune,Immune,,1,1,1,1,1,,30,1,30,2.308,,1,1,1,1,1,1,1,1,1.5,0
Altus Plateau - Golden Lineage Evergaol,Vulgar Militia (Shotel),43211030,,411,-,,110,110,110,110,110,110,110,110,,0,0,0,-10,0,0,-20,0,,Immune,179,239,179,239,Immune,Immune,,1,1,1,1,1,,30,1,30,2.308,,1,1,1,1,1,1,1,1,1.5,0
Altus Plateau - Golden Lineage Evergaol,Winged Misbegotten,34501030,,516,-,,110,110,110,110,110,110,110,110,,0,0,0,0,0,-20,0,0,,239,239,239,239,239,Immune,Immune,,1,1,1,1,1,,30,1,30,2.308,,1,1,1,1,1,1,1,1,1.5,0
Altus Plateau - Golden Lineage Evergaol,Winged Misbegotten,34502030,,516,-,,110,110,110,110,110,110,110,110,,0,0,0,0,0,-20,0,0,,239,239,239,239,239,Immune,Immune,,1,1,1,1,1,,30,1,30,2.308,,1,1,1,1,1,1,1,1,1.5,0
Altus Plateau - Mirage Rise; Mt. Gelmir - Bridge of Iniquity,Boar,60500030,,82,-,,100,100,100,100,100,100,100,100,,-40,-40,-40,-40,-40,-100,-40,-40,,63,63,63,63,63,Immune,Immune,,1,1,1,1,1,,-1,1,∞,0,,1,1,1,1,1,1,1,1,1.5,0
Altus Plateau - Mirage Rise; Mt. Gelmir - Bridge of Iniquity,Lesser Wormface,45702030,,"1,669",-,,110,110,110,110,110,110,110,110,,0,0,-10,0,0,0,0,40,,329,329,329,329,329,Immune,Immune,,1,1,1,1,1,,65,1,65,5,,1,1,1,1,1,1,1,1,2,1
Altus Plateau - Mirage Rise; Mt. Gelmir - Bridge of Iniquity,Leyndell Foot Soldier,43730030,,395,-,,110,110,110,110,110,110,110,110,,0,0,0,-10,0,0,20,0,,134,134,179,179,179,Immune,Immune,,1,1,1,1,1,,30,1,30,2.308,,1,1,1,1,1,1,1,1,1.5,0
Altus Plateau - Mirage Rise; Mt. Gelmir - Bridge of Iniquity,Leyndell Soldier,43130332,,624,-,,111,111,111,111,111,111,111,111,,0,0,10,-10,0,0,0,20,,181,181,241,241,241,Immune,Immune,,1,1,1,1,1,,30,1,30,2.308,,1,1,1,1,1,1,1,1,1.5,0
Altus Plateau - Mirage Rise; Mt. Gelmir - Bridge of Iniquity,Mad Pumpkin Head (Hammer),43401030,,"1,564",-,,110,110,110,110,110,110,110,110,,0,10,-10,0,0,0,-20,0,,239,239,179,179,329,Immune,Immune,,1,1,1,1,1,,65,1,65,5,,1,1,1,1,1,1,1,1,0.2,1
Altus Plateau - Mirage Rise; Mt. Gelmir - Bridge of Iniquity,Vulgar Militia (Chain),43212030,,411,-,,110,110,110,110,110,110,110,110,,0,0,0,-10,0,0,-20,0,,Immune,179,239,179,239,Immune,Immune,,1,1,1,1,1,,30,1,30,2.308,,1,1,1,1,1,1,1,1,1.5,0
Altus Plateau - Mirage Rise; Mt. Gelmir - Bridge of Iniquity,Wandering Noble,43004130,,228,-,,110,110,110,110,110,110,110,110,,-10,-10,-10,-10,-20,-20,-20,0,,134,134,179,179,179,Immune,Immune,,1,1,1,1,1,,30,1,30,2.308,,1,1,1,1,1,1,1,1,1.5,0
Altus Plateau - Mirage Rise; Mt. Gelmir - Bridge of Iniquity,Wandering Noble,43006630,,228,-,,110,110,110,110,110,110,110,110,,-10,-10,-10,-10,-20,-20,-20,0,,134,134,179,179,179,Immune,Immune,,1,1,1,1,1,,30,1,30,2.308,,1,1,1,1,1,1,1,1,1.5,0
"Altus Plateau - Perfumer's Ruins, Unsightly Catacombs Entrance",Giant Miranda Sprout,44800330,,"5,212",-,,110,110,110,110,110,110,110,110,,0,35,-40,0,0,-40,40,40,,"1,159",539,539,134,239,Immune,Immune,,1,1,1,1,1,,100,1,100,7.692,,1,1,1,1,1,1,1,1,1.5,1
"Altus Plateau - Perfumer's Ruins, Unsightly Catacombs Entrance",Goat,60600030,,55,-,,100,100,100,100,100,100,100,100,,-40,-40,-40,-40,-40,-100,-40,-40,,63,63,63,63,63,Immune,Immune,,1,1,1,1,1,,-1,1,∞,0,,1,1,1,1,1,1,1,1,1.5,0
"Altus Plateau - Perfumer's Ruins, Unsightly Catacombs Entrance",Hawk,60010030,,27,-,,100,100,100,100,100,100,100,100,,-40,-40,-40,-40,-40,-100,-40,-40,,63,63,63,63,63,Immune,Immune,,1,1,1,1,1,,-1,1,∞,0,,1,1,1,1,1,1,1,1,1.5,0
"Altus Plateau - Perfumer's Ruins, Unsightly Catacombs Entrance",Miranda Sprout,44810330,,319,-,,110,110,110,110,110,110,110,110,,-10,10,-40,-10,-20,-40,20,20,,"1,159",539,539,134,239,Immune,Immune,,1,1,1,1,1,,30,1,30,2.308,,1,1,1,1,1,1,1,1,1.5,1
"Altus Plateau - Perfumer's Ruins, Unsightly Catacombs Entrance",Miranda Sprout,44810830,,319,-,,110,110,110,110,110,110,110,110,,-10,10,-40,-10,-20,-40,20,20,,"1,159",539,539,134,239,Immune,Immune,,1,1,1,1,1,,30,1,30,2.308,,1,1,1,1,1,1,1,1,1.5,1
"Altus Plateau - Perfumer's Ruins, Unsightly Catacombs Entrance",Miranda Sprout,44811830,,319,-,,110,110,110,110,110,110,110,110,,-10,10,-40,-10,-20,-40,20,20,,"1,159",539,539,134,239,Immune,Immune,,1,1,1,1,1,,-1,1,∞,0,,1,1,1,1,1,1,1,1,1.5,1
"Altus Plateau - Perfumer's Ruins, Unsightly Catacombs Entrance",Omenkiller,48208030,,"1,153",-,,110,110,110,110,110,110,110,110,,0,0,0,0,20,40,20,20,,539,539,239,239,179,Immune,Immune,,1,1,1,1,1,,75,1,75,5.769,,1,1,1,1,1,1,1,1,1.5,0
"Altus Plateau - Perfumer's Ruins, Unsightly Catacombs Entrance",Springhare,61000030,,27,-,,100,100,100,100,100,100,100,100,,-40,-40,-40,-40,-40,-100,-40,-40,,63,63,63,63,63,Immune,Immune,,1,1,1,1,1,,-1,1,∞,0,,1,1,1,1,1,1,1,1,1.5,0
"Altus Plateau - Perfumer's Ruins, Unsightly Catacombs Entrance",White Veil Perfumer,37010830,,494,-,,110,110,110,110,110,110,110,110,,0,10,0,0,40,40,40,0,,539,539,179,179,179,Immune,Immune,,1,1,1,1,1,,65,1,65,5,,1,1,1,1,1,1,1,1,1.5,0
"Altus Plateau - Rampartside Path, Altus Tunnel Entrance",Goat,60603030,,82,-,,100,100,100,100,100,100,100,100,,-40,-40,-40,-40,-40,-100,20,-40,,63,63,63,63,63,Immune,Immune,,1,1,1,1,1,,-1,1,∞,0,,1,1,1,1,1,1,1,1,1.5,0
"Altus Plateau - Rampartside Path, Altus Tunnel Entrance",Goat,60604030,,82,-,,100,100,100,100,100,100,100,100,,-40,-40,-40,-40,-40,-100,20,-40,,63,63,63,63,63,Immune,Immune,,1,1,1,1,1,,-1,1,∞,0,,1,1,1,1,1,1,1,1,1.5,0
"Altus Plateau - Rampartside Path, Altus Tunnel Entrance",Leyndell Knight,43531030,,"1,548",-,,110,110,110,110,110,110,110,110,,10,10,35,0,20,20,40,20,,239,239,329,329,239,Immune,Immune,,1,1,1,1,1,,65,1,65,5,,1,1,1,1,1,1,1,1,1.5,0
"Altus Plateau - Rampartside Path, Altus Tunnel Entrance",Wandering Noble,43007130,,228,-,,110,110,110,110,110,110,110,110,,-10,-10,-10,-10,-20,-20,-20,0,,Immune,Immune,Immune,Immune,Immune,Immune,Immune,,1,1,1,1,1,,30,1,30,2.308,,1,1,1,1,1,1,1,1,1.5,0
Altus Plateau - Road of Iniquity Side Path,Incantation Teardrop Scarab,41914030,,413,-,,110,110,110,110,110,110,110,110,,10,10,35,35,40,40,40,40,,Immune,Immune,Immune,Immune,Immune,Immune,Immune,,1,1,1,1,1,,30,1,30,2.308,,1,1,1,1,1,1,1,1,1.5,0
Altus Plateau - Road of Iniquity Side Path,Mad Pumpkin Head (Flail),43400030,,"1,564",-,,110,110,110,110,110,110,110,110,,0,10,-10,0,0,0,-20,0,,239,239,179,179,329,Immune,Immune,,1,1,1,1,1,,65,1,65,5,,1,1,1,1,1,1,1,1,0.2,1
Altus Plateau - Road of Iniquity Side Path,Sunflower Commoner,36660030,,"2,800",-,,110,110,110,110,110,110,110,110,,-10,-10,-10,-10,-20,-20,-20,0,,Immune,Immune,Immune,Immune,Immune,Immune,Immune,,1,1,1,1,1,,30,1,30,2.308,,1,1,1,1,1,1,1,1,1.5,0
Altus Plateau - Road of Iniquity Side Path,Wandering Noble,43003030,,228,-,,110,110,110,110,110,110,110,110,,-10,-10,-10,-10,-20,-20,-20,0,,134,134,179,179,179,Immune,Immune,,1,1,1,1,1,,30,1,30,2.308,,1,1,1,1,1,1,1,1,1.5,0
Altus Plateau - Road of Iniquity Side Path,Wandering Noble,43004030,,228,-,,110,110,110,110,110,110,110,110,,-10,-10,-10,-10,-20,-20,-20,0,,134,134,179,179,179,Immune,Immune,,1,1,1,1,1,,30,1,30,2.308,,1,1,1,1,1,1,1,1,1.5,0
Altus Plateau - Second Church of Marika,Crab,22710030,,75,-,,110,110,110,110,110,110,110,110,,10,-40,10,10,0,0,0,0,,179,179,239,134,134,Immune,Immune,,1,1,1,1,1,,30,1,30,2.308,,1,1,1,1,1,1,1,1,1.5,0
Altus Plateau - Second Church of Marika,Giant Crab,22700030,,959,-,,110,110,110,110,110,110,110,110,,35,0,35,35,20,20,20,20,,329,329,329,179,179,Immune,Immune,,1,1,1,1,1,,80,1,80,6.154,,1,1,1,1,1,1,1,1,1.5,0
Altus Plateau - Second Church of Marika,Imp (Cat),30800830,,462,-,,110,110,110,110,110,110,110,110,,10,0,35,35,20,40,40,40,,Immune,Immune,Immune,Immune,Immune,Immune,Immune,,1,1,1,1,1,,30,1,30,2.308,,1,1,1,1,1,1,1,1,1.5,0
Altus Plateau - Second Church of Marika,Owl,60400030,,27,-,,100,100,100,100,100,100,100,100,,-40,-40,-40,-40,-40,-100,-40,-40,,63,63,63,63,63,Immune,Immune,,1,1,1,1,1,,-1,1,∞,0,,1,1,1,1,1,1,1,1,1.5,0
Altus Plateau - Second Church of Marika,Rotten Dog,41650030,,435,-,,110,110,110,110,110,110,110,110,,-10,-10,-40,-10,-20,0,-20,-20,,179,179,134,239,329,Immune,Immune,,1,1,1,1,1,,30,1,30,2.308,,1,1,1,1,1,1,1,1,1.5,0
Altus Plateau - Second Church of Marika,Sanguine Noble,35500030,,"1,564",-,,110,110,110,110,110,110,110,110,,0,0,-10,0,20,40,20,20,,239,239,179,239,329,Immune,Immune,,1,1,1,1,1,,65,1,65,5,,1,1,1,1,1,1,1,1,1.5,0
Altus Plateau - Second Church of Marika,Troll Knight,46001130,,"4,249",-,,110,110,110,110,110,110,110,110,,0,0,-10,0,0,0,0,0,,239,239,239,329,42,Immune,Immune,,1,1,1,1,1,,45,1,45,3.462,,1,1,1,1,1,1,1,1,2,1
Altus Plateau - Second Church of Marika,Wandering Noble,43001030,,228,-,,110,110,110,110,110,110,110,110,,-10,-10,-10,-10,-20,-20,-20,0,,134,134,179,179,179,Immune,Immune,,1,1,1,1,1,,30,1,30,2.308,,1,1,1,1,1,1,1,1,1.5,0
Altus Plateau - Second Church of Marika,Wandering Noble,43006130,,228,-,,110,110,110,110,110,110,110,110,,-10,-10,-10,-10,-20,-20,-20,0,,134,134,179,179,179,Immune,Immune,,1,1,1,1,1,,30,1,30,2.308,,1,1,1,1,1,1,1,1,1.5,0
Altus Plateau - Shaded Castle,Basilisk,41500031,,"1,098",-,,111,111,111,111,111,111,111,111,,-10,-10,-40,-10,-20,-20,-20,-20,,Immune,181,135,135,135,Immune,Immune,,1,1,1,1,1,,30,1,30,2.308,,1,1,1,1,1,1,1,1,1.5,0
Altus Plateau - Shaded Castle,Cleanrot Knight (Sickle),38001031,,"1,420",-,,111,111,111,111,111,111,111,111,,10,10,35,0,20,-20,0,40,,543,543,332,332,241,Immune,Immune,,1,1,1,1,1,,65,1,65,5,,1,1,1,1,1,1,1,1,1.5,0
Altus Plateau - Shaded Castle,Cleanrot Knight (Spear),38000031,,"1,420",-,,111,111,111,111,111,111,111,111,,10,10,35,0,20,-20,0,40,,543,543,332,332,241,Immune,Immune,,1,1,1,1,1,,65,1,65,5,,1,1,1,1,1,1,1,1,1.5,0
Altus Plateau - Shaded Castle,Depraved Perfumer,37000031,,"1,394",-,,111,111,111,111,111,111,111,111,,0,10,0,0,20,20,20,20,,543,543,181,241,241,Immune,Immune,,1,1,1,1,1,,65,1,65,5,,1,1,1,1,1,1,1,1,1.5,0
Altus Plateau - Shaded Castle,Depraved Perfumer,37001031,,"1,394",-,,111,111,111,111,111,111,111,111,,0,10,0,0,20,20,20,20,,543,543,181,241,241,Immune,Immune,,1,1,1,1,1,,65,1,65,5,,1,1,1,1,1,1,1,1,1.5,0
Altus Plateau - Shaded Castle,Elemer of the Briar [Boss],31000931,,"4,897",-,,111,111,111,111,111,111,111,111,,35,35,35,10,40,40,20,40,,332,332,543,543,332,Immune,Immune,,0.7,0.7,1,1,1,,80,1,80,6.154,,1,1,1,1,1,1,1,1,1.5,0
Altus Plateau - Shaded Castle,Fading Giant Miranda Sprout,44820031,,"6,301",-,,111,111,111,111,111,111,111,111,,0,35,-40,0,-20,-100,20,20,,Immune,Immune,543,135,241,Immune,Immune,,1,1,1,1,1,,100,1,100,7.692,,1,1,1,1,1,1,1,1,1.5,1
Altus Plateau - Shaded Castle,Fading Miranda Sprout,44830031,,390,-,,111,111,111,111,111,111,111,111,,-10,10,-40,-10,0,-100,40,40,,Immune,"1,169",543,135,241,Immune,Immune,,1,1,1,1,1,,30,1,30,2.308,,1,1,1,1,1,1,1,1,1.5,1
Altus Plateau - Shaded Castle,Large Starved Dog,41600031,,"1,098",-,,111,111,111,111,111,111,111,111,,-10,-10,-40,-10,-20,-40,-20,-20,,181,181,181,241,181,Immune,Immune,,1,1,1,1,1,,30,1,30,2.308,,1,1,1,1,1,1,1,1,1.5,0
Altus Plateau - Shaded Castle,Noble's Page,37030031,,"1,147",-,,111,111,111,111,111,111,111,111,,0,10,0,0,0,0,0,0,,181,181,241,241,241,Immune,Immune,,1,1,1,1,1,,65,1,65,5,,1,1,1,1,1,1,1,1,1.5,0
Altus Plateau - Shaded Castle,Putrid Corpse (Maggots),36611031,,"1,222",-,,111,111,111,111,111,111,111,111,,-40,-40,-40,-40,-40,-40,-40,-40,,Immune,241,135,135,135,Immune,Immune,,1,1,1,1,1,,50,1,50,3.846,,1,1,1,1,1,1,1,1,1.5,0
Altus Plateau - Shaded Castle,Revenant,40000031,,497,-,,111,111,111,111,111,111,111,111,,0,0,-10,0,0,0,0,40,,Immune,332,332,332,Immune,Immune,Immune,,1,1,1,1,1,,30,1,30,2.308,,1,1,1,1,1,1,1,1,1.5,0
Altus Plateau - Shaded Castle,Revenant (Horseback),40001031,,812,-,,111,111,111,111,111,111,111,111,,0,0,-10,0,0,0,0,40,,Immune,332,332,332,Immune,Immune,Immune,,1,1,1,1,1,,55,1,55,4.231,,1,1,1,1,1,1,1,1,1.5,0
Altus Plateau - Shaded Castle,Royal Revenant,40208031,,"2,206",-,,111,111,111,111,111,111,111,111,,0,0,-10,0,0,0,0,40,,332,332,332,332,Immune,Immune,Immune,,1,1,1,1,1,,70,1,70,5.385,,1,1,1,1,1,1,1,1,1.5,0
Altus Plateau - Shaded Castle,Royal Revenant,40208131,,"2,206",-,,111,111,111,111,111,111,111,111,,0,0,-10,0,0,0,0,40,,332,332,332,332,Immune,Immune,Immune,,1,1,1,1,1,,70,1,70,5.385,,1,1,1,1,1,1,1,1,1.5,0
Altus Plateau - Shaded Castle,Scarlet Putrid Corpse (Maggots),36621031,,"2,034",-,,111,111,111,111,111,111,111,111,,-40,-40,-40,-40,-40,-40,-40,-40,,Immune,241,135,135,135,Immune,Immune,,1,1,1,1,1,,55,1,55,4.231,,1,1,1,1,1,1,1,1,1.5,0
Altus Plateau - Shaded Castle,Slug,40400031,,341,-,,111,111,111,111,111,111,111,111,,-10,-10,-40,-10,-20,-20,-40,-20,,Immune,135,135,135,Immune,Immune,Immune,,1,1,1,1,1,,30,1,30,2.308,,1,1,1,1,1,1,1,1,1.5,1
Altus Plateau - Shaded Castle,Starved Dog,41610031,,526,-,,111,111,111,111,111,111,111,111,,-10,-10,-40,-10,-20,-40,-20,-20,,181,181,181,241,181,Immune,Immune,,1,1,1,1,1,,30,1,30,2.308,,1,1,1,1,1,1,1,1,1.5,0
Altus Plateau - Shaded Castle,Wandering Noble,43000131,,276,-,,111,111,111,111,111,111,111,111,,-10,-10,-10,-10,-20,-20,-20,0,,135,135,181,181,181,Immune,Immune,,1,1,1,1,1,,30,1,30,2.308,,1,1,1,1,1,1,1,1,1.5,0
Altus Plateau - Shaded Castle,Wandering Noble,43001031,,276,-,,111,111,111,111,111,111,111,111,,-10,-10,-10,-10,-20,-20,-20,0,,135,135,181,181,181,Immune,Immune,,1,1,1,1,1,,30,1,30,2.308,,1,1,1,1,1,1,1,1,1.5,0
Altus Plateau - Shaded Castle,Wandering Noble,43002031,,276,-,,111,111,111,111,111,111,111,111,,-10,-10,-10,-10,-20,-20,-20,0,,135,135,181,181,181,Immune,Immune,,1,1,1,1,1,,30,1,30,2.308,,1,1,1,1,1,1,1,1,1.5,0
Altus Plateau - Shaded Castle,Wandering Noble (Ghost),43009330,,228,-,,110,110,110,110,110,110,110,110,,-10,-10,-10,-10,-20,-20,-20,0,,Immune,Immune,Immune,Immune,Immune,Immune,Immune,,1,1,1,1,1,,30,1,30,2.308,,1,1,1,1,1,1,1,1,1.5,0
Altus Plateau - South of Tree Sentinel Duo,Fallingstar Beast [Boss],46801930,,"7,009",-,,113,113,113,113,113,113,113,113,,35,35,35,35,20,20,20,20,,548,548,Immune,Immune,Immune,Immune,Immune,,1,1,1,1,1,,100,1,100,7.692,,1,1,1,1,1,1,1,1,1.5,1
Altus Plateau - Southwest of Tree Sentinel Duo,Starcaller,43800130,,435,-,,110,110,110,110,110,110,110,110,,-10,-10,-10,-10,0,0,0,0,,134,134,179,179,239,Immune,Immune,,1,1,1,1,1,,30,1,30,2.308,,1,1,1,1,1,1,1,1,1.5,0
"Altus Plateau - Tree Sentinel Duo, Perfumer's Grotto Entrance",Goat,60603000,,82,-,,100,100,100,100,100,100,100,100,,-40,-40,-40,-40,-40,-100,20,-40,,63,63,63,63,63,Immune,Immune,,1,1,1,1,1,,-1,1,∞,0,,1,1,1,1,1,1,1,1,1.5,0
"Altus Plateau - Tree Sentinel Duo, Perfumer's Grotto Entrance",Runebear,46300030,,"6,948",-,,110,110,110,110,110,110,110,110,,0,0,-10,0,0,-20,0,0,,329,329,539,539,179,Immune,Immune,,1,1,1,1,1,,80,1,80,6.154,,1,1,1,1,1,1,1,1,1.5,0
"Altus Plateau - Tree Sentinel Duo, Perfumer's Grotto Entrance",Tree Sentinel (Torch) [Boss],32511030,,"5,384",-,,113,113,113,113,113,113,113,113,,10,10,35,10,20,40,0,40,,334,334,548,548,334,Immune,Immune,,0.7,0.7,1,1,1,,80,1,80,6.154,,1,1,1,1,1,1,1,1,1.5,0
"Altus Plateau - Tree Sentinel Duo, Perfumer's Grotto Entrance",Tree Sentinel [Boss],32510030,,"6,461",-,,113,113,113,113,113,113,113,113,,10,10,35,10,20,40,0,40,,334,334,548,548,334,Immune,Immune,,0.7,0.7,1,1,1,,80,1,80,6.154,,1,1,1,1,1,1,1,1,1.5,0
"Altus Plateau - Tree Sentinel Duo, Perfumer's Grotto Entrance",Undead Mariner,30601030,,"1,647",-,,110,110,110,110,110,110,110,110,,0,-40,10,35,0,20,40,-40,,Immune,239,Immune,Immune,Immune,Immune,Immune,,1,1,1,1,1,,55,1,55,4.231,,1,1,1,1,1,1,1,1,1.5,0
"Altus Plateau - Village Windmill Pasture, East Windmill Pasture",Dominula Celebrant,30702030,,626,-,,110,110,110,110,110,110,110,110,,-10,-10,-10,-10,0,0,0,20,,179,179,179,179,239,Immune,Immune,,1,1,1,1,1,,30,1,30,2.308,,1,1,1,1,1,1,1,1,1.5,0
"Altus Plateau - Village Windmill Pasture, East Windmill Pasture",Putrid Corpse,36612030,,"1,010",-,,110,110,110,110,110,110,110,110,,-40,-40,-40,-40,-40,80,-40,-40,,134,134,134,179,134,Immune,Immune,,1,1,1,1,1,,50,1,50,3.846,,1,1,1,1,1,1,1,1,1.5,0
"Altus Plateau - West of Tree Sentinel Duo, Stormcaller Church",Ballista,81000030,,"1,825",-,,110,110,110,110,110,110,110,110,,0,-10,10,10,0,-20,0,0,,Immune,Immune,Immune,Immune,Immune,Immune,Immune,,1,1,1,1,1,,-1,1,∞,504.95,,1,1,1,1,1,1,1,1,1.5,0
"Altus Plateau - West of Tree Sentinel Duo, Stormcaller Church",Bear,60310030,,681,-,,100,100,100,100,100,100,100,100,,-40,-40,-40,-40,-40,-100,-40,-40,,63,63,63,63,63,Immune,Immune,,1,1,1,1,1,,-1,1,∞,0,,1,1,1,1,1,1,1,1,1.5,0
"Altus Plateau - West of Tree Sentinel Duo, Stormcaller Church",Cerulean Teardrop Scarab,41911030,,413,-,,110,110,110,110,110,110,110,110,,10,10,35,35,40,40,40,40,,Immune,Immune,Immune,Immune,Immune,Immune,Immune,,1,1,1,1,1,,30,1,30,2.308,,1,1,1,1,1,1,1,1,1.5,0
"Altus Plateau - West of Tree Sentinel Duo, Stormcaller Church",Commoner (Ghost),36609130,,282,-,,110,110,110,110,110,110,110,110,,-10,-10,-10,-10,-20,-20,-20,0,,Immune,Immune,Immune,Immune,Immune,Immune,Immune,,1,1,1,1,1,,30,1,30,2.308,,1,1,1,1,1,1,1,1,1.5,0
"Altus Plateau - West of Tree Sentinel Duo, Stormcaller Church",Crimson Teardrop Scarab,41910030,,413,-,,110,110,110,110,110,110,110,110,,10,10,35,35,40,40,40,40,,Immune,Immune,Immune,Immune,Immune,Immune,Immune,,1,1,1,1,1,,30,1,30,2.308,,1,1,1,1,1,1,1,1,1.5,0
"Altus Plateau - West of Tree Sentinel Duo, Stormcaller Church",Goat,60605030,,82,-,,100,100,100,100,100,100,100,100,,-40,-40,-40,-40,-40,-100,20,-40,,63,63,63,63,63,Immune,Immune,,1,1,1,1,1,,-1,1,∞,0,,1,1,1,1,1,1,1,1,1.5,0
"Altus Plateau - West of Tree Sentinel Duo, Stormcaller Church",Leyndell Foot Soldier,43731730,,395,-,,110,110,110,110,110,110,110,110,,0,0,0,-10,0,0,20,0,,134,134,179,179,179,Immune,Immune,,1,1,1,1,1,,30,1,30,2.308,,1,1,1,1,1,1,1,1,1.5,0
"Altus Plateau - West of Tree Sentinel Duo, Stormcaller Church",Leyndell Knight,43532030,,"1,548",-,,110,110,110,110,110,110,110,110,,10,10,35,0,20,20,40,20,,239,239,329,329,239,Immune,Immune,,1,1,1,1,1,,65,1,65,5,,1,1,1,1,1,1,1,1,1.5,0
"Altus Plateau - West of Tree Sentinel Duo, Stormcaller Church",Leyndell Soldier,43130230,,516,-,,110,110,110,110,110,110,110,110,,0,0,10,-10,0,0,0,20,,179,179,239,239,239,Immune,Immune,,1,1,1,1,1,,30,1,30,2.308,,1,1,1,1,1,1,1,1,1.5,0
Altus Plateau - West Windmill Pasture,Battlemage,37040830,,"2,332",-,,113,113,113,113,113,113,113,113,,0,10,0,0,40,20,20,0,,182,182,243,243,243,Immune,Immune,,1,1,1,1,1,,65,1,65,5,,1,1,1,1,1,1,1,1,0.5,0
Altus Plateau - West Windmill Pasture,Dragonfly,60810030,,17,-,,100,100,100,100,100,100,100,100,,-40,-40,-10,-40,-40,-100,-40,-40,,84,84,63,20,63,Immune,Immune,,1,1,1,1,1,,-1,1,∞,0,,1,1,1,1,1,1,1,1,1.5,0
Altus Plateau - West Windmill Pasture,Giant Rat,40900030,,"1,494",-,,110,110,110,110,110,110,110,110,,-10,-10,-40,-10,-20,-40,-20,-20,,329,329,179,239,179,Immune,Immune,,1,1,1,1,1,,65,1,65,5,,1,1,1,1,1,1,1,1,1.5,0
Altus Plateau - West Windmill Pasture,Rat,40800030,,435,-,,110,110,110,110,110,110,110,110,,-10,-10,-40,-10,-20,-40,-20,-20,,329,329,179,239,179,Immune,Immune,,1,1,1,1,1,,30,1,30,2.308,,1,1,1,1,1,1,1,1,1.5,0
Altus Plateau - West Windmill Village,Dominula Celebrant,30700030,,435,-,,110,110,110,110,110,110,110,110,,-10,-10,-10,-10,0,0,0,0,,179,179,179,179,239,Immune,Immune,,1,1,1,1,1,,30,1,30,2.308,,1,1,1,1,1,1,1,1,1.5,0
Altus Plateau - West Windmill Village,Dominula Celebrant,30701030,,435,-,,110,110,110,110,110,110,110,110,,-10,-10,-10,-10,0,0,0,0,,179,179,179,179,239,Immune,Immune,,1,1,1,1,1,,30,1,30,2.308,,1,1,1,1,1,1,1,1,1.5,0
Altus Plateau - West Windmill Village,Dominula Celebrant,30703030,,626,-,,110,110,110,110,110,110,110,110,,-10,-10,-10,-10,0,0,0,0,,179,179,179,179,239,Immune,Immune,,1,1,1,1,1,,30,1,30,2.308,,1,1,1,1,1,1,1,1,1.5,0
Altus Plateau - West Windmill Village,Dominula Celebrant,30704030,,626,-,,110,110,110,110,110,110,110,110,,-10,-10,-10,-10,0,0,0,0,,179,179,179,179,239,Immune,Immune,,1,1,1,1,1,,30,1,30,2.308,,1,1,1,1,1,1,1,1,1.5,0
Altus Plateau - West Windmill Village,Wandering Noble (Ghost),43009130,,228,-,,110,110,110,110,110,110,110,110,,-10,-10,-10,-10,-20,-20,-20,0,,Immune,Immune,Immune,Immune,Immune,Immune,Immune,,1,1,1,1,1,,30,1,30,2.308,,1,1,1,1,1,1,1,1,1.5,0
Altus Plateau - Windmill Heights,Godskin Apostle [Boss],35600030,,"7,528",-,,113,113,113,113,113,113,113,113,,0,10,-10,0,20,40,20,40,,334,334,243,334,243,Immune,Immune,,0.7,0.7,0.7,1,1,,80,1,80,6.154,,1,1,1,1,1,1,1,1,1.5,0
"Altus Plateau - Woodfolk Ruins, Minor Erdtree",Erdtree Guardian,36500030,,395,-,,110,110,110,110,110,110,110,110,,0,10,-10,0,0,-20,40,40,,329,329,239,179,179,Immune,Immune,,1,1,1,1,1,,55,1,55,4.231,,1,1,1,1,1,1,1,1,1.5,0
"Altus Plateau - Woodfolk Ruins, Minor Erdtree",Wandering Noble,43007030,,228,-,,110,110,110,110,110,110,110,110,,-10,-10,-10,-10,-20,-20,-20,0,,Immune,Immune,Immune,Immune,Immune,Immune,Immune,,1,1,1,1,1,,30,1,30,2.308,,1,1,1,1,1,1,1,1,1.5,0
"Altus Plateau - Woodfolk Ruins, Minor Erdtree",Wormface [Boss],45800030,,"5,876",-,,113,113,113,113,113,113,113,113,,0,0,-10,0,0,0,0,40,,334,334,334,334,334,Immune,Immune,,0.7,0.7,1,1,1,,80,1,80,6.154,,1,1,1,1,1,1,1,1,2,1
"Altus Plateau - Wyndham Ruins, Wyndham Catacombs Entrance",Dragonfly,60800030,,17,-,,100,100,100,100,100,100,100,100,,-40,-40,-10,-40,-40,-100,-40,-40,,84,84,63,20,63,Immune,Immune,,1,1,1,1,1,,-1,1,∞,0,,1,1,1,1,1,1,1,1,1.5,0
"Altus Plateau - Wyndham Ruins, Wyndham Catacombs Entrance",Giant Skeleton Torso,49600032,,"6,233",-,,111,111,111,111,111,111,111,111,,10,-40,10,35,20,20,40,-40,,Immune,332,Immune,Immune,Immune,Immune,Immune,,1,1,1,1,1,,120,1,120,9.231,,1,1,1,1,1,1,1,1,1.5,1
"Altus Plateau - Wyndham Ruins, Wyndham Catacombs Entrance",Skeleton (Curved Sword),35000032,,481,-,,111,111,111,111,111,111,111,111,,0,-40,10,35,0,20,40,-40,,Immune,241,Immune,Immune,Immune,Immune,Immune,,1,1,1,1,1,,30,1,30,2.308,,0,1,1,1,1,1,1,1,1.5,0
"Altus Plateau - Wyndham Ruins, Wyndham Catacombs Entrance",Skeleton (Curved Sword),35001032,,481,-,,111,111,111,111,111,111,111,111,,0,-40,10,35,0,20,40,-40,,Immune,241,Immune,Immune,Immune,Immune,Immune,,1,1,1,1,1,,30,1,30,2.308,,0,1,1,1,1,1,1,1,1.5,0
"Altus Plateau - Wyndham Ruins, Wyndham Catacombs Entrance",Skeleton (Curved Sword),35002032,,481,-,,111,111,111,111,111,111,111,111,,0,-40,10,35,0,20,40,-40,,Immune,241,Immune,Immune,Immune,Immune,Immune,,1,1,1,1,1,,30,1,30,2.308,,0,1,1,1,1,1,1,1,1.5,0
"Altus Plateau - Wyndham Ruins, Wyndham Catacombs Entrance",Skeleton (Curved Sword),35003032,,481,-,,111,111,111,111,111,111,111,111,,0,-40,10,35,0,20,40,-40,,Immune,241,Immune,Immune,Immune,Immune,Immune,,1,1,1,1,1,,35,1,35,2.692,,0,1,1,1,1,1,1,1,1.5,0
"Altus Plateau - Wyndham Ruins, Wyndham Catacombs Entrance",Skeleton (Curved Sword),35004032,,481,-,,111,111,111,111,111,111,111,111,,0,-40,10,35,0,20,40,-40,,Immune,241,Immune,Immune,Immune,Immune,Immune,,1,1,1,1,1,,35,1,35,2.692,,0,1,1,1,1,1,1,1,1.5,0
"Altus Plateau - Wyndham Ruins, Wyndham Catacombs Entrance",Tibia Mariner [Boss],49500032,,"7,911",-,,114,114,114,114,114,114,114,114,,10,-40,10,35,20,20,40,-40,,Immune,337,Immune,Immune,Immune,Immune,Immune,,1,1,1,1,1,,80,1,80,6.154,,1,1,1,1,1,1,1,1,1.5,0
Altus Tunnel,Avionette,38600030,,465,-,,110,110,110,110,110,110,110,110,,0,-10,10,10,0,-20,0,0,,Immune,Immune,Immune,Immune,Immune,Immune,Immune,,1,1,1,1,1,,30,1,30,2.308,,1,1,1,1,1,1,1,1,1,0
Altus Tunnel,Crystal Snail,41404030,,338,-,,110,110,110,110,110,110,110,110,,-10,-40,0,0,40,0,0,0,,539,539,Immune,Immune,239,Immune,Immune,,1,1,1,1,1,,30,1,30,2.308,,1,1,1,1,1,1,1,1,1.5,0
Altus Tunnel,Crystalian (Ringblade) [Boss],33500930,,"1,892",-,,110,110,110,110,110,110,110,110,,91,10,93.5,93.5,94,94,94,94,,539,539,Immune,539,Immune,Immune,Immune,,1,0.7,1,1,1,,70,1,70,5.385,,1,1,1,1,1,1,1,1,1.5,0
Altus Tunnel,Crystalian (Ringblade) [Boss] [Cracked],33500930b,,"1,892",-,,110,110,110,110,110,110,110,110,,10,10,35,35,40,40,40,40,,539,539,Immune,539,Immune,Immune,Immune,,1,0.7,1,1,1,,70,1,70,5.385,,1,1,1,1,1,1,1,1,1.5,0
Altus Tunnel,Crystalian (Spear) [Boss],33501930,,"1,892",-,,110,110,110,110,110,110,110,110,,91,10,93.5,93.5,94,94,94,94,,539,539,Immune,539,Immune,Immune,Immune,,1,0.7,1,1,1,,70,1,70,5.385,,1,1,1,1,1,1,1,1,1.5,0
Altus Tunnel,Crystalian (Spear) [Boss] [Cracked],33501930b,,"1,892",-,,110,110,110,110,110,110,110,110,,10,10,35,35,40,40,40,40,,539,539,Immune,539,Immune,Immune,Immune,,1,0.7,1,1,1,,70,1,70,5.385,,1,1,1,1,1,1,1,1,1.5,0
Altus Tunnel,Glintstone Miner,43830030,,188,-,,110,110,110,110,110,110,110,110,,80,35,80,80,40,20,20,20,,539,329,329,329,239,Immune,Immune,,1,1,1,1,1,,65,1,65,5,,1,1,1,1,1,1,1,1,1.5,0
Altus Tunnel,Glintstone Miner,43831030,,188,-,,110,110,110,110,110,110,110,110,,80,35,80,80,40,20,20,20,,539,329,329,329,239,Immune,Immune,,1,1,1,1,1,,65,1,65,5,,1,1,1,1,1,1,1,1,1.5,0
Auriza Hero's Grave,Basilisk,41500033,,"1,098",-,,111,111,111,111,111,111,111,111,,-10,-10,-40,-10,-20,-20,-20,-20,,181,181,135,135,135,Immune,Immune,,1,1,1,1,1,,30,1,30,2.308,,1,1,1,1,1,1,1,1,1.5,0
Auriza Hero's Grave,Crucible Knight (Tree Spear) [Boss],25001933,,"5,460",-,,111,111,111,111,111,111,111,111,,35,35,35,35,40,20,20,40,,543,543,Immune,543,543,Immune,Immune,,1,0.7,1,1,1,,80,1,80,6.154,,1,1,1,1,1,1,1,1,1.5,0
Auriza Hero's Grave,Crucible Knight Ordovis [Boss],25000933,,"5,460",-,,111,111,111,111,111,111,111,111,,35,35,35,35,40,20,20,40,,543,543,Immune,543,543,Immune,Immune,,1,0.7,1,1,1,,80,1,80,6.154,,1,1,1,1,1,1,1,1,1.5,0
Auriza Hero's Grave,Omen Monstrosity (Curved Sword),21400633,,"2,931",-,,111,111,111,111,111,111,111,111,,0,0,-10,0,0,0,0,20,,241,241,241,241,241,Immune,Immune,,1,1,1,1,1,,65,1,65,5,,1,1,1,1,1,1,1,1,1.5,0
Auriza Hero's Grave,Skeleton (Scimitar),35100033,,913,-,,111,111,111,111,111,111,111,111,,0,-40,10,35,0,20,40,-40,,Immune,241,Immune,Immune,Immune,Immune,Immune,,1,1,1,1,1,,30,1,30,2.308,,1,1,1,1,1,1,1,1,1.5,0
Auriza Hero's Grave,Skeleton (Scimitar),35100133,,913,-,,111,111,111,111,111,111,111,111,,0,-40,10,35,0,20,40,-40,,Immune,241,Immune,Immune,Immune,Immune,Immune,,1,1,1,1,1,,30,1,30,2.308,,1,1,1,1,1,1,1,1,1.5,0
Auriza Hero's Grave,Skeleton (Scimitar),35101033,,913,-,,111,111,111,111,111,111,111,111,,0,-40,10,35,0,20,40,-40,,Immune,241,Immune,Immune,Immune,Immune,Immune,,1,1,1,1,1,,35,1,35,2.692,,1,1,1,1,1,1,1,1,1.5,0
Auriza Hero's Grave,Skeleton (Scimitar),35102033,,913,-,,111,111,111,111,111,111,111,111,,0,-40,10,35,0,20,40,-40,,Immune,241,Immune,Immune,Immune,Immune,Immune,,1,1,1,1,1,,30,1,30,2.308,,1,1,1,1,1,1,1,1,1.5,0
Auriza Side Tomb,Grave Warden Duelist [Boss],34001133,,"6,240",-,,111,111,111,111,111,111,111,111,,0,0,-10,0,0,0,0,0,,241,241,181,241,241,Immune,Immune,,0.7,0.7,1,1,1,,65,1,65,5,,1,1,1,1,1,1,1,1,1.5,0
Auriza Side Tomb,Imp (Cat),30800033,,559,-,,111,111,111,111,111,111,111,111,,10,0,35,35,20,40,40,40,,Immune,Immune,Immune,Immune,Immune,Immune,Immune,,1,1,1,1,1,,30,1,30,2.308,,1,1,1,1,1,1,1,1,1.5,0
Auriza Side Tomb,Imp (Fanged),30801133,,559,-,,111,111,111,111,111,111,111,111,,10,0,35,35,20,40,40,40,,Immune,Immune,Immune,Immune,Immune,Immune,Immune,,1,1,1,1,1,,30,1,30,2.308,,1,1,1,1,1,1,1,1,1.5,0
Auriza Side Tomb,Imp (Fanged),30801233,,559,-,,111,111,111,111,111,111,111,111,,10,0,35,35,20,40,40,40,,Immune,Immune,Immune,Immune,Immune,Immune,Immune,,1,1,1,1,1,,30,1,30,2.308,,1,1,1,1,1,1,1,1,1.5,0
Auriza Side Tomb,Imp (Long-Tongued),30802033,,559,-,,111,111,111,111,111,111,111,111,,10,0,35,35,20,40,40,40,,Immune,Immune,Immune,Immune,Immune,Immune,Immune,,1,1,1,1,1,,30,1,30,2.308,,1,1,1,1,1,1,1,1,1.5,0
Auriza Side Tomb,Imp (Wolf),30806033,,559,-,,111,111,111,111,111,111,111,111,,10,0,35,35,20,40,40,40,,Immune,Immune,Immune,Immune,Immune,Immune,Immune,,1,1,1,1,1,,35,1,35,2.692,,1,1,1,1,1,1,1,1,1.5,0
Auriza Side Tomb,Living Jar,44910033,,487,-,,111,111,111,111,111,111,111,111,,10,-40,35,35,0,20,20,20,,Immune,Immune,Immune,Immune,181,Immune,Immune,,1,1,1,1,1,,30,1,30,2.308,,1,1,1,1,1,1,1,1,1.5,1
Auriza Side Tomb,Living Jar,44910233,,487,-,,111,111,111,111,111,111,111,111,,10,-40,35,35,0,20,20,20,,Immune,Immune,Immune,Immune,181,Immune,Immune,,1,1,1,1,1,,30,1,30,2.308,,1,1,1,1,1,1,1,1,1.5,1
Auriza Side Tomb,Living Jar,44910333,,487,-,,111,111,111,111,111,111,111,111,,10,-40,35,35,0,20,20,20,,Immune,Immune,Immune,Immune,181,Immune,Immune,,1,1,1,1,1,,30,1,30,2.308,,1,1,1,1,1,1,1,1,1.5,1
Auriza Side Tomb,Living Jar,44910933,,487,-,,111,111,111,111,111,111,111,111,,10,-40,35,35,0,20,20,20,,Immune,Immune,Immune,Immune,181,Immune,Immune,,1,1,0.7,1,1,,30,1,30,2.308,,1,1,1,1,1,1,1,1,1.5,1
Auriza Side Tomb,Living Jar (Large),44907033,,"1,459",-,,111,111,111,111,111,111,111,111,,10,-40,35,35,0,20,20,20,,Immune,Immune,Immune,Immune,241,Immune,Immune,,1,1,1,1,1,,65,1,65,5,,1,1,1,1,1,1,1,1,1.5,1
Auriza Side Tomb,Living Jar (Large),44907133,,"1,459",-,,111,111,111,111,111,111,111,111,,10,-40,35,35,0,20,20,20,,Immune,Immune,Immune,Immune,241,Immune,Immune,,1,1,1,1,1,,65,1,65,5,,1,1,1,1,1,1,1,1,1.5,1
Auriza Side Tomb,Living Jar (Large),44907233,,"1,459",-,,111,111,111,111,111,111,111,111,,10,-40,35,35,0,20,20,20,,Immune,Immune,Immune,Immune,241,Immune,Immune,,1,1,1,1,1,,65,1,65,5,,1,1,1,1,1,1,1,1,1.5,1
Auriza Side Tomb,Living Jar (Large),44907333,,"1,459",-,,111,111,111,111,111,111,111,111,,10,-40,35,35,0,20,20,20,,Immune,Immune,Immune,Immune,241,Immune,Immune,,1,1,1,1,1,,65,1,65,5,,1,1,1,1,1,1,1,1,1.5,1
"Bellum Highway - Church of Inhibition, Southwest of Grand Lift of Dectus",Dragonfly,60810020,,17,-,,100,100,100,100,100,100,100,100,,-40,-40,-10,-40,-40,-100,-40,-40,,84,84,63,20,63,Immune,Immune,,1,1,1,1,1,,-1,1,∞,0,,1,1,1,1,1,1,1,1,1.5,0
"Bellum Highway - Church of Inhibition, Southwest of Grand Lift of Dectus",Flamethrower Tank,44607220,,992,-,,107,107,107,107,107,107,107,107,,10,0,10,10,20,40,20,20,,530,530,324,530,235,Immune,Immune,,1,1,1,1,1,,80,1,80,6.154,,1,0.1,0.1,0.1,0.1,0.1,0.1,0.1,1,1
Bellum Highway - Converted Fringe Tower; Liurnia of the Lakes - Black Knife Catacombs Entrance,Armored Troll Knight,46010020,,"4,307",-,,107,107,107,107,107,107,107,107,,0,0,-10,0,20,0,0,0,,235,235,235,324,42,Immune,Immune,,1,1,1,1,1,,65,1,65,5,,1,1,1,1,1,1,1,1,1,1
Bellum Highway - Converted Fringe Tower; Liurnia of the Lakes - Black Knife Catacombs Entrance,Orb of Many Faces,37300020,,"1,343",-,,107,107,107,107,107,107,107,107,,10,10,35,80,80,40,40,20,,Immune,Immune,Immune,Immune,Immune,Immune,Immune,,1,1,1,1,1,,80,1,80,6.154,,1,1,1,1,1,1,1,1,1.5,0
Bellum Highway - East Raya Lucaria Gate,Demi-Human Shaman,41109120,,"1,357",-,,107,107,107,107,107,107,107,107,,-10,-10,-40,-10,-20,-20,-20,-20,,176,176,176,176,176,Immune,Immune,,1,1,1,1,1,,30,1,30,2.308,,1,1,1,1,1,1,1,1,1.5,0
Bellum Highway - East Raya Lucaria Gate,Night's Cavalry (Glaive) [Boss],31500020,,"2,704",-,,110,110,110,110,110,110,110,110,,35,35,35,10,40,40,20,40,,329,329,539,539,Immune,Immune,Immune,,0.7,0.7,1,1,1,,80,1,80,6.154,,1,1,1,1,1,1,1,1,1.5,0
Bellum Highway - East Raya Lucaria Gate,Night's Cavalry Horse,31600020,,"2,927",-,,110,110,110,110,110,110,110,110,,10,10,0,10,20,20,20,20,,329,329,329,329,Immune,Immune,Immune,,0.7,0.7,1,1,1,,80,1,80,6.154,,1,1,1,1,1,1,1,1,1.5,0
Bellum Highway - East Raya Lucaria Gate,Raya Lucaria Foot Soldier,43723020,,333,-,,107,107,107,107,107,107,107,107,,0,0,0,-10,20,0,-20,0,,132,132,176,176,176,Immune,Immune,,1,1,1,1,1,,30,1,30,2.308,,1,1,1,1,1,1,1,1,1.5,0
"Bellum Highway - Frenzied Flame Village, Minor Erdtree","Commoner (Frenzied, Spear)",36601220,,237,-,,107,107,107,107,107,107,107,107,,-10,-10,-10,-10,-20,-20,-20,0,,132,132,176,176,Immune,Immune,Immune,,1,1,1,1,1,,30,1,30,2.308,,1,1,1,1,1,1,1,1,1.5,0
"Bellum Highway - Frenzied Flame Village, Minor Erdtree","Commoner (Frenzied, Sword)",36600620,,237,-,,107,107,107,107,107,107,107,107,,-10,-10,-10,-10,-20,-20,-20,0,,132,132,176,176,Immune,Immune,Immune,,1,1,1,1,1,,30,1,30,2.308,,1,1,1,1,1,1,1,1,1.5,0
"Bellum Highway - Frenzied Flame Village, Minor Erdtree",Erdtree Avatar [Boss],48100020,,"4,690",-,,110,110,110,110,110,110,110,110,,10,0,10,10,20,-40,20,40,,329,329,Immune,239,Immune,Immune,Immune,,1,0.7,1,1,1,,120,1,120,9.231,,1,1,1,1,1,1,1,1,1.5,1
Bellum Highway - Frenzy-Flaming Tower,Commoner (Ghost),36609120,,237,-,,107,107,107,107,107,107,107,107,,-10,-10,-10,-10,-20,-20,-20,0,,Immune,Immune,Immune,Immune,Immune,Immune,Immune,,1,1,1,1,1,,30,1,30,2.308,,1,1,1,1,1,1,1,1,1.5,0
Black Knife Catacombs,Black Knife Assassin [Boss],21000820,,"3,312",-,,107,107,107,107,107,107,107,107,,10,10,10,35,20,20,20,40,,Immune,Immune,Immune,324,Immune,Immune,Immune,,1,0.7,1,1,1,,80,1,80,6.154,,1,1,1,1,1,1,1,1,1.5,0
Black Knife Catacombs,Cemetery Shade [Boss],36640920,,691,-,,107,107,107,107,107,107,107,107,,10,10,10,35,0,0,0,-20,,Immune,Immune,Immune,Immune,Immune,Immune,Immune,,1,1,1,1,1,,70,1,70,5.385,,1,1,1,1,1,1,1,1,1.5,0
Black Knife Catacombs,Commoner (Torch),36603020,,237,-,,107,107,107,107,107,107,107,107,,-10,-10,-10,-10,-20,-20,-20,0,,132,132,176,176,176,Immune,Immune,,1,1,1,1,1,,30,1,30,2.308,,1,1,1,1,1,1,1,1,1.5,0
Black Knife Catacombs,Crab (Maggots),22730020,,63,-,,107,107,107,107,107,107,107,107,,10,-40,10,10,0,0,0,0,,324,324,235,132,132,Immune,Immune,,1,1,1,1,1,,30,1,30,2.308,,1,1,1,1,1,1,1,1,1.5,0
Black Knife Catacombs,Giant Crab (Damaged),22720020,,808,-,,107,107,107,107,107,107,107,107,,35,0,35,35,20,20,20,20,,530,530,324,176,176,Immune,Immune,,1,1,1,1,1,,80,1,80,6.154,,1,1,1,1,1,1,1,1,1.5,0
Black Knife Catacombs,Skeleton (Scimitar),35100020,,636,-,,107,107,107,107,107,107,107,107,,0,-40,10,35,0,20,40,-40,,Immune,235,Immune,Immune,Immune,Immune,Immune,,1,1,1,1,1,,30,1,30,2.308,,1,1,1,1,1,1,1,1,1.5,0
Black Knife Catacombs,Skeleton (Scimitar),35100120,,636,-,,107,107,107,107,107,107,107,107,,0,-40,10,35,0,20,40,-40,,Immune,235,Immune,Immune,Immune,Immune,Immune,,1,1,1,1,1,,30,1,30,2.308,,1,1,1,1,1,1,1,1,1.5,0
Black Knife Catacombs,Skeleton (Scimitar),35100920,,636,-,,107,107,107,107,107,107,107,107,,0,-40,10,35,0,20,40,-40,,Immune,235,Immune,Immune,Immune,Immune,Immune,,1,1,1,1,1,,30,1,30,2.308,,1,1,1,1,1,1,1,1,1.5,0
Black Knife Catacombs,Skeleton (Scimitar),35101020,,636,-,,107,107,107,107,107,107,107,107,,0,-40,10,35,0,20,40,-40,,Immune,235,Immune,Immune,Immune,Immune,Immune,,1,1,1,1,1,,35,1,35,2.692,,1,1,1,1,1,1,1,1,1.5,0
Black Knife Catacombs,Skeleton (Scimitar),35101920,,636,-,,107,107,107,107,107,107,107,107,,0,-40,10,35,0,20,40,-40,,Immune,235,Immune,Immune,Immune,Immune,Immune,,1,1,1,1,1,,35,1,35,2.692,,1,1,1,1,1,1,1,1,1.5,0
Black Knife Catacombs,Skeleton (Scimitar),35102020,,636,-,,107,107,107,107,107,107,107,107,,0,-40,10,35,0,20,40,-40,,Immune,235,Immune,Immune,Immune,Immune,Immune,,1,1,1,1,1,,30,1,30,2.308,,1,1,1,1,1,1,1,1,1.5,0
Black Knife Catacombs,Skeleton (Scimitar),35102920,,636,-,,107,107,107,107,107,107,107,107,,0,-40,10,35,0,20,40,-40,,Immune,235,Immune,Immune,Immune,Immune,Immune,,1,1,1,1,1,,30,1,30,2.308,,1,1,1,1,1,1,1,1,1.5,0
Black Knife Catacombs,Skeleton (Scimitar),35103020,,636,-,,107,107,107,107,107,107,107,107,,0,-40,10,35,0,20,40,-40,,Immune,235,Immune,Immune,Immune,Immune,Immune,,1,1,1,1,1,,30,1,30,2.308,,1,1,1,1,1,1,1,1,1.5,0
"Caelid - Caelem Ruins, Forsaken Ruins, Minor Erdtree, Minor Erdtree Catacombs Entrance",Flamethrower Tank,44608640,,"1,053",-,,109,109,109,109,109,109,109,109,,10,0,10,10,20,40,20,20,,534,534,326,534,237,Immune,Immune,,1,1,1,1,1,,80,1,80,6.154,,1,0.1,0.1,0.1,0.1,0.1,0.1,0.1,1,1
"Caelid - Caelem Ruins, Forsaken Ruins, Minor Erdtree, Minor Erdtree Catacombs Entrance",Incantation Teardrop Scarab,41914040,,370,-,,109,109,109,109,109,109,109,109,,10,10,35,35,40,40,40,40,,Immune,Immune,Immune,Immune,Immune,Immune,Immune,,1,1,1,1,1,,30,1,30,2.308,,1,1,1,1,1,1,1,1,1.5,0
"Caelid - Caelem Ruins, Forsaken Ruins, Minor Erdtree, Minor Erdtree Catacombs Entrance",Monstrous Dog,45502040,,"1,607",-,,109,109,109,109,109,109,109,109,,-10,-10,-40,-10,-20,-40,-20,-20,,178,178,178,237,Immune,Immune,Immune,,1,1,1,1,1,,50,1,50,3.846,,1,1,1,1,1,1,1,1,1.5,1
"Caelid - Caelem Ruins, Forsaken Ruins, Minor Erdtree, Minor Erdtree Catacombs Entrance",Putrid Avatar [Boss],48110040,,"5,671",-,,111,111,111,111,111,111,111,111,,10,0,10,10,20,-100,20,40,,Immune,Immune,Immune,332,Immune,Immune,Immune,,1,0.7,1,1,1,,120,1,120,9.231,,1,1,1,1,1,1,1,1,1.5,1
"Caelid - Caelem Ruins, Forsaken Ruins, Minor Erdtree, Minor Erdtree Catacombs Entrance",Radahn Foot Soldier,43740040,,353,-,,109,109,109,109,109,109,109,109,,0,0,0,-10,0,20,-20,0,,133,133,178,178,178,Immune,Immune,,1,1,1,1,1,,30,1,30,2.308,,1,1,1,1,1,1,1,1,1.5,0
Caelid - Caelid Highway South,Ash Teardrop Scarab,41912240,,98,-,,109,109,109,109,109,109,109,109,,10,10,35,35,40,40,40,40,,Immune,Immune,Immune,Immune,Immune,Immune,Immune,,1,1,1,1,1,,30,1,30,2.308,,1,1,1,1,1,1,1,1,1.5,0
Caelid - Caelid Highway South,Decaying Ekzykes [Boss],45010040,,"23,731",-,,114,114,114,114,114,114,114,114,,-40,-40,-40,-10,-40,-100,-40,-40,,"1,188","1,188",245,245,Immune,Immune,Immune,,0.7,0.7,1,1,1,,120,1,120,9.231,,1,1,1,1,1,1,1,1,1.5,1
Caelid - Caelid Highway South,Giant Fungal Pod (Rot),44420040,,"3,438",-,,109,109,109,109,109,109,109,109,,-10,0,-10,0,-20,-20,-20,-20,,534,534,237,178,Immune,Immune,Immune,,1,1,1,1,1,,65,1,65,5,,1,1,1,1,1,1,1,1,1.5,1
"Caelid - Cathedral of Dragon Communion, Caelid Catacombs Entrance",Banished Knight (Hood),30100140,,"1,077",-,,109,109,109,109,109,109,109,109,,10,10,35,0,20,20,-40,20,,237,237,326,326,237,Immune,Immune,,1,1,1,1,1,,65,1,65,5,,1,1,1,1,1,1,1,1,1.5,0
"Caelid - Cathedral of Dragon Communion, Caelid Catacombs Entrance",Cathedral of Dragon Communion,506010040,,"1,939",-,,100,100,100,100,100,100,100,100,,0,0,0,0,0,0,0,0,,Immune,Immune,Immune,Immune,Immune,Immune,Immune,,1,1,1,1,1,,-1,1,∞,0,,1,1,1,1,1,1,1,1,1.5,0
"Caelid - Cathedral of Dragon Communion, Caelid Catacombs Entrance",Cleanrot Knight (Spear),38000000,,437,-,,100,100,100,100,100,100,100,100,,10,10,35,0,20,-20,0,40,,252,252,154,154,112,Immune,Immune,,1,1,1,1,1,,65,1,65,5,,1,1,1,1,1,1,1,1,1.5,0
"Caelid - Cathedral of Dragon Communion, Caelid Catacombs Entrance",Dragonfly,60810040,,17,-,,100,100,100,100,100,100,100,100,,-40,-40,-10,-40,-40,-100,-40,-40,,84,84,63,20,63,Immune,Immune,,1,1,1,1,1,,-1,1,∞,0,,1,1,1,1,1,1,1,1,1.5,0
Caelid - Central Radahn Arena,Blaidd the Half-Wolf,20109240,,"3,175",-,,109,109,109,109,109,109,109,109,,10,10,10,0,40,0,20,20,,Immune,Immune,Immune,Immune,Immune,Immune,Immune,,1,1,1,1,1,,80,1,80,6.154,,1,1,1,1,1,1,1,1,1.5,0
Caelid - Central Radahn Arena,Iron Fist Alexander (Cracked),44909640,,"1,080",-,,109,109,109,109,109,109,109,109,,10,-40,35,35,0,20,20,20,,Immune,Immune,Immune,Immune,Immune,Immune,Immune,,1,1,1,1,1,,80,1,80,6.154,,1,1,1,1,1,1,1,1,1.5,1
Caelid - Deep Siofra Well; Greyoll's Dragonbarrow - Dragonbarrow West,Flamethrower Tank,44608740,,"1,053",-,,109,109,109,109,109,109,109,109,,10,0,10,10,20,40,20,20,,534,534,326,534,237,Immune,Immune,,1,1,1,1,1,,80,1,80,6.154,,1,0.1,0.1,0.1,0.1,0.1,0.1,0.1,1,1
Caelid - Deep Siofra Well; Greyoll's Dragonbarrow - Dragonbarrow West,Goat,60600042,,55,-,,100,100,100,100,100,100,100,100,,-40,-40,-40,-40,-40,-100,-40,-40,,63,63,63,63,63,Immune,Immune,,1,1,1,1,1,,-1,1,∞,0,,1,1,1,1,1,1,1,1,1.5,0
Caelid - Deep Siofra Well; Greyoll's Dragonbarrow - Dragonbarrow West,Golem,46605040,,"5,875",-,,109,109,109,109,109,109,109,109,,10,0,10,10,40,40,40,40,,Immune,Immune,Immune,Immune,Immune,Immune,Immune,,1,1,1,1,1,,120,0.4096,292.969,9.231,,1,1,1,1,1,1,1,1,2.5,1
Caelid - Deep Siofra Well; Greyoll's Dragonbarrow - Dragonbarrow West,Hawk,60010042,,27,-,,100,100,100,100,100,100,100,100,,-40,-40,-40,-40,-40,-100,-40,-40,,63,63,63,63,63,Immune,Immune,,1,1,1,1,1,,-1,1,∞,0,,1,1,1,1,1,1,1,1,1.5,0
Caelid - Deep Siofra Well; Greyoll's Dragonbarrow - Dragonbarrow West,Lookout Stone,44300340,,418,-,,109,109,109,109,109,109,109,109,,35,10,35,35,40,40,40,40,,Immune,Immune,Immune,Immune,Immune,Immune,Immune,,1,1,1,1,1,,30,1,30,2.308,,1,1,1,1,1,1,1,1,2,0
Caelid - Deep Siofra Well; Greyoll's Dragonbarrow - Dragonbarrow West,Mad Pumpkin Head (Hammer) [Boss],43400940,,"2,800",-,,109,109,109,109,109,109,109,109,,0,10,-10,0,0,0,-20,0,,237,237,178,178,326,Immune,Immune,,0.7,0.7,0.7,1,1,,65,1,65,5,,1,1,1,1,1,1,1,1,0.2,1
Caelid - Deep Siofra Well; Greyoll's Dragonbarrow - Dragonbarrow West,Mad Pumpkin Head (Hammer) [Boss],43401940,,"2,800",-,,109,109,109,109,109,109,109,109,,0,10,-10,0,0,0,-20,0,,237,237,178,178,326,Immune,Immune,,0.7,0.7,0.7,1,1,,65,1,65,5,,1,1,1,1,1,1,1,1,0.2,1
Caelid - Deep Siofra Well; Greyoll's Dragonbarrow - Dragonbarrow West,Monstrous Dog,45500042,,"4,467",-,,120,120,120,120,120,120,120,120,,-10,-10,-40,-10,-20,-40,-20,-20,,191,191,191,255,191,Immune,Immune,,1,1,1,1,1,,40,1,40,3.077,,1,1,1,1,1,1,1,1,1.5,1
Caelid - Deep Siofra Well; Greyoll's Dragonbarrow - Dragonbarrow West,Monstrous Dog,45502042,,"4,467",-,,120,120,120,120,120,120,120,120,,-10,-10,-40,-10,-20,-40,-20,-20,,191,191,191,255,Immune,Immune,Immune,,1,1,1,1,1,,50,1,50,3.846,,1,1,1,1,1,1,1,1,1.5,1
Caelid - Deep Siofra Well; Greyoll's Dragonbarrow - Dragonbarrow West,Omenkiller,48200100,,429,-,,100,100,100,100,100,100,100,100,,0,0,0,0,20,40,20,20,,252,252,112,112,84,Immune,Immune,,1,1,1,1,1,,75,1,75,5.769,,1,1,1,1,1,1,1,1,1.5,0
Caelid - East Aeonia Swamp,Bloodhound Knight,42900040,,"1,053",-,,109,109,109,109,109,109,109,109,,10,10,10,0,0,0,-20,0,,326,326,326,326,237,Immune,Immune,,1,1,1,1,1,,65,1,65,5,,1,1,1,1,1,1,1,1,1.5,0
Caelid - East Aeonia Swamp,Castle Exile (Sword),30008040,,435,-,,111,111,111,111,111,111,111,111,,0,0,10,-10,0,0,-20,0,,Immune,Immune,Immune,Immune,Immune,Immune,Immune,,1,1,1,1,1,,30,1,30,2.308,,1,1,1,1,1,1,1,1,1.5,0
Caelid - East Aeonia Swamp,Cerulean Huge Teardrop Scarab,41921040,,652,-,,109,109,109,109,109,109,109,109,,10,10,35,35,40,40,40,40,,Immune,Immune,Immune,Immune,Immune,Immune,Immune,,1,1,1,1,1,,80,1,80,6.154,,1,1,1,1,1,1,1,1,1.5,0
Caelid - East Aeonia Swamp,Commander O'Neil [Boss],30500140,,"9,210",-,,111,111,111,111,111,111,111,111,,10,10,35,0,20,20,20,20,,332,Immune,332,332,332,Immune,Immune,,0.7,0.7,1,1,1,,90,1,90,6.923,,1,1,1,1,1,1,1,1,1.5,1
Caelid - East Aeonia Swamp,Goat,60600040,,55,-,,100,100,100,100,100,100,100,100,,-40,-40,-40,-40,-40,-100,-40,-40,,63,63,63,63,63,Immune,Immune,,1,1,1,1,1,,-1,1,∞,0,,1,1,1,1,1,1,1,1,1.5,0
Caelid - East Aeonia Swamp,Goat,60601040,,55,-,,100,100,100,100,100,100,100,100,,-40,-40,-40,-40,-40,-100,-40,-40,,63,63,63,63,63,Immune,Immune,,1,1,1,1,1,,-1,1,∞,0,,1,1,1,1,1,1,1,1,1.5,0
Caelid - East Aeonia Swamp,Hawk,60010040,,27,-,,100,100,100,100,100,100,100,100,,-40,-40,-40,-40,-40,-100,-40,-40,,63,63,63,63,63,Immune,Immune,,1,1,1,1,1,,-1,1,∞,0,,1,1,1,1,1,1,1,1,1.5,0
Caelid - East Aeonia Swamp,Large Castle Exile,30208040,,624,-,,111,111,111,111,111,111,111,111,,0,0,10,-10,0,0,-20,0,,Immune,Immune,Immune,Immune,Immune,Immune,Immune,,1,1,1,1,1,,50,1,50,3.846,,1,1,1,1,1,1,1,1,1.5,0
Caelid - East Aeonia Swamp,Raya Lucaria Scholar,37021140,,440,-,,109,109,109,109,109,109,109,109,,-10,0,-10,-10,40,20,20,0,,Immune,Immune,Immune,Immune,237,Immune,Immune,,1,1,1,1,1,,30,1,30,2.308,,1,1,1,1,1,1,1,1,1.5,0
Caelid - East Aeonia Swamp,Raya Lucaria Scholar,37022140,,642,-,,109,109,109,109,109,109,109,109,,-10,0,-10,-10,40,20,20,0,,Immune,Immune,Immune,Immune,237,Immune,Immune,,1,1,1,1,1,,30,1,30,2.308,,1,1,1,1,1,1,1,1,1.5,0
"Caelid - East Sellia, Church of the Plague",Battlemage,37040040,,"1,515",-,,109,109,109,109,109,109,109,109,,0,10,0,0,40,20,20,0,,178,178,237,237,237,Immune,Immune,,1,1,1,1,1,,65,1,65,5,,1,1,1,1,1,1,1,1,0.5,0
"Caelid - East Sellia, Church of the Plague",Raya Lucaria Scholar,37024040,,642,-,,109,109,109,109,109,109,109,109,,-10,0,-10,-10,40,20,20,0,,Immune,Immune,Immune,Immune,237,Immune,Immune,,1,1,1,1,1,,30,1,30,2.308,,1,1,1,1,1,1,1,1,1.5,0
"Caelid - East Sellia, Church of the Plague",Silver Tear Boulder,33300040,,"1,328",-,,109,109,109,109,109,109,109,109,,35,10,35,35,20,40,0,20,,Immune,Immune,Immune,534,Immune,Immune,Immune,,1,1,1,1,1,,80,1,80,6.154,,1,1,1,1,1,1,1,1,1.5,0
"Caelid - East Sellia, Church of the Plague",Skeleton (Curved Sword),35001040,,356,-,,109,109,109,109,109,109,109,109,,0,-40,10,35,0,20,40,-40,,Immune,237,Immune,Immune,Immune,Immune,Immune,,1,1,1,1,1,,30,1,30,2.308,,0,1,1,1,1,1,1,1,1.5,0
"Caelid - East Sellia, Church of the Plague",Skeleton (Curved Sword),35002040,,356,-,,109,109,109,109,109,109,109,109,,0,-40,10,35,0,20,40,-40,,Immune,237,Immune,Immune,Immune,Immune,Immune,,1,1,1,1,1,,30,1,30,2.308,,0,1,1,1,1,1,1,1,1.5,0
"Caelid - East Sellia, Church of the Plague",Skeleton (Curved Sword),35003040,,356,-,,109,109,109,109,109,109,109,109,,0,-40,10,35,0,20,40,-40,,Immune,237,Immune,Immune,Immune,Immune,Immune,,1,1,1,1,1,,35,1,35,2.692,,0,1,1,1,1,1,1,1,1.5,0
"Caelid - East Sellia, Church of the Plague",Skeleton (Curved Sword),35004040,,356,-,,109,109,109,109,109,109,109,109,,0,-40,10,35,0,20,40,-40,,Immune,237,Immune,Immune,Immune,Immune,Immune,,1,1,1,1,1,,35,1,35,2.692,,0,1,1,1,1,1,1,1,1.5,0
"Caelid - East Sellia, Church of the Plague",Undead Mariner,30600040,,"1,614",-,,109,109,109,109,109,109,109,109,,0,-40,10,35,0,20,40,-40,,Immune,237,Immune,Immune,Immune,Immune,Immune,,1,1,1,1,1,,55,1,55,4.231,,1,1,1,1,1,1,1,1,1.5,0
"Caelid - East Sellia, Church of the Plague",Undead Mariner,30601040,,"1,474",-,,109,109,109,109,109,109,109,109,,0,-40,10,35,0,20,40,-40,,Immune,237,Immune,Immune,Immune,Immune,Immune,,1,1,1,1,1,,55,1,55,4.231,,1,1,1,1,1,1,1,1,1.5,0
"Caelid - Far Southwest Radahn Arena, Aeonia Swamp Bank Southeast Cliffside",Troll Knight,46000040,,"4,573",-,,109,109,109,109,109,109,109,109,,0,0,-10,0,0,0,0,0,,237,237,237,326,42,Immune,Immune,,1,1,1,1,1,,65,1,65,5,,1,1,1,1,1,1,1,1,2,1
"Caelid - Far Southwest Radahn Arena, Aeonia Swamp Bank Southeast Cliffside",Turtle,60900042,,378,-,,100,100,100,100,100,100,100,100,,35,0,35,0,-40,-100,-40,-40,,63,63,63,63,63,Immune,Immune,,1,1,1,1,1,,-1,1,∞,0,,2,1,1,1,1,1,1,1,1.5,1
Caelid - Fort Gael North,Ash Teardrop Scarab,41912040,,370,-,,109,109,109,109,109,109,109,109,,10,10,35,35,40,40,40,40,,Immune,Immune,Immune,Immune,Immune,Immune,Immune,,1,1,1,1,1,,30,1,30,2.308,,1,1,1,1,1,1,1,1,1.5,0
Caelid - Fort Gael North,Flamethrower Tank,44607840,,"1,053",-,,109,109,109,109,109,109,109,109,,10,0,10,10,20,40,20,20,,534,534,326,534,237,Immune,Immune,,1,1,1,1,1,,80,1,80,6.154,,1,0.1,0.1,0.1,0.1,0.1,0.1,0.1,1,1
Caelid - Fort Gael North,Monstrous Crow,45600040,,"2,896",-,,109,109,109,109,109,109,109,109,,-10,-10,-40,-10,-20,-40,-20,-20,,237,237,237,237,178,Immune,Immune,,1,1,1,1,1,,65,1,65,5,,1,1,1,1,1,1,1,1,1.5,1
Caelid - Fort Gael North,Monstrous Dog,45500040,,"1,607",-,,109,109,109,109,109,109,109,109,,-10,-10,-40,-10,-20,-40,-20,-20,,178,178,178,237,178,Immune,Immune,,1,1,1,1,1,,40,1,40,3.077,,1,1,1,1,1,1,1,1,1.5,1
Caelid - Fort Gael North,Monstrous Dog,45501000,,668,-,,100,100,100,100,100,100,100,100,,-10,-10,-40,-10,-20,-40,-20,-20,,84,84,84,112,84,Immune,Immune,,1,1,1,1,1,,40,1,40,3.077,,1,1,1,1,1,1,1,1,1.5,1
Caelid - Fort Gael North,Monstrous Dog,45501040,,"1,607",-,,109,109,109,109,109,109,109,109,,-10,-10,-40,-10,-20,-40,-20,-20,,178,178,178,237,178,Immune,Immune,,1,1,1,1,1,,40,1,40,3.077,,1,1,1,1,1,1,1,1,1.5,1
Caelid - Fort Gael North,Monstrous Dog,45502000,,668,-,,100,100,100,100,100,100,100,100,,-10,-10,-40,-10,-20,-40,-20,-20,,84,84,84,112,Immune,Immune,Immune,,1,1,1,1,1,,50,1,50,3.846,,1,1,1,1,1,1,1,1,1.5,1
Caelid - Fort Gael North,Radahn Soldier,43140340,,461,-,,109,109,109,109,109,109,109,109,,0,0,10,-10,0,20,-20,0,,237,237,237,237,237,Immune,Immune,,1,1,1,1,1,,30,1,30,2.308,,1,1,1,1,1,1,1,1,1.5,0
Caelid - Fort Gael North,Radahn Soldier,43141040,,461,-,,109,109,109,109,109,109,109,109,,0,0,10,-10,0,20,-20,0,,237,237,237,237,237,Immune,Immune,,1,1,1,1,1,,30,1,30,2.308,,1,1,1,1,1,1,1,1,1.5,0
Caelid - Fort Gael North,Redmane Kngiht,43540040,,"1,385",-,,109,109,109,109,109,109,109,109,,10,10,35,0,20,40,0,20,,237,237,326,326,237,Immune,Immune,,1,1,1,1,1,,65,1,65,5,,1,1,1,1,1,1,1,1,1.5,0
Caelid - Fort Gael North,Stone Teardrop Scarab,41915040,,370,-,,109,109,109,109,109,109,109,109,,10,10,35,35,40,40,40,40,,Immune,Immune,Immune,Immune,Immune,Immune,Immune,,1,1,1,1,1,,30,1,30,2.308,,1,1,1,1,1,1,1,1,1.5,0
Caelid - Fort Gael North,Tunnel Miner,43823040,,223,-,,109,109,109,109,109,109,109,109,,80,35,80,80,20,40,40,20,,534,326,326,326,237,Immune,Immune,,1,1,1,1,1,,65,1,65,5,,1,1,1,1,1,1,1,1,1.5,0
"Caelid - Fort Gael, Caelid Waypoint Ruins, Gaol Cave Entrance",Commoner (Ghost),36609140,,252,-,,109,109,109,109,109,109,109,109,,-10,-10,-10,-10,-20,-20,-20,0,,Immune,Immune,Immune,Immune,Immune,Immune,Immune,,1,1,1,1,1,,30,1,30,2.308,,1,1,1,1,1,1,1,1,1.5,0
"Caelid - Fort Gael, Caelid Waypoint Ruins, Gaol Cave Entrance",Dragonfly,60800040,,17,-,,100,100,100,100,100,100,100,100,,-40,-40,-10,-40,-40,-100,-40,-40,,84,Immune,63,20,63,Immune,Immune,,1,1,1,1,1,,-1,1,∞,0,,1,1,1,1,1,1,1,1,1.5,0
"Caelid - Fort Gael, Caelid Waypoint Ruins, Gaol Cave Entrance",Flamethrower Tank,44607040,,"1,053",-,,109,109,109,109,109,109,109,109,,10,0,10,10,20,40,20,20,,534,534,326,534,237,Immune,Immune,,1,1,1,1,1,,80,1,80,6.154,,1,0.1,0.1,0.1,0.1,0.1,0.1,0.1,1,1
"Caelid - Fort Gael, Caelid Waypoint Ruins, Gaol Cave Entrance",Flamethrower Tank,44608040,,"1,053",-,,109,109,109,109,109,109,109,109,,10,0,10,10,20,40,20,20,,534,534,326,534,237,Immune,Immune,,1,1,1,1,1,,80,1,80,6.154,,1,0.1,0.1,0.1,0.1,0.1,0.1,0.1,1,1
"Caelid - Fort Gael, Caelid Waypoint Ruins, Gaol Cave Entrance",Fungal Sorcerer,43850040,,389,-,,109,109,109,109,109,109,109,109,,-10,-10,-10,-10,0,-40,0,0,,534,Immune,178,178,237,Immune,Immune,,1,1,1,1,1,,30,1,30,2.308,,1,1,1,1,1,1,1,1,1.5,0
"Caelid - Fort Gael, Caelid Waypoint Ruins, Gaol Cave Entrance",Fungal Sorcerer,43850140,,389,-,,109,109,109,109,109,109,109,109,,-10,-10,-10,-10,0,-40,0,0,,534,Immune,178,178,237,Immune,Immune,,1,1,1,1,1,,30,1,30,2.308,,1,1,1,1,1,1,1,1,1.5,0
"Caelid - Fort Gael, Caelid Waypoint Ruins, Gaol Cave Entrance",Fungal Sorcerer,43850240,,389,-,,109,109,109,109,109,109,109,109,,-10,-10,-10,-10,0,-40,0,0,,534,Immune,178,178,237,Immune,Immune,,1,1,1,1,1,,30,1,30,2.308,,1,1,1,1,1,1,1,1,1.5,0
"Caelid - Fort Gael, Caelid Waypoint Ruins, Gaol Cave Entrance",Kindred of Rot,38101040,,753,-,,109,109,109,109,109,109,109,109,,0,0,10,0,0,-20,0,0,,534,534,178,178,178,Immune,Immune,,1,1,1,1,1,,30,1,30,2.308,,1,1,1,1,1,1,1,1,1.5,0
"Caelid - Fort Gael, Caelid Waypoint Ruins, Gaol Cave Entrance",Larval Kindred of Rot,20410040,,185,-,,109,109,109,109,109,109,109,109,,0,-10,10,0,0,-20,0,0,,237,237,178,133,133,Immune,Immune,,1,1,1,1,1,,30,1,30,2.308,,1,1,1,1,1,1,1,1,1.5,0
"Caelid - Fort Gael, Caelid Waypoint Ruins, Gaol Cave Entrance",Lion Guardian,42700040,,"3,079",-,,109,109,109,109,109,109,109,109,,0,0,-10,0,0,-20,0,0,,326,326,534,534,237,Immune,Immune,,1,1,1,1,1,,80,1,80,6.154,,1,1,1,1,1,1,1,1,1.5,0
"Caelid - Fort Gael, Caelid Waypoint Ruins, Gaol Cave Entrance",Mad Pumpkin Head (Hammer),43401040,,"1,400",-,,109,109,109,109,109,109,109,109,,0,10,-10,0,0,0,-20,0,,237,237,178,178,326,Immune,Immune,,1,1,1,1,1,,65,1,65,5,,1,1,1,1,1,1,1,1,0.2,1
"Caelid - Fort Gael, Caelid Waypoint Ruins, Gaol Cave Entrance",Monstrous Crow,45600000,,"1,204",-,,100,100,100,100,100,100,100,100,,-10,-10,-40,-10,-20,-40,-20,-20,,112,112,112,112,84,Immune,Immune,,1,1,1,1,1,,65,1,65,5,,1,1,1,1,1,1,1,1,1.5,1
"Caelid - Fort Gael, Caelid Waypoint Ruins, Gaol Cave Entrance",Monstrous Dog,45500000,,668,-,,100,100,100,100,100,100,100,100,,-10,-10,-40,-10,-20,-40,-20,-20,,84,84,84,112,84,Immune,Immune,,1,1,1,1,1,,40,1,40,3.077,,1,1,1,1,1,1,1,1,1.5,1
"Caelid - Fort Gael, Caelid Waypoint Ruins, Gaol Cave Entrance",Radahn Foot Soldier,43740540,,353,-,,109,109,109,109,109,109,109,109,,0,0,0,-10,0,20,-20,0,,133,133,178,178,178,Immune,Immune,,1,1,1,1,1,,30,1,30,2.308,,1,1,1,1,1,1,1,1,1.5,0
"Caelid - Fort Gael, Caelid Waypoint Ruins, Gaol Cave Entrance",Radahn Foot Soldier,43741040,,353,-,,109,109,109,109,109,109,109,109,,0,0,0,-10,0,20,-20,0,,133,133,178,178,178,Immune,Immune,,1,1,1,1,1,,30,1,30,2.308,,1,1,1,1,1,1,1,1,1.5,0
"Caelid - Fort Gael, Caelid Waypoint Ruins, Gaol Cave Entrance",Radahn Foot Soldier,43743040,,353,-,,109,109,109,109,109,109,109,109,,0,0,0,-10,0,20,-20,0,,133,133,178,178,178,Immune,Immune,,1,1,1,1,1,,30,1,30,2.308,,1,1,1,1,1,1,1,1,1.5,0
"Caelid - Fort Gael, Caelid Waypoint Ruins, Gaol Cave Entrance",Radahn Foot Soldier,43746040,,353,-,,109,109,109,109,109,109,109,109,,0,0,0,-10,0,20,-20,0,,133,133,178,178,178,Immune,Immune,,1,1,1,1,1,,30,1,30,2.308,,1,1,1,1,1,1,1,1,1.5,0
"Caelid - Fort Gael, Caelid Waypoint Ruins, Gaol Cave Entrance",Redmane Kngiht,43541040,,"1,385",-,,109,109,109,109,109,109,109,109,,10,10,35,0,20,40,0,20,,237,237,326,326,237,Immune,Immune,,1,1,1,1,1,,65,1,65,5,,1,1,1,1,1,1,1,1,1.5,0
"Caelid - Fort Gael, Caelid Waypoint Ruins, Gaol Cave Entrance",Scarlet Putrid Corpse,36622040,,452,-,,109,109,109,109,109,109,109,109,,-40,-40,-40,-40,-40,80,-40,-40,,133,133,133,178,133,Immune,Immune,,1,1,1,1,1,,55,1,55,4.231,,1,1,1,1,1,1,1,1,1.5,0
"Caelid - Fort Gael, Caelid Waypoint Ruins, Gaol Cave Entrance",Wandering Noble,43002040,,204,-,,109,109,109,109,109,109,109,109,,-10,-10,-10,-10,-20,-20,-20,0,,133,133,178,178,178,Immune,Immune,,1,1,1,1,1,,30,1,30,2.308,,1,1,1,1,1,1,1,1,1.5,0
"Caelid - Fort Gael, Caelid Waypoint Ruins, Gaol Cave Entrance",Wandering Noble,43007040,,204,-,,109,109,109,109,109,109,109,109,,-10,-10,-10,-10,-20,-20,-20,0,,Immune,Immune,Immune,Immune,Immune,Immune,Immune,,1,1,1,1,1,,30,1,30,2.308,,1,1,1,1,1,1,1,1,1.5,0
Caelid - Gowry's Shack,Bat Harpy,42017440,,"1,183",-,,109,109,109,109,109,109,109,109,,-10,-10,-40,-10,0,0,0,0,,237,237,237,237,178,Immune,Immune,,1,1,1,1,1,,30,1,30,2.308,,1,1,1,1,1,1,1,1,1.5,0
Caelid - Gowry's Shack,Bat Harpy,42017540,,"1,183",-,,109,109,109,109,109,109,109,109,,-10,-10,-40,-10,0,0,0,0,,237,237,237,237,178,Immune,Immune,,1,1,1,1,1,,30,1,30,2.308,,1,1,1,1,1,1,1,1,1.5,0
Caelid - Gowry's Shack,Bat Harpy,42017640,,"1,183",-,,109,109,109,109,109,109,109,109,,-10,-10,-40,-10,0,0,0,0,,237,237,237,237,178,Immune,Immune,,1,1,1,1,1,,30,1,30,2.308,,1,1,1,1,1,1,1,1,1.5,0
Caelid - Gowry's Shack,Bat Harpy,42017740,,"1,183",-,,109,109,109,109,109,109,109,109,,-10,-10,-40,-10,0,0,0,0,,237,237,237,237,178,Immune,Immune,,1,1,1,1,1,,30,1,30,2.308,,1,1,1,1,1,1,1,1,1.5,0
Caelid - Gowry's Shack,Bat Harpy,42017840,,"1,183",-,,109,109,109,109,109,109,109,109,,-10,-10,-40,-10,0,0,0,0,,237,237,237,237,178,Immune,Immune,,1,1,1,1,1,,30,1,30,2.308,,1,1,1,1,1,1,1,1,1.5,0
Caelid - Gowry's Shack,Demi-Human,41000040,,286,-,,109,109,109,109,109,109,109,109,,-10,-10,-40,-10,-20,-20,-20,-20,,178,178,178,237,178,Immune,Immune,,1,1,1,1,1,,30,1,30,2.308,,1,1,1,1,1,1,1,1,1.5,0
Caelid - Gowry's Shack,Demi-Human,41001040,,286,-,,109,109,109,109,109,109,109,109,,-10,-10,-40,-10,-20,-20,-20,-20,,178,178,178,237,178,Immune,Immune,,1,1,1,1,1,,30,1,30,2.308,,1,1,1,1,1,1,1,1,1.5,0
Caelid - Gowry's Shack,Demi-Human,41002040,,286,-,,109,109,109,109,109,109,109,109,,-10,-10,-40,-10,-20,-20,-20,-20,,178,178,178,237,178,Immune,Immune,,1,1,1,1,1,,30,1,30,2.308,,1,1,1,1,1,1,1,1,1.5,0
Caelid - Gowry's Shack,Giant Bat,42000040,,303,-,,109,109,109,109,109,109,109,109,,-10,-10,-40,-10,-20,-20,-20,-20,,178,178,178,178,42,Immune,Immune,,1,1,1,1,1,,30,1,30,2.308,,1,1,1,1,1,1,1,1,1.5,0
Caelid - Gowry's Shack,Giant Bat,42000140,,303,-,,109,109,109,109,109,109,109,109,,-10,-10,-40,-10,-20,-20,-20,-20,,178,178,178,178,42,Immune,Immune,,1,1,1,1,1,,30,1,30,2.308,,1,1,1,1,1,1,1,1,1.5,0
Caelid - Gowry's Shack,Kindred of Rot,38109040,,753,-,,109,109,109,109,109,109,109,109,,0,0,10,0,0,-20,0,0,,534,534,178,178,178,Immune,Immune,,1,1,1,1,1,,30,1,30,2.308,,1,1,1,1,1,1,1,1,1.5,0
Caelid - Gowry's Shack,Monstrous Dog,45504040,,"1,607",-,,109,109,109,109,109,109,109,109,,-10,-10,-40,-10,-20,-40,-20,-20,,178,178,178,237,178,Immune,Immune,,1,1,1,1,1,,40,1,40,3.077,,1,1,1,1,1,1,1,1,1.5,1
Caelid - Redmane Castle,Abductor Virgin,44702041,,"3,811",-,,110,110,110,110,110,110,110,110,,10,0,10,10,0,20,-20,20,,Immune,Immune,Immune,Immune,Immune,Immune,Immune,,1,1,1,1,1,,65,0,∞,5,,1,1,1,1,1,1,1,1,2,1
Caelid - Redmane Castle,Ballista,81000041,,"1,825",-,,110,110,110,110,110,110,110,110,,0,-10,10,10,0,-20,0,0,,Immune,Immune,Immune,Immune,Immune,Immune,Immune,,1,1,1,1,1,,-1,1,∞,504.95,,1,1,1,1,1,1,1,1,1.5,0
Caelid - Redmane Castle,Blaidd the Half-Wolf,20109040,,"3,175",-,,109,109,109,109,109,109,109,109,,10,10,10,0,40,0,20,20,,Immune,Immune,Immune,Immune,Immune,Immune,Immune,,1,1,1,1,1,,80,1,80,6.154,,1,1,1,1,1,1,1,1,1.5,0
Caelid - Redmane Castle,Commoner (Sword),36600041,,282,-,,110,110,110,110,110,110,110,110,,-10,-10,-10,-10,-20,-20,-20,0,,134,134,179,179,179,Immune,Immune,,1,1,1,1,1,,30,1,30,2.308,,1,1,1,1,1,1,1,1,1.5,0
Caelid - Redmane Castle,Crimson Teardrop Scarab,41910041,,413,-,,110,110,110,110,110,110,110,110,,10,10,35,35,40,40,40,40,,Immune,Immune,Immune,Immune,Immune,Immune,Immune,,1,1,1,1,1,,30,1,30,2.308,,1,1,1,1,1,1,1,1,1.5,0
Caelid - Redmane Castle,Crucible Knight (Greatsword) [Boss],25000941,,"4,515",-,,110,110,110,110,110,110,110,110,,35,35,35,35,40,20,20,40,,539,539,Immune,539,539,Immune,Immune,,1,0.7,1,1,1,,80,1,80,6.154,,1,1,1,1,1,1,1,1,1.5,0
Caelid - Redmane Castle,Dragon-faced Flamethrower,81100041,,"1,185",-,,110,110,110,110,110,110,110,110,,35,10,35,35,40,40,40,40,,Immune,Immune,Immune,Immune,Immune,Immune,Immune,,1,1,1,1,1,,-1,1,∞,504.95,,1,1,1,1,1,1,1,1,1.5,0
Caelid - Redmane Castle,Giant Ballista,81010041,,"1,825",-,,110,110,110,110,110,110,110,110,,0,-10,10,10,0,-20,0,0,,Immune,Immune,Immune,Immune,Immune,Immune,Immune,,1,1,1,1,1,,-1,1,∞,504.95,,1,1,1,1,1,1,1,1,1.5,0
Caelid - Redmane Castle,Iron Fist Alexander,44909540,,"1,080",-,,109,109,109,109,109,109,109,109,,10,-40,35,35,0,20,20,20,,Immune,Immune,Immune,Immune,Immune,Immune,Immune,,1,1,1,1,1,,80,1,80,6.154,,1,1,1,1,1,1,1,1,1.5,1
Caelid - Redmane Castle,Lion Guardian,42700041,,"3,440",-,,110,110,110,110,110,110,110,110,,0,0,-10,0,0,-20,0,0,,329,329,539,539,239,Immune,Immune,,1,1,1,1,1,,80,1,80,6.154,,1,1,1,1,1,1,1,1,1.5,0
Caelid - Redmane Castle,Mad Pumpkin Head (Hammer),43401041,,"1,564",-,,110,110,110,110,110,110,110,110,,0,10,-10,0,0,0,-20,0,,239,239,179,179,329,Immune,Immune,,1,1,1,1,1,,65,1,65,5,,1,1,1,1,1,1,1,1,0.2,1
Caelid - Redmane Castle,Misbegotten Warrior [Boss],34600941,,"3,569",-,,110,110,110,110,110,110,110,110,,10,10,0,10,20,0,20,20,,329,329,329,329,329,Immune,Immune,,0.7,0.7,1,1,1,,80,1,80,6.154,,1,1,1,1,1,1,1,1,1.5,0
Caelid - Redmane Castle,Noble's Page,37030041,,948,-,,110,110,110,110,110,110,110,110,,0,10,0,0,0,0,0,0,,179,179,239,239,239,Immune,Immune,,1,1,1,1,1,,65,1,65,5,,1,1,1,1,1,1,1,1,1.5,0
Caelid - Redmane Castle,Radahn Foot Soldier,43740041,,395,-,,110,110,110,110,110,110,110,110,,0,0,0,-10,0,20,-20,0,,134,134,179,179,179,Immune,Immune,,1,1,1,1,1,,30,1,30,2.308,,1,1,1,1,1,1,1,1,1.5,0
Caelid - Redmane Castle,Radahn Foot Soldier,43740541,,395,-,,110,110,110,110,110,110,110,110,,0,0,0,-10,0,20,-20,0,,134,134,179,179,179,Immune,Immune,,1,1,1,1,1,,30,1,30,2.308,,1,1,1,1,1,1,1,1,1.5,0
Caelid - Redmane Castle,Radahn Foot Soldier,43741441,,395,-,,110,110,110,110,110,110,110,110,,0,0,0,-10,0,20,-20,0,,134,134,179,179,179,Immune,Immune,,1,1,1,1,1,,30,1,30,2.308,,1,1,1,1,1,1,1,1,1.5,0
Caelid - Redmane Castle,Radahn Foot Soldier,43741541,,395,-,,110,110,110,110,110,110,110,110,,0,0,0,-10,0,20,-20,0,,134,134,179,179,179,Immune,Immune,,1,1,1,1,1,,30,1,30,2.308,,1,1,1,1,1,1,1,1,1.5,0
Caelid - Redmane Castle,Radahn Foot Soldier,43741841,,395,-,,110,110,110,110,110,110,110,110,,0,0,0,-10,0,20,-20,0,,134,134,179,179,179,Immune,Immune,,1,1,1,1,1,,30,1,30,2.308,,1,1,1,1,1,1,1,1,1.5,0
Caelid - Redmane Castle,Radahn Foot Soldier,43742041,,395,-,,110,110,110,110,110,110,110,110,,0,0,0,-10,0,20,-20,0,,134,134,179,179,179,Immune,Immune,,1,1,1,1,1,,30,1,30,2.308,,1,1,1,1,1,1,1,1,1.5,0
Caelid - Redmane Castle,Radahn Foot Soldier,43746041,,395,-,,110,110,110,110,110,110,110,110,,0,0,0,-10,0,20,-20,0,,134,134,179,179,179,Immune,Immune,,1,1,1,1,1,,30,1,30,2.308,,1,1,1,1,1,1,1,1,1.5,0
Caelid - Redmane Castle,Radahn Foot Soldier,43747041,,395,-,,110,110,110,110,110,110,110,110,,0,0,0,-10,0,20,-20,0,,134,134,179,179,179,Immune,Immune,,1,1,1,1,1,,30,1,30,2.308,,1,1,1,1,1,1,1,1,1.5,0
Caelid - Redmane Castle,Radahn Soldier,43140041,,516,-,,110,110,110,110,110,110,110,110,,0,0,10,-10,0,20,-20,0,,239,239,239,239,239,Immune,Immune,,1,1,1,1,1,,30,1,30,2.308,,1,1,1,1,1,1,1,1,1.5,0
Caelid - Redmane Castle,Radahn Soldier,43140341,,516,-,,110,110,110,110,110,110,110,110,,0,0,10,-10,0,20,-20,0,,239,239,239,239,239,Immune,Immune,,1,1,1,1,1,,30,1,30,2.308,,1,1,1,1,1,1,1,1,1.5,0
Caelid - Redmane Castle,Radahn Soldier,43141141,,516,-,,110,110,110,110,110,110,110,110,,0,0,10,-10,0,20,-20,0,,239,239,239,239,239,Immune,Immune,,1,1,1,1,1,,30,1,30,2.308,,1,1,1,1,1,1,1,1,1.5,0
Caelid - Redmane Castle,Radahn Soldier,43143041,,516,-,,110,110,110,110,110,110,110,110,,0,0,10,-10,0,20,-20,0,,239,239,239,239,239,Immune,Immune,,1,1,1,1,1,,30,1,30,2.308,,1,1,1,1,1,1,1,1,1.5,0
Caelid - Redmane Castle,Redmane Kngiht,43540041,,"1,548",-,,110,110,110,110,110,110,110,110,,10,10,35,0,20,40,0,20,,239,239,329,329,239,Immune,Immune,,1,1,1,1,1,,65,1,65,5,,1,1,1,1,1,1,1,1,1.5,0
Caelid - Redmane Castle,Redmane Kngiht,43541041,,"1,548",-,,110,110,110,110,110,110,110,110,,10,10,35,0,20,40,0,20,,239,239,329,329,239,Immune,Immune,,1,1,1,1,1,,65,1,65,5,,1,1,1,1,1,1,1,1,1.5,0
Caelid - Redmane Castle,Small Living Mass,41700141,,739,-,,110,110,110,110,110,110,110,110,,80,80,80,80,40,-40,40,40,,539,539,239,239,Immune,Immune,Immune,,1,1,1,1,1,,120,1,120,9.231,,1,1,1,1,1,1,1,1,1.5,1
Caelid - Redmane Castle,Starved Dog,41610041,,435,-,,110,110,110,110,110,110,110,110,,-10,-10,-40,-10,-20,-40,-20,-20,,179,179,179,239,179,Immune,Immune,,1,1,1,1,1,,30,1,30,2.308,,1,1,1,1,1,1,1,1,1.5,0
Caelid - Redmane Castle,Troll Knight,46003041,,"5,109",-,,110,110,110,110,110,110,110,110,,0,0,-10,0,0,20,0,0,,239,239,239,329,42,Immune,Immune,,1,1,1,1,1,,65,1,65,5,,1,1,1,1,1,1,1,1,2,1
Caelid - Redmane Castle South Cliffside,Ash Teardrop Scarab,41912041,,413,-,,110,110,110,110,110,110,110,110,,10,10,35,35,40,40,40,40,,Immune,Immune,Immune,Immune,Immune,Immune,Immune,,1,1,1,1,1,,30,1,30,2.308,,1,1,1,1,1,1,1,1,1.5,0
Caelid - Redmane Castle South Cliffside,Bat Harpy,42017441,,"1,322",-,,110,110,110,110,110,110,110,110,,-10,-10,-40,-10,0,0,0,0,,239,239,239,239,179,Immune,Immune,,1,1,1,1,1,,30,1,30,2.308,,1,1,1,1,1,1,1,1,1.5,0
Caelid - Redmane Castle South Cliffside,Giant Bat,42000141,,338,-,,110,110,110,110,110,110,110,110,,-10,-10,-40,-10,-20,-20,-20,-20,,179,179,179,179,42,Immune,Immune,,1,1,1,1,1,,30,1,30,2.308,,1,1,1,1,1,1,1,1,1.5,0
"Caelid - Smoldering Church, Rotview Balcony",Erdtree Guardian,36502040,,353,-,,109,109,109,109,109,109,109,109,,0,10,-10,0,0,-20,40,40,,534,326,237,178,178,Immune,Immune,,1,1,1,1,1,,55,1,55,4.231,,1,1,1,1,1,1,1,1,1.5,0
"Caelid - Smoldering Church, Rotview Balcony",Mushroom Dog,41670040,,389,-,,109,109,109,109,109,109,109,109,,-10,-10,-40,-10,-20,-100,-20,-20,,326,326,178,237,178,Immune,Immune,,1,1,1,1,1,,30,1,30,2.308,,1,1,1,1,1,1,1,1,1.5,0
"Caelid - Smoldering Church, Rotview Balcony",Putrid Corpse,36616040,,904,-,,109,109,109,109,109,109,109,109,,-40,-40,-40,-40,-40,-100,-40,-40,,178,237,133,133,133,Immune,Immune,,1,1,1,1,1,,50,1,50,3.846,,1,1,1,1,1,1,1,1,1.5,0
"Caelid - Smoldering Church, Rotview Balcony",Scarlet Putrid Corpse,36626040,,"1,506",-,,109,109,109,109,109,109,109,109,,-40,-40,-40,-40,-40,-100,-40,-40,,178,237,133,133,133,Immune,Immune,,1,1,1,1,1,,55,1,55,4.231,,1,1,1,1,1,1,1,1,1.5,0
"Caelid - Smoldering Church, Rotview Balcony",Starved Dog,41610040,,389,-,,109,109,109,109,109,109,109,109,,-10,-10,-40,-10,-20,-40,-20,-20,,178,178,178,237,178,Immune,Immune,,1,1,1,1,1,,30,1,30,2.308,,1,1,1,1,1,1,1,1,1.5,0
"Caelid - Smoldering Church, Rotview Balcony",Wandering Noble (Ghost),43009340,,204,-,,109,109,109,109,109,109,109,109,,-10,-10,-10,-10,-20,-20,-20,0,,Immune,Immune,Immune,Immune,Immune,Immune,Immune,,1,1,1,1,1,,30,1,30,2.308,,1,1,1,1,1,1,1,1,1.5,0
"Caelid - Smoldering Wall, Abandoned Cave Entrance",Abductor Virgin (Scythe),44700040,,"3,411",-,,109,109,109,109,109,109,109,109,,10,0,10,10,0,20,-20,20,,Immune,Immune,Immune,Immune,Immune,Immune,Immune,,1,1,1,1,1,,65,0,∞,5,,1,1,1,1,1,1,1,1,2,1
"Caelid - Smoldering Wall, Abandoned Cave Entrance",Finger Reader Crone,21601040,,"2,170",-,,109,109,109,109,109,109,109,109,,0,0,0,0,0,-20,0,0,,237,237,237,237,Immune,Immune,Immune,,1,1,1,1,1,,-1,1,∞,0,,1,1,1,1,1,1,1,1,1.5,0
"Caelid - Smoldering Wall, Abandoned Cave Entrance",Flamethrower Tank,44608840,,"1,053",-,,109,109,109,109,109,109,109,109,,10,0,10,10,20,40,20,20,,534,534,326,534,237,Immune,Immune,,1,1,1,1,1,,80,1,80,6.154,,1,0.1,0.1,0.1,0.1,0.1,0.1,0.1,1,1
"Caelid - Smoldering Wall, Abandoned Cave Entrance",Lookout Stone,44300040,,418,-,,109,109,109,109,109,109,109,109,,35,10,35,35,40,40,40,40,,Immune,Immune,Immune,Immune,Immune,Immune,Immune,,1,1,1,1,1,,30,1,30,2.308,,1,1,1,1,1,1,1,1,2,0
"Caelid - Smoldering Wall, Abandoned Cave Entrance",Lookout Stone,44301040,,418,-,,109,109,109,109,109,109,109,109,,35,10,35,35,40,40,40,40,,Immune,Immune,Immune,Immune,Immune,Immune,Immune,,1,1,1,1,1,,30,1,30,2.308,,1,1,1,1,1,1,1,1,2,0
"Caelid - Smoldering Wall, Abandoned Cave Entrance",Orb of Many Faces,37300040,,"1,426",-,,109,109,109,109,109,109,109,109,,10,10,35,80,80,40,40,20,,Immune,Immune,Immune,Immune,Immune,Immune,Immune,,1,1,1,1,1,,80,1,80,6.154,,1,1,1,1,1,1,1,1,1.5,0
"Caelid - Smoldering Wall, Abandoned Cave Entrance",Putrid Corpse,36619040,,904,-,,109,109,109,109,109,109,109,109,,-40,-40,-40,-40,-40,-40,-40,-40,,133,133,133,133,133,Immune,Immune,,1,1,1,1,1,,50,1,50,3.846,,1,1,1,1,1,1,1,1,1.5,0
"Caelid - Smoldering Wall, Abandoned Cave Entrance",Runebear,46300240,,"6,219",-,,109,109,109,109,109,109,109,109,,0,0,-10,0,0,-20,0,0,,326,326,534,534,178,Immune,Immune,,1,1,1,1,1,,80,1,80,6.154,,1,1,1,1,1,1,1,1,1.5,0
Caelid - South Great-Jar Area,Gull,60700040,,27,-,,100,100,100,100,100,100,100,100,,-40,-40,-40,-40,-40,-100,-40,-40,,63,63,63,63,63,Immune,Immune,,1,1,1,1,1,,-1,1,∞,0,,1,1,1,1,1,1,1,1,1.5,0
Caelid - South Great-Jar Area,Living Jar (Huge),44920040,,0,-,,109,109,109,109,109,109,109,109,,100,100,100,100,100,100,100,100,,Immune,Immune,Immune,Immune,Immune,Immune,Immune,,1,1,1,1,1,,-1,1,∞,0,,1,1,1,1,1,1,1,1,1.5,1
Caelid - Southern Aeonia Swamp Bank,Abductor Virgin,44702000,,"1,418",-,,100,100,100,100,100,100,100,100,,10,0,10,10,0,20,-20,20,,Immune,Immune,Immune,Immune,Immune,Immune,Immune,,1,1,1,1,1,,65,0,∞,5,,1,1,1,1,1,1,1,1,2,1
Caelid - Southern Aeonia Swamp Bank,Avionette,38600040,,416,-,,109,109,109,109,109,109,109,109,,0,-10,10,10,0,-20,0,0,,Immune,Immune,Immune,Immune,Immune,Immune,Immune,,1,1,1,1,1,,30,1,30,2.308,,1,1,1,1,1,1,1,1,1,0
Caelid - Southern Aeonia Swamp Bank,Avionette,38601040,,416,-,,109,109,109,109,109,109,109,109,,0,-10,10,10,0,-20,0,0,,Immune,Immune,Immune,Immune,Immune,Immune,Immune,,1,1,1,1,1,,30,1,30,2.308,,1,1,1,1,1,1,1,1,1,0
Caelid - Southern Aeonia Swamp Bank,Death Rite Bird [Boss],49801040,,"7,952",-,,111,111,111,111,111,111,111,111,,10,-40,10,35,20,20,40,-40,,Immune,543,Immune,Immune,Immune,Immune,Immune,,1,1,1,1,1,,120,1,120,9.231,,1,1,1,1,1,1,1,1,1.5,1
Caelid - Southern Aeonia Swamp Bank,Marionette,38500040,,430,-,,109,109,109,109,109,109,109,109,,0,-10,10,10,0,-20,0,0,,Immune,Immune,Immune,Immune,Immune,Immune,Immune,,1,1,1,1,1,,30,1,30,2.308,,1,1,1,1,1,1,1,1,1,0
Caelid - Southern Aeonia Swamp Bank,Marionette,38501140,,430,-,,109,109,109,109,109,109,109,109,,0,-10,10,10,0,-20,0,0,,Immune,Immune,Immune,Immune,Immune,Immune,Immune,,1,1,1,1,1,,30,1,30,2.308,,1,1,1,1,1,1,1,1,1,0
Caelid - Southern Aeonia Swamp Bank,Marionette,38502040,,430,-,,109,109,109,109,109,109,109,109,,0,-10,10,10,0,-20,0,0,,Immune,Immune,Immune,Immune,Immune,Immune,Immune,,1,1,1,1,1,,30,1,30,2.308,,1,1,1,1,1,1,1,1,1,0
Caelid - Southern Aeonia Swamp Bank,Night's Cavalry (Flail) [Boss],31501040,,"3,269",-,,111,111,111,111,111,111,111,111,,35,35,35,10,40,40,20,40,,332,332,543,543,Immune,Immune,Immune,,0.7,0.7,1,1,1,,80,1,80,6.154,,1,1,1,1,1,1,1,1,1.5,0
Caelid - Southern Aeonia Swamp Bank,Night's Cavalry Horse,31600040,,"3,539",-,,111,111,111,111,111,111,111,111,,10,10,0,10,20,20,20,20,,332,332,332,332,Immune,Immune,Immune,,0.7,0.7,1,1,1,,80,1,80,6.154,,1,1,1,1,1,1,1,1,1.5,0
Caelid - Southern Aeonia Swamp Bank,Nomad Mule,32102340,,"1,797",-,,109,109,109,109,109,109,109,109,,-10,0,-10,-10,0,-20,0,0,,237,237,326,326,Immune,Immune,Immune,,1,1,1,1,1,,30,1,30,2.308,,1,1,1,1,1,1,1,1,1.5,0
Caelid - Southern Aeonia Swamp Bank,Nomadic Merchant,32002340,,"3,084",-,,109,109,109,109,109,109,109,109,,-10,0,-10,-10,0,0,0,0,,237,237,237,326,Immune,Immune,Immune,,1,1,1,1,1,,30,1,30,2.308,,1,1,1,1,1,1,1,1,1.5,0
Caelid - Southern Aeonia Swamp Bank,Turtle,60900040,,378,-,,100,100,100,100,100,100,100,100,,35,0,35,0,-40,-100,-40,-40,,63,63,63,63,63,Immune,Immune,,1,1,1,1,1,,-1,1,∞,0,,2,1,1,1,1,1,1,1,1.5,1
Caelid - Southwest of Caelid Highway South,Monstrous Dog,45503040,,"1,607",-,,109,109,109,109,109,109,109,109,,-10,-10,-40,-10,-20,-40,-20,-20,,178,178,178,237,Immune,Immune,Immune,,1,1,1,1,1,,50,1,50,3.846,,1,1,1,1,1,1,1,1,1.5,1
Caelid - Southwest of Caelid Highway South,Redmane Kngiht,43541140,,"1,385",-,,109,109,109,109,109,109,109,109,,10,10,35,0,20,40,0,20,,237,237,326,326,237,Immune,Immune,,1,1,1,1,1,,65,1,65,5,,1,1,1,1,1,1,1,1,1.5,0
Caelid - Southwest of Caelid Highway South,Redmane Knight's Horse,43640040,,"1,077",-,,109,109,109,109,109,109,109,109,,0,0,-10,0,0,20,0,0,,237,237,237,237,237,Immune,Immune,,1,1,1,1,1,,65,1,65,5,,1,1,1,1,1,1,1,1,1.5,0
Caelid - West Aeonia Swamp,Cleanrot Knight (Sickle),38001040,,"1,051",-,,109,109,109,109,109,109,109,109,,10,10,35,0,20,-20,0,40,,534,Immune,326,326,237,Immune,Immune,,1,1,1,1,1,,65,1,65,5,,1,1,1,1,1,1,1,1,1.5,0
Caelid - West Aeonia Swamp,Cleanrot Knight (Spear),38000040,,"1,051",-,,109,109,109,109,109,109,109,109,,10,10,35,0,20,-20,0,40,,534,Immune,326,326,237,Immune,Immune,,1,1,1,1,1,,65,1,65,5,,1,1,1,1,1,1,1,1,1.5,0
Caelid - West Aeonia Swamp,Dragonfly,60820040,,17,-,,100,100,100,100,100,100,100,100,,-40,-40,-10,-40,-40,-100,-40,-40,,Immune,Immune,63,20,63,Immune,Immune,,1,1,1,1,1,,-1,1,∞,0,,1,1,1,1,1,1,1,1,1.5,0
Caelid - West Aeonia Swamp,Nomad Mule,32102240,,"1,797",-,,109,109,109,109,109,109,109,109,,-10,0,-10,-10,0,-20,0,0,,237,237,326,326,Immune,Immune,Immune,,1,1,1,1,1,,30,1,30,2.308,,1,1,1,1,1,1,1,1,1.5,0
Caelid - West Aeonia Swamp,Nomadic Merchant,32002240,,"3,084",-,,109,109,109,109,109,109,109,109,,-10,0,-10,-10,0,0,0,0,,237,237,237,326,Immune,Immune,Immune,,1,1,1,1,1,,30,1,30,2.308,,1,1,1,1,1,1,1,1,1.5,0
Caelid - West Aeonia Swamp,Wandering Noble (Ghost),43009240,,204,-,,109,109,109,109,109,109,109,109,,-10,-10,-10,-10,-20,-20,-20,0,,Immune,Immune,Immune,Immune,Immune,Immune,Immune,,1,1,1,1,1,,30,1,30,2.308,,1,1,1,1,1,1,1,1,1.5,0
Caelid - West of Caelid Highway South,Large Mushroom Dog,41660040,,813,-,,109,109,109,109,109,109,109,109,,-10,-10,-40,-10,-20,-100,-20,-20,,326,326,178,237,178,Immune,Immune,,1,1,1,1,1,,30,1,30,2.308,,1,1,1,1,1,1,1,1,1.5,0
Caelid - West of Caelid Highway South,Troll Knight,46003140,,"4,573",-,,109,109,109,109,109,109,109,109,,0,0,-10,0,0,20,0,0,,237,237,237,326,42,Immune,Immune,,1,1,1,1,1,,65,1,65,5,,1,1,1,1,1,1,1,1,2,1
Caelid - West of Caelid Highway South,Wandering Noble,43000040,,204,-,,109,109,109,109,109,109,109,109,,-10,-10,-10,-10,-20,-20,-20,0,,133,133,178,178,178,Immune,Immune,,1,1,1,1,1,,30,1,30,2.308,,1,1,1,1,1,1,1,1,1.5,0
Caelid - West of Caelid Highway South,Wandering Noble,43000140,,204,-,,109,109,109,109,109,109,109,109,,-10,-10,-10,-10,-20,-20,-20,0,,133,133,178,178,178,Immune,Immune,,1,1,1,1,1,,30,1,30,2.308,,1,1,1,1,1,1,1,1,1.5,0
Caelid - West of Caelid Highway South,Wandering Noble,43000240,,204,-,,109,109,109,109,109,109,109,109,,-10,-10,-10,-10,-20,-20,-20,0,,133,133,178,178,178,Immune,Immune,,1,1,1,1,1,,30,1,30,2.308,,1,1,1,1,1,1,1,1,1.5,0
Caelid - West of Caelid Highway South,Wandering Noble,43001240,,204,-,,109,109,109,109,109,109,109,109,,-10,-10,-10,-10,-20,-20,-20,0,,133,133,178,178,178,Immune,Immune,,1,1,1,1,1,,30,1,30,2.308,,1,1,1,1,1,1,1,1,1.5,0
"Caelid - West Sellia, Sellia Crystal Tunnel Entrance",Battlemage Hugues [Boss],37040940,,"4,095",-,,111,111,111,111,111,111,111,111,,0,10,0,0,40,20,20,0,,181,181,241,241,241,Immune,Immune,,0.7,0.7,0.7,1,1,,65,1,65,5,,1,1,1,1,1,1,1,1,0.5,0
"Caelid - West Sellia, Sellia Crystal Tunnel Entrance",Cerulean Huge Teardrop Scarab,41921042,,"1,812",-,,120,120,120,120,120,120,120,120,,10,10,35,35,40,40,40,40,,Immune,Immune,Immune,Immune,Immune,Immune,Immune,,1,1,1,1,1,,80,1,80,6.154,,1,1,1,1,1,1,1,1,1.5,0
"Caelid - West Sellia, Sellia Crystal Tunnel Entrance",Crimson Huge Teardrop Scarab,41920040,,652,-,,109,109,109,109,109,109,109,109,,10,10,35,35,40,40,40,40,,Immune,Immune,Immune,Immune,Immune,Immune,Immune,,1,1,1,1,1,,80,1,80,6.154,,1,1,1,1,1,1,1,1,1.5,0
"Caelid - West Sellia, Sellia Crystal Tunnel Entrance",Lesser Dragon,45050042,,"6,815",-,,120,120,120,120,120,120,120,120,,35,35,35,10,40,40,40,40,,574,574,574,574,Immune,Immune,Immune,,1,1,1,1,1,,80,1,80,6.154,,1,1,1,1,1,1,1,1,1.5,1
"Caelid - West Sellia, Sellia Crystal Tunnel Entrance",Marionette,38501040,,430,-,,109,109,109,109,109,109,109,109,,0,-10,10,10,0,-20,0,0,,Immune,Immune,Immune,Immune,Immune,Immune,Immune,,1,1,1,1,1,,30,1,30,2.308,,1,1,1,1,1,1,1,1,1,0
"Caelid - West Sellia, Sellia Crystal Tunnel Entrance",Marionette,38501240,,430,-,,109,109,109,109,109,109,109,109,,0,-10,10,10,0,-20,0,0,,Immune,Immune,Immune,Immune,Immune,Immune,Immune,,1,1,1,1,1,,30,1,30,2.308,,1,1,1,1,1,1,1,1,1,0
"Caelid - West Sellia, Sellia Crystal Tunnel Entrance",Nox Priest [Boss],33000940,,"1,631",-,,109,109,109,109,109,109,109,109,,0,0,-10,0,20,0,0,-20,,326,326,326,326,237,Immune,Immune,,0.7,0.7,1,1,1,,65,1,65,5,,1,1,1,1,1,1,1,1,1.5,0
"Caelid - West Sellia, Sellia Crystal Tunnel Entrance",Nox Swordstress [Boss],33001940,,"1,631",-,,109,109,109,109,109,109,109,109,,0,0,-10,0,20,0,0,-20,,326,326,326,326,237,Immune,Immune,,0.7,0.7,1,1,1,,65,1,65,5,,1,1,1,1,1,1,1,1,1.5,0
"Caelid - West Sellia, Sellia Crystal Tunnel Entrance",Raya Lucaria Scholar,37020040,,440,-,,109,109,109,109,109,109,109,109,,-10,0,-10,-10,40,20,20,0,,Immune,Immune,Immune,Immune,237,Immune,Immune,,1,1,1,1,1,,30,1,30,2.308,,1,1,1,1,1,1,1,1,1.5,0
"Caelid - West Sellia, Sellia Crystal Tunnel Entrance",Raya Lucaria Scholar,37023140,,642,-,,109,109,109,109,109,109,109,109,,-10,0,-10,-10,40,20,20,0,,Immune,Immune,Immune,Immune,237,Immune,Immune,,1,1,1,1,1,,30,1,30,2.308,,1,1,1,1,1,1,1,1,1.5,0
"Caelid - West Sellia, Sellia Crystal Tunnel Entrance",Skeleton (Curved Sword),35000040,,356,-,,109,109,109,109,109,109,109,109,,0,-40,10,35,0,20,40,-40,,Immune,237,Immune,Immune,Immune,Immune,Immune,,1,1,1,1,1,,30,1,30,2.308,,0,1,1,1,1,1,1,1,1.5,0
"Caelid - West Sellia, Sellia Crystal Tunnel Entrance",Wandering Noble,43002140,,204,-,,109,109,109,109,109,109,109,109,,-10,-10,-10,-10,-20,-20,-20,0,,Immune,Immune,Immune,Immune,178,Immune,Immune,,1,1,1,1,1,,30,1,30,2.308,,1,1,1,1,1,1,1,1,1.5,0
Caelid Catacombs,Cemetery Shade [Boss],36640040,,"1,467",-,,109,109,109,109,109,109,109,109,,10,10,10,35,0,0,0,-20,,Immune,Immune,Immune,Immune,Immune,Immune,Immune,,1,1,1,1,1,,70,1,70,5.385,,1,1,1,1,1,1,1,1,1.5,0
Caelid Catacombs,Fading Giant Miranda Sprout,44820040,,"4,665",-,,109,109,109,109,109,109,109,109,,0,35,-40,0,-20,-100,20,20,,"1,150",Immune,534,133,237,Immune,Immune,,1,1,1,1,1,,100,1,100,7.692,,1,1,1,1,1,1,1,1,1.5,1
Caelid Catacombs,Fading Miranda Sprout,44830040,,288,-,,109,109,109,109,109,109,109,109,,-10,10,-40,-10,0,-100,40,40,,"1,150",Immune,534,133,237,Immune,Immune,,1,1,1,1,1,,30,1,30,2.308,,1,1,1,1,1,1,1,1,1.5,1
Caelid Catacombs,Fading Miranda Sprout,44831040,,288,-,,109,109,109,109,109,109,109,109,,-10,10,-40,-10,0,-100,40,40,,"1,150",Immune,534,133,237,Immune,Immune,,1,1,1,1,1,,-1,1,∞,0,,1,1,1,1,1,1,1,1,1.5,1
Caelid Catacombs,Skeleton (Scimitar),35101040,,676,-,,109,109,109,109,109,109,109,109,,0,-40,10,35,0,20,40,-40,,Immune,237,Immune,Immune,Immune,Immune,Immune,,1,1,1,1,1,,35,1,35,2.692,,1,1,1,1,1,1,1,1,1.5,0
Caelid Catacombs,Skeleton (Scimitar),35102040,,676,-,,109,109,109,109,109,109,109,109,,0,-40,10,35,0,20,40,-40,,Immune,237,Immune,Immune,Immune,Immune,Immune,,1,1,1,1,1,,30,1,30,2.308,,1,1,1,1,1,1,1,1,1.5,0
"Capital Outskirts - Capital Rampart, Auriza Side Tomb Entrance",Bear,60310033,,681,-,,100,100,100,100,100,100,100,100,,-40,-40,-40,-40,-40,-100,-40,-40,,63,63,63,63,63,Immune,Immune,,1,1,1,1,1,,-1,1,∞,0,,1,1,1,1,1,1,1,1,1.5,0
"Capital Outskirts - Capital Rampart, Auriza Side Tomb Entrance",Draconic Tree Sentinel [Boss],32500033,,"8,398",-,,114,114,114,114,114,114,114,114,,10,10,35,10,20,40,40,20,,337,337,552,552,337,Immune,Immune,,0.7,0.7,1,1,1,,80,1,80,6.154,,1,1,1,1,1,1,1,1,1.5,0
"Capital Outskirts - Capital Rampart, Auriza Side Tomb Entrance",Golem,46600133,,"17,017",-,,111,111,111,111,111,111,111,111,,10,0,10,10,20,40,40,40,,Immune,Immune,Immune,Immune,Immune,Immune,Immune,,1,1,1,1,1,,120,0.64,187.5,9.231,,1,1,1,1,1,1,1,1,2.5,1
"Capital Outskirts - Capital Rampart, Auriza Side Tomb Entrance",Golem,46605140,,"5,875",-,,109,109,109,109,109,109,109,109,,10,0,10,10,40,40,40,40,,Immune,Immune,Immune,Immune,Immune,Immune,Immune,,1,1,1,1,1,,120,0.64,187.5,9.231,,1,1,1,1,1,1,1,1,2.5,1
"Capital Outskirts - Capital Rampart, Auriza Side Tomb Entrance",Golem,46607033,,"7,936",-,,111,111,111,111,111,111,111,111,,10,0,10,10,20,40,40,40,,Immune,Immune,Immune,Immune,Immune,Immune,Immune,,1,1,1,1,1,,120,0.4096,292.969,9.231,,1,1,1,1,1,1,1,1,2.5,1
"Capital Outskirts - Capital Rampart, Auriza Side Tomb Entrance",Owl,60400033,,27,-,,100,100,100,100,100,100,100,100,,-40,-40,-40,-40,-40,-100,-40,-40,,63,63,63,63,63,Immune,Immune,,1,1,1,1,1,,-1,1,∞,0,,1,1,1,1,1,1,1,1,1.5,0
"Capital Outskirts - Capital Rampart, Auriza Side Tomb Entrance",Runebear,46300033,,"8,401",-,,111,111,111,111,111,111,111,111,,0,0,-10,0,0,-20,0,0,,332,332,543,543,181,Immune,Immune,,1,1,1,1,1,,80,1,80,6.154,,1,1,1,1,1,1,1,1,1.5,0
Capital Outskirts - East of Outer Wall Phantom Tree,Ash Teardrop Scarab,41912033,,500,-,,111,111,111,111,111,111,111,111,,10,10,35,35,40,40,40,40,,Immune,Immune,Immune,Immune,Immune,Immune,Immune,,1,1,1,1,1,,30,1,30,2.308,,1,1,1,1,1,1,1,1,1.5,0
Capital Outskirts - East of Outer Wall Phantom Tree,Dragonfly,60800033,,17,-,,100,100,100,100,100,100,100,100,,-40,-40,-10,-40,-40,-100,-40,-40,,84,84,63,20,63,Immune,Immune,,1,1,1,1,1,,-1,1,∞,0,,1,1,1,1,1,1,1,1,1.5,0
Capital Outskirts - East of Outer Wall Phantom Tree,Slug,40400033,,341,-,,111,111,111,111,111,111,111,111,,-10,-10,-40,-10,-20,-20,-40,-20,,135,135,135,135,Immune,Immune,Immune,,1,1,1,1,1,,30,1,30,2.308,,1,1,1,1,1,1,1,1,1.5,1
Capital Outskirts - East of Outer Wall Phantom Tree,Turtle,60900033,,378,-,,100,100,100,100,100,100,100,100,,35,0,35,0,-40,-100,-40,-40,,63,63,63,63,63,Immune,Immune,,1,1,1,1,1,,-1,1,∞,0,,2,1,1,1,1,1,1,1,1.5,1
Capital Outskirts - Minor Erdtree,"Commoner (Veil, Sword)",36600733,,341,-,,111,111,111,111,111,111,111,111,,-10,-10,-10,-10,-20,-20,-20,0,,135,135,181,181,181,Immune,Immune,,1,1,1,1,1,,30,1,30,2.308,,1,1,1,1,1,1,1,1,1.5,0
Capital Outskirts - Minor Erdtree,Death Rite Bird [Boss],49800033,,"8,575",-,,114,114,114,114,114,114,114,114,,10,-40,10,35,20,20,40,-40,,Immune,552,Immune,Immune,Immune,Immune,Immune,,1,1,1,1,1,,120,1,120,9.231,,1,1,1,1,1,1,1,1,1.5,1
"Capital Outskirts - Minor Erdtree Church, Sealed Tunnel Entrance",Fungal Pod,44400033,,"1,189",-,,111,111,111,111,111,111,111,111,,-10,0,-10,0,-20,-20,-20,-20,,181,181,241,181,Immune,Immune,Immune,,1,1,1,1,1,,30,1,30,2.308,,1,1,1,1,1,1,1,1,1.5,1
"Capital Outskirts - Northeast Outer Wall Battleground, Hermit Merchant's Shack",Bell Bearing Hunter [Boss],31000033,,"6,216",-,,114,114,114,114,114,114,114,114,,35,35,35,10,40,40,20,40,,337,337,552,552,337,Immune,Immune,,0.7,0.7,1,1,1,,80,1,80,6.154,,1,1,1,1,1,1,1,1,1.5,0
"Capital Outskirts - Northeast Outer Wall Battleground, Hermit Merchant's Shack",Hermit Merchant,32001933,,"4,166",-,,111,111,111,111,111,111,111,111,,-10,0,-10,-10,0,0,0,0,,241,241,241,332,Immune,Immune,Immune,,1,1,1,1,1,,30,1,30,2.308,,1,1,1,1,1,1,1,1,1.5,0
"Capital Outskirts - Northeast Outer Wall Battleground, Hermit Merchant's Shack",Nomad Mule,32101933,,"2,427",-,,111,111,111,111,111,111,111,111,,-10,0,-10,-10,0,-20,0,0,,241,241,332,332,Immune,Immune,Immune,,1,1,1,1,1,,30,1,30,2.308,,1,1,1,1,1,1,1,1,1.5,0
"Capital Outskirts - Northeast Outer Wall Battleground, Hermit Merchant's Shack",Skeleton (Curved Sword),35000733,,481,-,,111,111,111,111,111,111,111,111,,0,-40,10,35,0,20,40,0,,Immune,241,Immune,Immune,Immune,Immune,Immune,,1,1,1,1,1,,30,1,30,2.308,,0,1,1,1,1,1,1,1,1.5,0
"Capital Outskirts - Northeast Outer Wall Battleground, Hermit Merchant's Shack",Skeleton (Curved Sword),35001733,,481,-,,111,111,111,111,111,111,111,111,,0,-40,10,35,0,20,40,0,,Immune,241,Immune,Immune,Immune,Immune,Immune,,1,1,1,1,1,,30,1,30,2.308,,0,1,1,1,1,1,1,1,1.5,0
"Capital Outskirts - Northeast Outer Wall Battleground, Hermit Merchant's Shack",Skeleton (Curved Sword),35002733,,481,-,,111,111,111,111,111,111,111,111,,0,-40,10,35,0,20,40,0,,Immune,241,Immune,Immune,Immune,Immune,Immune,,1,1,1,1,1,,30,1,30,2.308,,0,1,1,1,1,1,1,1,1.5,0
"Capital Outskirts - Northeast Outer Wall Battleground, Hermit Merchant's Shack",Skeleton (Curved Sword),35003733,,481,-,,111,111,111,111,111,111,111,111,,0,-40,10,35,0,20,40,0,,Immune,241,Immune,Immune,Immune,Immune,Immune,,1,1,1,1,1,,35,1,35,2.692,,0,1,1,1,1,1,1,1,1.5,0
"Capital Outskirts - Northeast Outer Wall Battleground, Hermit Merchant's Shack",Skeleton (Curved Sword),35004733,,481,-,,111,111,111,111,111,111,111,111,,0,-40,10,35,0,20,40,0,,Immune,241,Immune,Immune,Immune,Immune,Immune,,1,1,1,1,1,,35,1,35,2.692,,0,1,1,1,1,1,1,1,1.5,0
"Capital Outskirts - Northeast Outer Wall Battleground, Hermit Merchant's Shack",Skull Snail,41403033,,617,-,,111,111,111,111,111,111,111,111,,-10,-40,0,0,-20,0,0,-40,,Immune,181,Immune,Immune,Immune,Immune,Immune,,1,1,1,1,1,,30,1,30,2.308,,1,1,1,1,1,1,1,1,1.5,0
"Capital Outskirts - Northeast Outer Wall Battleground, Hermit Merchant's Shack",Wandering Noble,43005133,,276,-,,111,111,111,111,111,111,111,111,,-10,-10,-10,-10,-20,-20,-20,0,,135,135,181,181,181,Immune,Immune,,1,1,1,1,1,,30,1,30,2.308,,1,1,1,1,1,1,1,1,1.5,0
Capital Outskirts - Northwest Outer Wall Battleground,Leyndell Foot Soldier,43731030,,395,-,,110,110,110,110,110,110,110,110,,0,0,0,-10,0,0,20,0,,134,134,179,179,179,Immune,Immune,,1,1,1,1,1,,30,1,30,2.308,,1,1,1,1,1,1,1,1,1.5,0
Capital Outskirts - Northwest Outer Wall Battleground,Leyndell Foot Soldier,43731630,,395,-,,110,110,110,110,110,110,110,110,,0,0,0,-10,0,0,20,0,,134,134,179,179,179,Immune,Immune,,1,1,1,1,1,,30,1,30,2.308,,1,1,1,1,1,1,1,1,1.5,0
Capital Outskirts - Northwest Outer Wall Battleground,Leyndell Foot Soldier,43732030,,395,-,,110,110,110,110,110,110,110,110,,0,0,0,-10,0,0,20,0,,134,134,179,179,179,Immune,Immune,,1,1,1,1,1,,30,1,30,2.308,,1,1,1,1,1,1,1,1,1.5,0
Capital Outskirts - Northwest Outer Wall Battleground,Lion Guardian,42700030,,"3,440",-,,110,110,110,110,110,110,110,110,,0,0,-10,0,0,-20,0,0,,329,329,539,539,239,Immune,Immune,,1,1,1,1,1,,80,1,80,6.154,,1,1,1,1,1,1,1,1,1.5,0
Capital Outskirts - Northwest Outer Wall Battleground,Springhare,61000000,,27,-,,100,100,100,100,100,100,100,100,,-40,-40,-40,-40,-40,-100,-40,-40,,63,63,63,63,63,Immune,Immune,,1,1,1,1,1,,-1,1,∞,0,,1,1,1,1,1,1,1,1,1.5,0
Capital Outskirts - Northwest Outer Wall Battleground,Troll Knight,46000033,,"6,178",-,,111,111,111,111,111,111,111,111,,0,0,-10,0,0,0,0,0,,241,241,241,332,43,Immune,Immune,,1,1,1,1,1,,65,1,65,5,,1,1,1,1,1,1,1,1,2,1
Capital Outskirts - Northwest Outer Wall Battleground,Wandering Noble,43000130,,228,-,,110,110,110,110,110,110,110,110,,-10,-10,-10,-10,-20,-20,-20,0,,134,134,179,179,179,Immune,Immune,,1,1,1,1,1,,30,1,30,2.308,,1,1,1,1,1,1,1,1,1.5,0
Capital Outskirts - Northwest Outer Wall Battleground,Wandering Noble,43001230,,228,-,,110,110,110,110,110,110,110,110,,-10,-10,-10,-10,-20,-20,-20,0,,134,134,179,179,179,Immune,Immune,,1,1,1,1,1,,30,1,30,2.308,,1,1,1,1,1,1,1,1,1.5,0
Capital Outskirts - Northwest Outer Wall Battleground,Wandering Noble,43005230,,228,-,,110,110,110,110,110,110,110,110,,-10,-10,-10,-10,-20,-20,-20,0,,134,134,179,179,179,Immune,Immune,,1,1,1,1,1,,30,1,30,2.308,,1,1,1,1,1,1,1,1,1.5,0
Capital Outskirts - Outer Wall Phantom Tree,Slug (Fire),40403033,,341,-,,111,111,111,111,111,111,111,111,,-10,-10,-40,-10,-20,100,-40,-20,,135,135,Immune,135,Immune,Immune,Immune,,1,1,1,1,1,,30,1,30,2.308,,1,1,1,1,1,1,1,1,1.5,1
Capital Outskirts - Outer Wall Phantom Tree,Valiant Gargoyle (Greatsword),47700033,,"5,671",-,,111,111,111,111,111,111,111,111,,10,0,35,35,20,40,40,40,,Immune,Immune,Immune,Immune,Immune,Immune,Immune,,1,1,1,1,1,,110,1,110,8.462,,1.5,1,1,1,1,1,1,1,1.5,1
Capital Outskirts - Outer Wall Phantom Tree,White Wolf,40710033,,"1,329",-,,111,111,111,111,111,111,111,111,,-10,-10,-40,-10,-20,-40,-20,-20,,181,181,181,332,181,Immune,Immune,,1,1,1,1,1,,50,1,50,3.846,,1,1,1,1,1,1,1,1,1.5,0
Capital Outskirts - South of Minor Erdtree,Crab (Golden Tuffs),22770033,,91,-,,111,111,111,111,111,111,111,111,,10,-40,10,10,0,0,0,0,,181,181,241,135,135,Immune,Immune,,1,1,1,1,1,,30,1,30,2.308,,1,1,1,1,1,1,1,1,1.5,0
Capital Outskirts - South of Minor Erdtree,Giant Crab (Golden Tuffs),22760033,,"1,160",-,,111,111,111,111,111,111,111,111,,35,0,35,35,20,20,20,20,,332,332,332,181,181,Immune,Immune,,1,1,1,1,1,,80,1,80,6.154,,1,1,1,1,1,1,1,1,1.5,0
Capital Outskirts - South of Outer Wall Phantom Tree,Deer,60100033,,55,-,,100,100,100,100,100,100,100,100,,-40,-40,-40,-40,-40,-100,-40,-40,,63,63,63,63,63,Immune,Immune,,1,1,1,1,1,,-1,1,∞,0,,1,1,1,1,1,1,1,1,1.5,0
Capital Outskirts - South of Outer Wall Phantom Tree,Erdtree Guardian,36500033,,477,-,,111,111,111,111,111,111,111,111,,0,10,-10,0,0,-20,40,40,,332,332,241,181,181,Immune,Immune,,1,1,1,1,1,,55,1,55,4.231,,1,1,1,1,1,1,1,1,1.5,0
Capital Outskirts - South of Outer Wall Phantom Tree,Erdtree Guardian,36501833,,477,-,,111,111,111,111,111,111,111,111,,0,10,-10,0,0,-20,40,40,,332,332,241,181,181,Immune,Immune,,1,1,1,1,1,,55,1,55,4.231,,1,1,1,1,1,1,1,1,1.5,0
Capital Outskirts - South of Outer Wall Phantom Tree,Goat,60600033,,55,-,,100,100,100,100,100,100,100,100,,-40,-40,-40,-40,-40,-100,-40,-40,,63,63,63,63,63,Immune,Immune,,1,1,1,1,1,,-1,1,∞,0,,1,1,1,1,1,1,1,1,1.5,0
Capital Outskirts - South of Outer Wall Phantom Tree,Grey Wolf,40700033,,253,-,,111,111,111,111,111,111,111,111,,-10,-10,-40,-10,-20,-40,-20,-20,,181,181,181,332,181,Immune,Immune,,1,1,1,1,1,,30,1,30,2.308,,1,1,1,1,1,1,1,1,1.5,0
Capital Outskirts - South of Outer Wall Phantom Tree,Hawk,60010033,,27,-,,100,100,100,100,100,100,100,100,,-40,-40,-40,-40,-40,-100,-40,-40,,63,63,63,63,63,Immune,Immune,,1,1,1,1,1,,-1,1,∞,0,,1,1,1,1,1,1,1,1,1.5,0
Capital Outskirts - South of Outer Wall Phantom Tree,Leyndell Foot Soldier,43730033,,477,-,,111,111,111,111,111,111,111,111,,0,0,0,-10,0,0,20,0,,135,135,181,181,181,Immune,Immune,,1,1,1,1,1,,30,1,30,2.308,,1,1,1,1,1,1,1,1,1.5,0
Capital Outskirts - South of Outer Wall Phantom Tree,Leyndell Foot Soldier,43737033,,477,-,,111,111,111,111,111,111,111,111,,0,0,0,-10,0,0,20,0,,135,135,181,181,181,Immune,Immune,,1,1,1,1,1,,30,1,30,2.308,,1,1,1,1,1,1,1,1,1.5,0
Capital Outskirts - South of Outer Wall Phantom Tree,Springhare,61000033,,27,-,,100,100,100,100,100,100,100,100,,-40,-40,-40,-40,-40,-100,-40,-40,,63,63,63,63,63,Immune,Immune,,1,1,1,1,1,,-1,1,∞,0,,1,1,1,1,1,1,1,1,1.5,0
Capital Outskirts - South of Outer Wall Phantom Tree,Ulcerated Tree Spirit,46400033,,"8,817",-,,111,111,111,111,111,111,111,111,,0,0,0,0,20,-20,20,40,,543,543,543,241,Immune,Immune,Immune,,1,1,1,1,1,,120,1,120,9.231,,1.5,1,1,1,1,1,1,1,1.5,1
Capital Outskirts - Southeast Outer Wall Battleground,Ash Teardrop Scarab,41912233,,133,-,,111,111,111,111,111,111,111,111,,10,10,35,35,40,40,40,40,,Immune,Immune,Immune,Immune,Immune,Immune,Immune,,1,1,1,1,1,,30,1,30,2.308,,1,1,1,1,1,1,1,1,1.5,0
Capital Outskirts - Southeast Outer Wall Battleground,Commoner (Ghost),36608033,,341,-,,111,111,111,111,111,111,111,111,,-10,-10,-10,-10,-20,-20,-20,0,,135,135,181,181,181,Immune,Immune,,1,1,1,1,1,,30,1,30,2.308,,1,1,1,1,1,1,1,1,1.5,0
Capital Outskirts - Southeast Outer Wall Battleground,Finger Reader Crone,21601033,,"2,931",-,,111,111,111,111,111,111,111,111,,0,0,0,0,0,-20,0,0,,241,241,241,241,Immune,Immune,Immune,,1,1,1,1,1,,-1,1,∞,0,,1,1,1,1,1,1,1,1,1.5,0
Capital Outskirts - Southeast Outer Wall Battleground,Giant Bat,42000133,,409,-,,111,111,111,111,111,111,111,111,,-10,-10,-40,-10,-20,-20,-20,-20,,181,181,181,181,43,Immune,Immune,,1,1,1,1,1,,30,1,30,2.308,,1,1,1,1,1,1,1,1,1.5,0
Capital Outskirts - Southeast Outer Wall Battleground,"Margit, the Fell Omen",21300033,,"8,193",-,,111,111,111,111,111,111,111,111,,0,0,-10,0,0,0,0,40,,332,332,332,332,Immune,Immune,Immune,,1,1,1,1,1,,80,1,80,6.154,,1,1,1,1,1,1,1,1,1.5,0
Capital Outskirts - Southeast Outer Wall Battleground,Wandering Noble,43000033,,276,-,,111,111,111,111,111,111,111,111,,-10,-10,-10,-10,-20,-20,-20,0,,135,135,181,181,181,Immune,Immune,,1,1,1,1,1,,30,1,30,2.308,,1,1,1,1,1,1,1,1,1.5,0
Capital Outskirts - Southeast Outer Wall Battleground,Wandering Noble,43001033,,276,-,,111,111,111,111,111,111,111,111,,-10,-10,-10,-10,-20,-20,-20,0,,135,135,181,181,181,Immune,Immune,,1,1,1,1,1,,30,1,30,2.308,,1,1,1,1,1,1,1,1,1.5,0
Capital Outskirts - Southeast Outer Wall Battleground,Wandering Noble,43003033,,276,-,,111,111,111,111,111,111,111,111,,-10,-10,-10,-10,-20,-20,-20,0,,135,135,181,181,181,Immune,Immune,,1,1,1,1,1,,30,1,30,2.308,,1,1,1,1,1,1,1,1,1.5,0
Capital Outskirts - Southeast Outer Wall Battleground,Wandering Noble,43004033,,276,-,,111,111,111,111,111,111,111,111,,-10,-10,-10,-10,-20,-20,-20,0,,135,135,181,181,181,Immune,Immune,,1,1,1,1,1,,30,1,30,2.308,,1,1,1,1,1,1,1,1,1.5,0
Capital Outskirts - Southeast Outer Wall Battleground,Wandering Noble,43005033,,276,-,,111,111,111,111,111,111,111,111,,-10,-10,-10,-10,-20,-20,-20,0,,135,135,181,181,181,Immune,Immune,,1,1,1,1,1,,30,1,30,2.308,,1,1,1,1,1,1,1,1,1.5,0
Capital Outskirts - Southeast Outer Wall Battleground,Wandering Noble,43006233,,276,-,,111,111,111,111,111,111,111,111,,-10,-10,-10,-10,-20,-20,-20,0,,135,135,181,181,181,Immune,Immune,,1,1,1,1,1,,30,1,30,2.308,,1,1,1,1,1,1,1,1,1.5,0
Capital Outskirts - Southeast Outer Wall Battleground,Wandering Noble,43006633,,276,-,,111,111,111,111,111,111,111,111,,-10,-10,-10,-10,-20,-20,-20,0,,135,135,181,181,181,Immune,Immune,,1,1,1,1,1,,30,1,30,2.308,,1,1,1,1,1,1,1,1,1.5,0
Capital Outskirts - Southwest Outer Wall Battleground,Bat Harpy,42017433,,"1,599",-,,111,111,111,111,111,111,111,111,,-10,-10,-40,-10,0,0,0,0,,241,241,241,241,181,Immune,Immune,,1,1,1,1,1,,30,1,30,2.308,,1,1,1,1,1,1,1,1,1.5,0
Capital Outskirts - Southwest Outer Wall Battleground,Dragonfly,60810033,,17,-,,100,100,100,100,100,100,100,100,,-40,-40,-10,-40,-40,-100,-40,-40,,84,84,63,20,63,Immune,Immune,,1,1,1,1,1,,-1,1,∞,0,,1,1,1,1,1,1,1,1,1.5,0
Capital Outskirts - Southwest Outer Wall Battleground,Giant Bat,42000033,,409,-,,111,111,111,111,111,111,111,111,,-10,-10,-40,-10,-20,-20,-20,-20,,181,181,181,181,43,Immune,Immune,,1,1,1,1,1,,30,1,30,2.308,,1,1,1,1,1,1,1,1,1.5,0
Capital Outskirts - Southwest Outer Wall Battleground,Wandering Noble,43002033,,276,-,,111,111,111,111,111,111,111,111,,-10,-10,-10,-10,-20,-20,-20,0,,135,135,181,181,181,Immune,Immune,,1,1,1,1,1,,30,1,30,2.308,,1,1,1,1,1,1,1,1,1.5,0
Capital Outskirts - Southwest Outer Wall Battleground,Wandering Noble,43006033,,276,-,,111,111,111,111,111,111,111,111,,-10,-10,-10,-10,-20,-20,-20,0,,135,135,181,181,181,Immune,Immune,,1,1,1,1,1,,30,1,30,2.308,,1,1,1,1,1,1,1,1,1.5,0
Capital Outskirts - Southwest Outer Wall Battleground,Wandering Noble,43006133,,276,-,,111,111,111,111,111,111,111,111,,-10,-10,-10,-10,-20,-20,-20,0,,135,135,181,181,181,Immune,Immune,,1,1,1,1,1,,30,1,30,2.308,,1,1,1,1,1,1,1,1,1.5,0
Cave of the Forlorn,Jellyfish,41800052,,"1,533",-,,120,120,120,120,120,120,120,120,,0,35,0,0,20,20,-20,0,,Immune,Immune,Immune,Immune,Immune,Immune,Immune,,1,1,1,1,1,,30,1,30,2.308,,1,1,1,1,1,1,1,1,1.5,0
Cave of the Forlorn,Jellyfish,41800152,,"1,533",-,,120,120,120,120,120,120,120,120,,0,35,0,0,20,20,-20,0,,Immune,Immune,Immune,Immune,Immune,Immune,Immune,,1,1,1,1,1,,30,1,30,2.308,,1,1,1,1,1,1,1,1,1.5,0
Cave of the Forlorn,Misbegotten Crusader [Boss],34601952,,"9,130",-,,120,120,120,120,120,120,120,120,,10,10,0,10,20,0,20,40,,367,367,367,367,367,Immune,Immune,,0.7,0.7,1,1,1,,80,1,80,6.154,,1,1,1,1,1,1,1,1,1.5,0
Cave of the Forlorn,Rat,40800052,,"1,113",-,,120,120,120,120,120,120,120,120,,-10,-10,-40,-10,-20,-40,-20,-20,,367,367,200,267,200,Immune,Immune,,1,1,1,1,1,,30,1,30,2.308,,1,1,1,1,1,1,1,1,1.5,0
Cave of the Forlorn,Scaly Misbegotten,34510052,,"3,650",-,,120,120,120,120,120,120,120,120,,0,0,10,-10,0,-20,0,0,,267,267,267,267,267,Immune,Immune,,1,1,1,1,1,,65,1,65,5,,1,1,1,1,1,1,1,1,1.5,0
Cave of the Forlorn,Winged Misbegotten,34501052,,"1,320",-,,120,120,120,120,120,120,120,120,,0,0,0,0,0,-20,0,0,,267,267,267,267,267,Immune,Immune,,1,1,1,1,1,,30,1,30,2.308,,1,1,1,1,1,1,1,1,1.5,0
Chapel of Anticipation,Grafted Scion [Boss],46900008,,"2,596",-,,107,107,107,107,107,107,107,107,,0,0,-10,0,20,20,20,20,,324,324,235,235,235,Immune,Immune,,0.7,0.7,1,1,1,,80,1,80,6.154,,1,1,1,1,1,1,1,1,1.5,0
Cliffbottom Catacombs,Burial Watchdog (Scepter) [Boss],42601920,,"2,383",-,,107,107,107,107,107,107,107,107,,35,10,35,35,40,40,40,40,,Immune,Immune,Immune,Immune,Immune,Immune,Immune,,1,1,1,1,1,,80,1,80,6.154,,1,1,1,1,1,1,1,1,1,0
Cliffbottom Catacombs,Omen Monstrosity (Axe),21401120,,"2,043",-,,107,107,107,107,107,107,107,107,,0,0,-10,0,0,0,0,20,,235,235,235,235,235,Immune,Immune,,1,1,1,1,1,,65,1,65,5,,1,1,1,1,1,1,1,1,1.5,0
Cliffbottom Catacombs,Omen Monstrosity (Curved Sword),21400120,,"2,043",-,,107,107,107,107,107,107,107,107,,0,0,-10,0,0,0,0,20,,235,235,235,235,235,Immune,Immune,,1,1,1,1,1,,65,1,65,5,,1,1,1,1,1,1,1,1,1.5,0
Coastal Cave,Demi-Human,41000010,,135,-,,101,101,101,101,101,101,101,101,,-10,-10,-40,-10,-20,-20,-20,-20,,169,169,169,226,169,Immune,Immune,,1,1,1,1,1,,30,1,30,2.308,,1,1,1,1,1,1,1,1,1.5,0
Coastal Cave,Demi-Human,41000910,,135,-,,101,101,101,101,101,101,101,101,,-10,-10,-40,-10,-20,-20,-20,-20,,169,169,169,226,169,Immune,Immune,,0.7,0.7,1,1,1,,30,1,30,2.308,,1,1,1,1,1,1,1,1,1.5,0
Coastal Cave,Demi-Human,41002010,,135,-,,101,101,101,101,101,101,101,101,,-10,-10,-40,-10,-20,-20,-20,-20,,169,169,169,226,169,Immune,Immune,,1,1,1,1,1,,30,1,30,2.308,,1,1,1,1,1,1,1,1,1.5,0
Coastal Cave,Demi-Human,41002910,,135,-,,101,101,101,101,101,101,101,101,,-10,-10,-40,-10,-20,-20,-20,-20,,169,169,169,226,169,Immune,Immune,,0.7,0.7,1,1,1,,30,1,30,2.308,,1,1,1,1,1,1,1,1,1.5,0
Coastal Cave,Demi-Human Beastman [Boss],41200910,,"1,218",-,,101,101,101,101,101,101,101,101,,-10,-10,-40,-10,-20,-20,-20,-20,,169,169,226,226,169,Immune,Immune,,0.7,0.7,0.7,1,1,,65,1,65,5,,1,1,1,1,1,1,1,1,1.5,0
Coastal Cave,Demi-Human Shaman,41109110,,0,-,,101,101,101,101,101,101,101,101,,-10,-10,-40,-10,-20,-20,-20,-20,,169,169,169,169,169,Immune,Immune,,1,1,1,1,1,,30,1,30,2.308,,1,1,1,1,1,1,1,1,1.5,0
Coastal Cave,Large Demi-Human,41010010,,265,-,,101,101,101,101,101,101,101,101,,-10,-10,-40,-10,-20,-20,-20,-20,,169,169,169,226,169,Immune,Immune,,1,1,1,1,1,,30,1,30,2.308,,1,1,1,1,1,1,1,1,1.5,0
Consecrated Snowfield - Apostate Derelict,Jellyfish,41800852,,"1,533",-,,120,120,120,120,120,120,120,120,,0,35,0,0,20,20,-20,0,,Immune,Immune,Immune,Immune,Immune,Immune,Immune,,1,1,1,1,1,,30,1,30,2.308,,1,1,1,1,1,1,1,1,1.5,0
Consecrated Snowfield - Apostate Derelict,Latenna the Albinauric,31709052,,"3,348",-,,120,120,120,120,120,120,120,120,,0,10,0,0,20,0,0,-40,,Immune,267,367,601,267,Immune,Immune,,1,1,1,1,1,,50,1,50,3.846,,1,1,1,1,1,1,1,1,1.5,0
Consecrated Snowfield - Apostate Derelict,"Phillia, Towering Little Sister",31710052,,"3,348",-,,120,120,120,120,120,120,120,120,,0,10,0,0,20,0,0,-40,,Immune,267,367,601,Immune,Immune,Immune,,1,1,1,1,1,,50,1,50,3.846,,1,1,1,1,1,1,1,1,1.5,0
Consecrated Snowfield - Consecrated Snowfield Catacombs Entrance,Orb of Many Faces,37300152,,"4,076",-,,120,120,120,120,120,120,120,120,,10,10,35,80,80,40,40,20,,Immune,Immune,Immune,Immune,Immune,Immune,Immune,,1,1,1,1,1,,80,1,80,6.154,,1,1,1,1,1,1,1,1,1.5,0
Consecrated Snowfield - Consecrated Snowfield Catacombs Entrance,Wandering Noble,43007052,,584,-,,120,120,120,120,120,120,120,120,,-10,-10,-10,-10,-20,-20,-20,0,,Immune,Immune,Immune,Immune,Immune,Immune,Immune,,1,1,1,1,1,,30,1,30,2.308,,1,1,1,1,1,1,1,1,1.5,0
Consecrated Snowfield - East of Ordina,Albinauric,34701552,,"1,698",-,,120,120,120,120,120,120,120,120,,-10,10,-10,-10,0,20,-20,-40,,Immune,367,200,601,200,Immune,Immune,,1,1,1,1,1,,30,1,30,2.308,,1,1,1,1,1,1,1,1,1.5,0
Consecrated Snowfield - East of Ordina,Albinauric Frog (No Shield),34700452,,"1,698",-,,120,120,120,120,120,120,120,120,,-10,10,-10,-10,0,20,-20,-40,,Immune,367,200,601,200,Immune,Immune,,1,1,1,1,1,,30,1,30,2.308,,1,1,1,1,1,1,1,1,1.5,0
Consecrated Snowfield - East of Ordina,Erdtree Guardian,36502052,,"1,010",-,,120,120,120,120,120,120,120,120,,0,10,-10,0,0,-20,40,40,,601,367,267,200,200,Immune,Immune,,1,1,1,1,1,,55,1,55,4.231,,1,1,1,1,1,1,1,1,1.5,0
Consecrated Snowfield - East of Ordina,Stone Huge Teardrop Scarab,41925052,,"1,863",-,,120,120,120,120,120,120,120,120,,10,10,35,35,40,40,40,40,,Immune,Immune,Immune,Immune,Immune,Immune,Immune,,1,1,1,1,1,,80,1,80,6.154,,1,1,1,1,1,1,1,1,1.5,0
Consecrated Snowfield - East of Ordina,Stone Large Teardrop Scarab,41905052,,"1,464",-,,120,120,120,120,120,120,120,120,,10,10,35,35,40,40,40,40,,Immune,Immune,Immune,Immune,Immune,Immune,Immune,,1,1,1,1,1,,65,1,65,5,,1,1,1,1,1,1,1,1,1.5,0
Consecrated Snowfield - Far West Cliffside,Goat,60600052,,55,-,,100,100,100,100,100,100,100,100,,-40,-40,-40,-40,-40,-100,-40,-40,,63,63,63,63,63,Immune,Immune,,1,1,1,1,1,,-1,1,∞,0,,1,1,1,1,1,1,1,1,1.5,0
Consecrated Snowfield - Far West Cliffside,Goat,60602052,,82,-,,100,100,100,100,100,100,100,100,,-40,-40,-40,-40,-40,-100,-40,-40,,63,63,63,63,63,Immune,Immune,,1,1,1,1,1,,-1,1,∞,0,,1,1,1,1,1,1,1,1,1.5,0
Consecrated Snowfield - Far West Cliffside,Hawk,60010052,,27,-,,100,100,100,100,100,100,100,100,,-40,-40,-40,-40,-40,-100,-40,-40,,63,63,63,63,63,Immune,Immune,,1,1,1,1,1,,-1,1,∞,0,,1,1,1,1,1,1,1,1,1.5,0
Consecrated Snowfield - Far West Cliffside,Runebear,46300152,,"17,771",-,,120,120,120,120,120,120,120,120,,0,0,-10,0,0,-20,0,0,,367,367,601,601,200,Immune,Immune,,1,1,1,1,1,,80,1,80,6.154,,1,1,1,1,1,1,1,1,1.5,0
"Consecrated Snowfield - Hidden Path to the Haligtree, Southeast Foggy Area",Crystal Snail,41404052,,866,-,,120,120,120,120,120,120,120,120,,-10,-40,0,0,40,0,0,0,,601,601,Immune,Immune,267,Immune,Immune,,1,1,1,1,1,,30,1,30,2.308,,1,1,1,1,1,1,1,1,1.5,0
"Consecrated Snowfield - Hidden Path to the Haligtree, Southeast Foggy Area",Latenna Dialogue,502280052,,"1,939",-,,100,100,100,100,100,100,100,100,,0,0,0,0,0,0,0,0,,Immune,Immune,Immune,Immune,Immune,Immune,Immune,,1,1,1,1,1,,-1,1,∞,0,,1,1,1,1,1,1,1,1,1.5,0
"Consecrated Snowfield - Hidden Path to the Haligtree, Southeast Foggy Area",Stone Teardrop Scarab,41915052,,"1,058",-,,120,120,120,120,120,120,120,120,,10,10,35,35,40,40,40,40,,Immune,Immune,Immune,Immune,Immune,Immune,Immune,,1,1,1,1,1,,30,1,30,2.308,,1,1,1,1,1,1,1,1,1.5,0
"Consecrated Snowfield - Hidden Path to the Haligtree, Southeast Foggy Area",Wandering Noble,43006152,,584,-,,120,120,120,120,120,120,120,120,,-10,-10,-10,-10,-20,-20,-20,0,,150,150,200,200,200,Immune,Immune,,1,1,1,1,1,,30,1,30,2.308,,1,1,1,1,1,1,1,1,1.5,0
"Consecrated Snowfield - Hidden Path to the Haligtree, Southeast Foggy Area",Wandering Noble (Ghost),43009252,,584,-,,120,120,120,120,120,120,120,120,,-10,-10,-10,-10,-20,-20,-20,0,,Immune,Immune,Immune,Immune,Immune,Immune,Immune,,1,1,1,1,1,,30,1,30,2.308,,1,1,1,1,1,1,1,1,1.5,0
Consecrated Snowfield - North of Yelough Anix Ruins,Albinauric,34702552,,"1,698",-,,120,120,120,120,120,120,120,120,,-10,10,-10,-10,0,20,-20,-40,,Immune,367,200,601,200,Immune,Immune,,1,1,1,1,1,,30,1,30,2.308,,1,1,1,1,1,1,1,1,1.5,0
Consecrated Snowfield - North of Yelough Anix Ruins,Deer,60100052,,55,-,,100,100,100,100,100,100,100,100,,-40,-40,-40,-40,-40,-100,-40,-40,,63,63,63,63,63,Immune,Immune,,1,1,1,1,1,,-1,1,∞,0,,1,1,1,1,1,1,1,1,1.5,0
Consecrated Snowfield - North of Yelough Anix Ruins,Dragonfly,60800052,,17,-,,100,100,100,100,100,100,100,100,,-40,-40,-10,-40,-40,-100,-40,-40,,84,84,63,20,63,Immune,Immune,,1,1,1,1,1,,-1,1,∞,0,,1,1,1,1,1,1,1,1,1.5,0
Consecrated Snowfield - North of Yelough Anix Ruins,Springhare,61000052,,27,-,,100,100,100,100,100,100,100,100,,-40,-40,-40,-40,-40,-100,-40,-40,,63,63,63,63,63,Immune,Immune,,1,1,1,1,1,,-1,1,∞,0,,1,1,1,1,1,1,1,1,1.5,0
Consecrated Snowfield - North of Yelough Anix Ruins,Rotten Dog,41650052,,"1,113",-,,120,120,120,120,120,120,120,120,,-10,-10,-40,-10,-20,0,-20,-20,,200,200,150,267,367,Immune,Immune,,1,1,1,1,1,,30,1,30,2.308,,1,1,1,1,1,1,1,1,1.5,0
Consecrated Snowfield - North of Yelough Anix Ruins,Small Living Mass,41700152,,"1,890",-,,120,120,120,120,120,120,120,120,,80,80,80,80,40,-40,40,40,,601,601,267,267,Immune,Immune,Immune,,1,1,1,1,1,,120,1,120,9.231,,1,1,1,1,1,1,1,1,1.5,1
"Consecrated Snowfield - Northeast Foggy Area, Inner Consecrated Snowfield",Orb of Many Faces,37300052,,"4,076",-,,120,120,120,120,120,120,120,120,,10,10,35,80,80,40,40,20,,Immune,Immune,Immune,Immune,Immune,Immune,Immune,,1,1,1,1,1,,80,1,80,6.154,,1,1,1,1,1,1,1,1,1.5,0
"Consecrated Snowfield - Northeast Foggy Area, Inner Consecrated Snowfield",Runebear,46300652,,"17,771",-,,120,120,120,120,120,120,120,120,,0,0,-10,0,0,-20,0,0,,367,367,601,601,200,Immune,Immune,,1,1,1,1,1,,80,1,80,6.154,,1,1,1,1,1,1,1,1,1.5,0
"Consecrated Snowfield - Northeast Foggy Area, Inner Consecrated Snowfield",Wandering Noble,43004052,,584,-,,120,120,120,120,120,120,120,120,,-10,-10,-10,-10,-20,-20,-20,0,,150,150,200,200,200,Immune,Immune,,1,1,1,1,1,,30,1,30,2.308,,1,1,1,1,1,1,1,1,1.5,0
"Consecrated Snowfield - Northeast Foggy Area, Inner Consecrated Snowfield",Wandering Noble,43004152,,584,-,,120,120,120,120,120,120,120,120,,-10,-10,-10,-10,-20,-20,-20,0,,150,150,200,200,200,Immune,Immune,,1,1,1,1,1,,30,1,30,2.308,,1,1,1,1,1,1,1,1,1.5,0
"Consecrated Snowfield - Northeast Foggy Area, Inner Consecrated Snowfield",Wandering Noble,43006352,,584,-,,120,120,120,120,120,120,120,120,,-10,-10,-10,-10,-20,-20,-20,0,,150,150,200,200,Immune,Immune,Immune,,1,1,1,1,1,,-1,1,∞,0,,1,1,1,1,1,1,1,1,1.5,0
"Consecrated Snowfield - Northwest Foggy Area, East of Yelough Anix Ruins",Ancestral Follower (Staff),33602352,,"2,276",-,,122,122,122,122,122,122,122,122,,-10,0,-10,-10,0,0,0,0,,653,653,653,"1,406",653,Immune,Immune,,1,1,1,1,1,,40,1,40,3.077,,1,1,1,1,1,1,1,1,1.5,0
"Consecrated Snowfield - Northwest Foggy Area, East of Yelough Anix Ruins",Ancestral Follower Shaman,33700052,,"3,241",-,,122,122,122,122,122,122,122,122,,-10,0,-10,-10,20,0,0,0,,653,653,653,"1,406",653,Immune,Immune,,1,1,1,1,1,,50,1,50,3.846,,1,1,1,1,1,1,1,1,1.5,0
"Consecrated Snowfield - Northwest Foggy Area, East of Yelough Anix Ruins",Cerulean Teardrop Scarab,41911052,,"1,058",-,,120,120,120,120,120,120,120,120,,10,10,35,35,40,40,40,40,,Immune,Immune,Immune,Immune,Immune,Immune,Immune,,1,1,1,1,1,,30,1,30,2.308,,1,1,1,1,1,1,1,1,1.5,0
"Consecrated Snowfield - Northwest Foggy Area, East of Yelough Anix Ruins",Dragonkin Soldier,46500352,,"1,870",-,,120,120,120,120,120,120,120,120,,10,10,0,10,20,20,40,20,,Immune,Immune,Immune,Immune,Immune,Immune,Immune,,1,1,1,1,1,,120,1,120,9.231,,1,1,1,1,1,1,1,1,1.5,1
"Consecrated Snowfield - Northwest Foggy Area, East of Yelough Anix Ruins",Wisp,21500052,,"1,285",-,,120,120,120,120,120,120,120,120,,35,35,35,35,40,40,40,40,,Immune,Immune,Immune,Immune,"2,382",Immune,Immune,,1,1,1,1,1,,-1,1,∞,0,,1,1,1,1,1,1,1,1,1.5,0
"Consecrated Snowfield - Northwest Foggy Area, East of Yelough Anix Ruins",Wisp,21500352,,"1,285",-,,120,120,120,120,120,120,120,120,,35,35,35,35,40,40,40,40,,Immune,Immune,Immune,Immune,"2,382",Immune,Immune,,1,1,1,1,1,,-1,1,∞,0,,1,1,1,1,1,1,1,1,1.5,0
"Consecrated Snowfield - Northwest Foggy Area, East of Yelough Anix Ruins",Wisp,21500452,,"1,285",-,,120,120,120,120,120,120,120,120,,35,35,35,35,40,40,40,40,,Immune,Immune,Immune,Immune,"2,382",Immune,Immune,,1,1,1,1,1,,-1,1,∞,0,,1,1,1,1,1,1,1,1,1.5,0
"Consecrated Snowfield - Northwest Foggy Area, East of Yelough Anix Ruins",Wisp,21500652,,"1,285",-,,120,120,120,120,120,120,120,120,,35,35,35,35,40,40,40,40,,Immune,Immune,Immune,Immune,"2,382",Immune,Immune,,1,1,1,1,1,,-1,1,∞,0,,1,1,1,1,1,1,1,1,1.5,0
"Consecrated Snowfield - Ordina, Liturgical Town",Albinauric Archer,31701052,,"3,348",-,,120,120,120,120,120,120,120,120,,0,10,0,0,20,0,0,-40,,Immune,267,367,601,267,Immune,Immune,,1,1,1,1,1,,50,1,50,3.846,,1,1,1,1,1,1,1,1,1.5,0
"Consecrated Snowfield - Ordina, Liturgical Town",Black Knife Assassin,21000052,,"5,025",-,,120,120,120,120,120,120,120,120,,10,10,10,35,20,20,20,40,,Immune,Immune,Immune,Immune,Immune,Immune,Immune,,1,1,1,1,1,,80,1,80,6.154,,1,1,1,1,1,1,1,1,1.5,0
"Consecrated Snowfield - Ordina, Liturgical Town",Black Knife Assassin,21009000,,731,-,,100,100,100,100,100,100,100,100,,10,10,10,35,20,20,20,40,,Immune,Immune,Immune,154,Immune,Immune,Immune,,1,1,1,1,1,,80,1,80,6.154,,1,1,1,1,1,1,1,1,1.5,0
"Consecrated Snowfield - Ordina, Liturgical Town",Death Rite Bird [Boss],49801052,,"17,625",-,,122,122,122,122,122,122,122,122,,10,-40,10,35,20,20,40,-40,,Immune,653,Immune,Immune,Immune,Immune,Immune,,1,1,1,1,1,,120,1,120,9.231,,1,1,1,1,1,1,1,1,1.5,1
"Consecrated Snowfield - Ordina, Liturgical Town","Grave Warden Duelist (Greataxe, Serpent Helm)",34000852,,"8,800",-,,120,120,120,120,120,120,120,120,,0,0,-10,0,0,-20,0,0,,601,"1,292",200,267,267,Immune,Immune,,1,1,1,1,1,,65,1,65,5,,1,1,1,1,1,1,1,1,1.5,0
"Consecrated Snowfield - Ordina, Liturgical Town",Small Land Octopus,42300852,,790,-,,120,120,120,120,120,120,120,120,,0,10,0,0,-20,-20,-40,-20,,200,200,200,47,150,Immune,Immune,,1,1,1,1,1,,30,1,30,2.308,,1,1,1,1,1,1,1,1,1.5,0
"Consecrated Snowfield - Ordina, Liturgical Town",White Wolf,40710052,,"2,811",-,,120,120,120,120,120,120,120,120,,-10,-10,-40,-10,-20,-40,-20,-20,,200,200,200,367,200,Immune,Immune,,1,1,1,1,1,,50,1,50,3.846,,1,1,1,1,1,1,1,1,1.5,0
Consecrated Snowfield - South of Ordina,Albinauric Archer,31700052,,"3,348",-,,120,120,120,120,120,120,120,120,,0,10,0,0,20,0,0,-40,,Immune,267,367,601,267,Immune,Immune,,1,1,1,1,1,,50,1,50,3.846,,1,1,1,1,1,1,1,1,1.5,0
Consecrated Snowfield - South of Ordina,Ash Teardrop Scarab,41912052,,"1,058",-,,120,120,120,120,120,120,120,120,,10,10,35,35,40,40,40,40,,Immune,Immune,Immune,Immune,Immune,Immune,Immune,,1,1,1,1,1,,30,1,30,2.308,,1,1,1,1,1,1,1,1,1.5,0
Consecrated Snowfield - South of Ordina,Crab (Clean),22750052,,192,-,,120,120,120,120,120,120,120,120,,10,-40,10,10,0,0,0,-40,,Immune,200,267,150,150,Immune,Immune,,1,1,1,1,1,,30,1,30,2.308,,1,1,1,1,1,1,1,1,1.5,0
Consecrated Snowfield - South of Ordina,Direwolf,31800052,,"5,321",-,,120,120,120,120,120,120,120,120,,0,0,-10,0,0,-20,0,0,,267,267,367,601,Immune,Immune,Immune,,1,1,1,1,1,,50,1,50,3.846,,1,1,1,1,1,1,1,1,1.5,0
Consecrated Snowfield - South of Ordina,Grey Wolf,40700052,,536,-,,120,120,120,120,120,120,120,120,,-10,-10,-40,-10,-20,-40,-20,-20,,200,200,200,367,200,Immune,Immune,,1,1,1,1,1,,30,1,30,2.308,,1,1,1,1,1,1,1,1,1.5,0
Consecrated Snowfield - Southeast of Ordina,Albinauric,34703252,,"1,161",-,,120,120,120,120,120,120,120,120,,-10,10,-10,-10,0,20,-20,-40,,Immune,367,200,601,200,Immune,Immune,,1,1,1,1,1,,30,1,30,2.308,,1,1,1,1,1,1,1,1,1.5,0
Consecrated Snowfield - Southeast of Ordina,Albinauric,34704352,,"1,698",-,,120,120,120,120,120,120,120,120,,-10,10,-10,-10,0,20,-20,-40,,Immune,367,200,601,200,Immune,Immune,,1,1,1,1,1,,30,1,30,2.308,,1,1,1,1,1,1,1,1,1.5,0
Consecrated Snowfield - Southeast of Ordina,Albinauric,34715352,,"3,774",-,,120,120,120,120,120,120,120,120,,-10,10,-10,-10,0,20,-20,-40,,Immune,367,200,601,200,Immune,Immune,,1,1,1,1,1,,65,1,65,5,,1,1,1,1,1,1,1,1,1.5,0
Consecrated Snowfield - Southeast of Ordina,Albinauric Frog,34700352,,"1,698",-,,120,120,120,120,120,120,120,120,,-10,10,-10,-10,0,20,-20,-40,,Immune,367,200,601,200,Immune,Immune,,1,1,1,1,1,,30,1,30,2.308,,1,1,1,1,1,1,1,1,1.5,0
Consecrated Snowfield - Southeast of Ordina,Crimson Large Teardropdrop Scarab,41900052,,"1,464",-,,120,120,120,120,120,120,120,120,,10,10,35,35,40,40,40,40,,Immune,Immune,Immune,Immune,Immune,Immune,Immune,,1,1,1,1,1,,65,1,65,5,,1,1,1,1,1,1,1,1,1.5,0
Consecrated Snowfield - Southeast of Ordina,Dragonfly,60810052,,17,-,,100,100,100,100,100,100,100,100,,-40,-40,-10,-40,-40,-100,-40,-40,,84,84,63,20,63,Immune,Immune,,1,1,1,1,1,,-1,1,∞,0,,1,1,1,1,1,1,1,1,1.5,0
Consecrated Snowfield - Southeast of Ordina,Giant Crab (Clean),22740052,,"2,454",-,,120,120,120,120,120,120,120,120,,35,0,35,35,20,20,20,-40,,Immune,367,367,200,200,Immune,Immune,,1,1,1,1,1,,80,1,80,6.154,,1,1,1,1,1,1,1,1,1.5,0
Consecrated Snowfield - Southwest Foggy Area,Bear,60310052,,681,-,,100,100,100,100,100,100,100,100,,-40,-40,-40,-40,-40,-100,-40,-40,,63,63,63,63,63,Immune,Immune,,1,1,1,1,1,,-1,1,∞,0,,1,1,1,1,1,1,1,1,1.5,0
Consecrated Snowfield - Southwest Foggy Area,Crimson Teardrop Scarab,41910052,,"1,058",-,,120,120,120,120,120,120,120,120,,10,10,35,35,40,40,40,40,,Immune,Immune,Immune,Immune,Immune,Immune,Immune,,1,1,1,1,1,,30,1,30,2.308,,1,1,1,1,1,1,1,1,1.5,0
Consecrated Snowfield - Southwest Foggy Area,"Grave Warden Duelist (Battle Hammer, Serpent Helm)",34001852,,"6,600",-,,120,120,120,120,120,120,120,120,,0,0,-10,0,0,-20,0,0,,601,"1,292",200,267,267,Immune,Immune,,1,1,1,1,1,,65,1,65,5,,1,1,1,1,1,1,1,1,1.5,0
Consecrated Snowfield - West of Ordina,Mausoleum Foot Soldier,43751052,,"1,010",-,,120,120,120,120,120,120,120,120,,0,0,0,-10,0,0,-20,-20,,Immune,Immune,Immune,Immune,Immune,Immune,Immune,,1,1,1,1,1,,30,1,30,2.308,,1,1,1,1,1,1,1,1,1.5,0
Consecrated Snowfield - West of Ordina,Mausoleum Knight,43550052,,"3,960",-,,120,120,120,120,120,120,120,120,,10,10,35,0,20,20,0,0,,Immune,Immune,Immune,Immune,Immune,Immune,Immune,,1,1,1,1,1,,65,1,65,5,,1,1,1,1,1,1,1,1,1.5,0
Consecrated Snowfield - West of Ordina,Mausoleum Soldier,43150052,,"1,320",-,,120,120,120,120,120,120,120,120,,0,0,10,-10,0,0,-20,-20,,Immune,Immune,Immune,Immune,Immune,Immune,Immune,,1,1,1,1,1,,30,1,30,2.308,,1,1,1,1,1,1,1,1,1.5,0
Consecrated Snowfield - West of Ordina,Mausoleum Soldier,43151052,,"1,320",-,,120,120,120,120,120,120,120,120,,0,0,10,-10,0,0,-20,-20,,Immune,Immune,Immune,Immune,Immune,Immune,Immune,,1,1,1,1,1,,30,1,30,2.308,,1,1,1,1,1,1,1,1,1.5,0
Consecrated Snowfield - West of Ordina,Mausoleum Soldier,43152052,,"1,320",-,,120,120,120,120,120,120,120,120,,0,0,10,-10,0,0,-20,-20,,Immune,Immune,Immune,Immune,Immune,Immune,Immune,,1,1,1,1,1,,30,1,30,2.308,,1,1,1,1,1,1,1,1,1.5,0
Consecrated Snowfield - West of Ordina,Mausoleum Soldier,43153052,,"1,320",-,,120,120,120,120,120,120,120,120,,0,0,10,-10,0,0,-20,-20,,Immune,Immune,Immune,Immune,Immune,Immune,Immune,,1,1,1,1,1,,30,1,30,2.308,,1,1,1,1,1,1,1,1,1.5,0
Consecrated Snowfield - West of Ordina,Wandering Noble,43002052,,584,-,,120,120,120,120,120,120,120,120,,-10,-10,-10,-10,-20,-20,-20,0,,150,150,200,200,200,Immune,Immune,,1,1,1,1,1,,30,1,30,2.308,,1,1,1,1,1,1,1,1,1.5,0
Consecrated Snowfield - West of Ordina,Wandering Noble (Ghost),43009352,,584,-,,120,120,120,120,120,120,120,120,,-10,-10,-10,-10,-20,-20,-20,0,,Immune,Immune,Immune,Immune,Immune,Immune,Immune,,1,1,1,1,1,,30,1,30,2.308,,1,1,1,1,1,1,1,1,1.5,0
"Consecrated Snowfield - Yelough Anix Ruins, Yelough Anix Tunnel Entrance","Commoner (Frenzied, Spear)",36601252,,721,-,,120,120,120,120,120,120,120,120,,-10,-10,-10,-10,-20,-20,-20,0,,150,150,200,200,Immune,Immune,Immune,,1,1,1,1,1,,30,1,30,2.308,,1,1,1,1,1,1,1,1,1.5,0
"Consecrated Snowfield - Yelough Anix Ruins, Yelough Anix Tunnel Entrance","Commoner (Frenzied, Sword)",36600652,,721,-,,120,120,120,120,120,120,120,120,,-10,-10,-10,-10,-20,-20,-20,0,,150,150,200,200,Immune,Immune,Immune,,1,1,1,1,1,,30,1,30,2.308,,1,1,1,1,1,1,1,1,1.5,0
"Consecrated Snowfield - Yelough Anix Ruins, Yelough Anix Tunnel Entrance","Commoner (Frenzied, Torch)",36602152,,721,-,,120,120,120,120,120,120,120,120,,-10,-10,-10,-10,-20,-20,-20,0,,150,150,200,200,Immune,Immune,Immune,,1,1,1,1,1,,30,1,30,2.308,,1,1,1,1,1,1,1,1,1.5,0
"Consecrated Snowfield - Yelough Anix Ruins, Yelough Anix Tunnel Entrance",Giant Rat (Frenzied),40900352,,"3,822",-,,120,120,120,120,120,120,120,120,,-10,-10,-40,-10,-20,-40,-20,-20,,367,367,200,267,Immune,Immune,Immune,,1,1,1,1,1,,65,1,65,5,,1,1,1,1,1,1,1,1,1.5,0
"Consecrated Snowfield - Yelough Anix Ruins, Yelough Anix Tunnel Entrance",Rat (Frenzied),40800352,,"1,113",-,,120,120,120,120,120,120,120,120,,-10,-10,-40,-10,-20,-40,-20,-20,,367,367,200,267,Immune,Immune,Immune,,1,1,1,1,1,,30,1,30,2.308,,1,1,1,1,1,1,1,1,1.5,0
"Consecrated Snowfield - Yelough Anix Ruins, Yelough Anix Tunnel Entrance",Troll Knight,46004152,,"10,869",-,,120,120,120,120,120,120,120,120,,0,0,-10,0,0,0,0,0,,267,267,267,367,Immune,Immune,Immune,,1,1,1,1,1,,65,1,65,5,,1,1,1,1,1,1,1,1,2,1
Consecrated Snowfield Catacombs,Burial Watchdog,42604652,,"7,232",-,,120,120,120,120,120,120,120,120,,35,10,35,35,40,40,40,40,,Immune,Immune,Immune,Immune,Immune,Immune,Immune,,1,1,1,1,1,,80,1,80,6.154,,1,1,1,1,1,1,1,1,1,0
Consecrated Snowfield Catacombs,Burial Watchdog,42605152,,"7,232",-,,120,120,120,120,120,120,120,120,,35,10,35,35,40,40,40,40,,Immune,Immune,Immune,Immune,Immune,Immune,Immune,,1,1,1,1,1,,80,1,80,6.154,,1,1,1,1,1,1,1,1,1,0
Consecrated Snowfield Catacombs,Cleanrot Knight (Sickle),38001052,,"3,004",-,,120,120,120,120,120,120,120,120,,10,10,35,0,20,-20,0,40,,601,601,367,367,267,Immune,Immune,,1,1,1,1,1,,65,1,65,5,,1,1,1,1,1,1,1,1,1.5,0
Consecrated Snowfield Catacombs,Cleanrot Knight (Spear),38000052,,"3,004",-,,120,120,120,120,120,120,120,120,,10,10,35,0,20,-20,0,40,,601,601,367,367,267,Immune,Immune,,1,1,1,1,1,,65,1,65,5,,1,1,1,1,1,1,1,1,1.5,0
Consecrated Snowfield Catacombs,Imp (Cat),30800052,,"1,182",-,,120,120,120,120,120,120,120,120,,10,0,35,35,20,40,40,40,,Immune,Immune,Immune,Immune,Immune,Immune,Immune,,1,1,1,1,1,,30,1,30,2.308,,1,1,1,1,1,1,1,1,1.5,0
Consecrated Snowfield Catacombs,Imp (Wolf),30806052,,"1,182",-,,120,120,120,120,120,120,120,120,,10,0,35,35,20,40,40,40,,Immune,Immune,Immune,Immune,Immune,Immune,Immune,,1,1,1,1,1,,35,1,35,2.692,,1,1,1,1,1,1,1,1,1.5,0
Consecrated Snowfield Catacombs,Putrid Grave Warden Duelist [Boss],34000952,,"8,800",-,,120,120,120,120,120,120,120,120,,0,0,-10,0,0,-20,0,0,,601,"1,292",200,267,267,Immune,Immune,,0.7,0.7,1,1,1,,65,1,65,5,,1,1,1,1,1,1,1,1,1.5,0
Crumbling Farum Azula,Ancient Dragon,45100072,,"12,312",-,,118,118,118,118,118,118,118,118,,35,35,35,10,40,40,80,40,,565,565,565,565,Immune,Immune,Immune,,1,1,1,1,1,,120,0.2,600,9.231,,2,1,1,1,1,1,1,1,2,1
Crumbling Farum Azula,Ancient Dragon,45100172,,"12,312",-,,118,118,118,118,118,118,118,118,,35,35,35,10,40,40,80,40,,565,565,565,565,Immune,Immune,Immune,,1,1,1,1,1,,120,0.2,600,9.231,,2,1,1,1,1,1,1,1,2,1
Crumbling Farum Azula,Ancient Dragon,45100272,,"12,312",-,,118,118,118,118,118,118,118,118,,35,35,35,10,40,40,80,40,,565,565,565,565,Immune,Immune,Immune,,1,1,1,1,1,,120,0.2,600,9.231,,2,1,1,1,1,1,1,1,2,1
Crumbling Farum Azula,Ancient Dragon,45100572,,"12,312",-,,118,118,118,118,118,118,118,118,,35,35,35,10,40,40,80,40,,565,565,565,565,Immune,Immune,Immune,,1,1,1,1,1,,120,0.2,600,9.231,,2,1,1,1,1,1,1,1,2,1
Crumbling Farum Azula,Ancient Dragon,45101272,,"20,529",-,,118,118,118,118,118,118,118,118,,35,35,35,10,40,40,80,40,,565,565,565,565,Immune,Immune,Immune,,1,1,1,1,1,,120,0.2,600,9.231,,2,1,1,1,1,1,1,1,2,1
Crumbling Farum Azula,Ancient Dragon,45102272,,"20,529",-,,118,118,118,118,118,118,118,118,,35,35,35,10,40,40,80,40,,565,565,565,565,Immune,Immune,Immune,,1,1,1,1,1,,120,0.2,600,9.231,,2,1,1,1,1,1,1,1,2,1
Crumbling Farum Azula,Azula Beastman,39700072,,"1,640",-,,118,118,118,118,118,118,118,118,,0,0,-10,0,0,-20,20,0,,251,251,345,345,188,Immune,Immune,,1,1,1,1,1,,30,1,30,2.308,,1,1,1,1,1,1,1,1,1.5,0
Crumbling Farum Azula,Azula Beastman,39700172,,"1,640",-,,118,118,118,118,118,118,118,118,,0,0,-10,0,0,-20,20,0,,251,251,345,345,188,Immune,Immune,,1,1,1,1,1,,30,1,30,2.308,,1,1,1,1,1,1,1,1,1.5,0
Crumbling Farum Azula,Azula Beastman,39700272,,"1,640",-,,118,118,118,118,118,118,118,118,,0,0,-10,0,0,-20,20,0,,251,251,345,345,188,Immune,Immune,,1,1,1,1,1,,30,1,30,2.308,,1,1,1,1,1,1,1,1,1.5,0
Crumbling Farum Azula,Azula Beastman,39700372,,"1,640",-,,118,118,118,118,118,118,118,118,,0,0,-10,0,0,-20,20,0,,251,251,345,345,188,Immune,Immune,,1,1,1,1,1,,30,1,30,2.308,,1,1,1,1,1,1,1,1,1.5,0
Crumbling Farum Azula,Azula Beastman,39700472,,"1,640",-,,118,118,118,118,118,118,118,118,,0,0,-10,0,0,-20,20,0,,251,251,345,345,188,Immune,Immune,,1,1,1,1,1,,30,1,30,2.308,,1,1,1,1,1,1,1,1,1.5,0
Crumbling Farum Azula,Azula Beastman,39703072,,"1,640",-,,118,118,118,118,118,118,118,118,,0,0,-10,0,0,-20,20,0,,251,251,345,345,188,Immune,Immune,,1,1,1,1,1,,30,1,30,2.308,,1,1,1,1,1,1,1,1,1.5,0
Crumbling Farum Azula,Azula Beastman,39703172,,"1,640",-,,118,118,118,118,118,118,118,118,,0,0,-10,0,0,-20,20,0,,251,251,345,345,188,Immune,Immune,,1,1,1,1,1,,30,1,30,2.308,,1,1,1,1,1,1,1,1,1.5,0
Crumbling Farum Azula,Azula Beastman (Cleaver),39701072,,"4,075",-,,118,118,118,118,118,118,118,118,,0,0,-10,0,0,-20,20,0,,251,251,345,345,188,Immune,Immune,,1,1,1,1,1,,65,1,65,5,,1,1,1,1,1,1,1,1,1.5,0
Crumbling Farum Azula,Azula Beastman (Cleaver),39701172,,"4,075",-,,118,118,118,118,118,118,118,118,,0,0,-10,0,0,-20,20,0,,251,251,345,345,188,Immune,Immune,,1,1,1,1,1,,65,1,65,5,,1,1,1,1,1,1,1,1,1.5,0
Crumbling Farum Azula,Azula Beastman (Cleaver),39701272,,"1,640",-,,118,118,118,118,118,118,118,118,,0,0,-10,0,0,-20,20,0,,251,251,345,345,188,Immune,Immune,,1,1,1,1,1,,65,1,65,5,,1,1,1,1,1,1,1,1,1.5,0
Crumbling Farum Azula,Azula Beastman (Throwing Knife),39702072,,"1,640",-,,118,118,118,118,118,118,118,118,,0,0,-10,0,0,-20,20,0,,251,251,345,345,188,Immune,Immune,,1,1,1,1,1,,30,1,30,2.308,,1,1,1,1,1,1,1,1,1.5,0
Crumbling Farum Azula,Azula Beastman (Throwing Knife),39702172,,"1,640",-,,118,118,118,118,118,118,118,118,,0,0,-10,0,0,-20,20,0,,251,251,345,345,188,Immune,Immune,,1,1,1,1,1,,30,1,30,2.308,,1,1,1,1,1,1,1,1,1.5,0
Crumbling Farum Azula,Azula Beastman (Throwing Knife),39702272,,"1,640",-,,118,118,118,118,118,118,118,118,,0,0,-10,0,0,-20,20,0,,251,251,345,345,188,Immune,Immune,,1,1,1,1,1,,30,1,30,2.308,,1,1,1,1,1,1,1,1,1.5,0
Crumbling Farum Azula,Azula Beastman (Throwing Knife),39702372,,"1,640",-,,118,118,118,118,118,118,118,118,,0,0,-10,0,0,-20,20,0,,251,251,345,345,188,Immune,Immune,,1,1,1,1,1,,30,1,30,2.308,,1,1,1,1,1,1,1,1,1.5,0
Crumbling Farum Azula,Banished Knight (Hood),30100172,,"2,940",-,,118,118,118,118,118,118,118,118,,10,10,35,0,20,20,-40,20,,251,251,345,345,251,Immune,Immune,,1,1,1,1,1,,65,1,65,5,,1,1,1,1,1,1,1,1,1.5,0
Crumbling Farum Azula,Banished Knight (Hood),30101172,,"2,940",-,,118,118,118,118,118,118,118,118,,10,10,35,0,20,20,-40,20,,251,251,345,345,251,Immune,Immune,,1,1,1,1,1,,65,1,65,5,,1,1,1,1,1,1,1,1,1.5,0
Crumbling Farum Azula,Banished Knight (Hood),30102172,,"2,940",-,,118,118,118,118,118,118,118,118,,10,10,35,0,20,20,-40,20,,251,251,345,345,251,Immune,Immune,,1,1,1,1,1,,65,1,65,5,,1,1,1,1,1,1,1,1,1.5,0
Crumbling Farum Azula,Beast Clergyman [Boss],21100072,,"10,620",-,,120,120,120,120,120,120,120,120,,35,35,35,35,40,40,40,80,,351,351,574,574,"2,277",Immune,Immune,,0.7,0.7,0.7,1,1,,80,1,80,6.154,,1,1,1,1,1,1,1,1,1.5,0
Crumbling Farum Azula,Braided Dog,41630072,,"1,063",-,,118,118,118,118,118,118,118,118,,-10,-10,-40,-10,-20,-40,-20,-20,,188,188,188,251,188,Immune,Immune,,1,1,1,1,1,,30,1,30,2.308,,1,1,1,1,1,1,1,1,1.5,0
Crumbling Farum Azula,Crucible Knight (Greatsword),25000172,,"5,512",-,,118,118,118,118,118,118,118,118,,35,35,35,35,40,20,20,40,,565,565,Immune,565,565,Immune,Immune,,1,1,1,1,1,,80,1,80,6.154,,1,1,1,1,1,1,1,1,1.5,0
Crumbling Farum Azula,Draconic Tree Sentinel,32500072,,"13,362",-,,118,118,118,118,118,118,118,118,,10,10,35,10,20,40,40,20,,345,345,565,565,345,Immune,Immune,,1,1,1,1,1,,80,1,80,6.154,,1,1,1,1,1,1,1,1,1.5,0
Crumbling Farum Azula,Dragonlord Placidusax [Boss],45200072,,"26,651",-,,121,121,121,121,121,121,121,121,,35,35,35,10,40,40,40,40,,"1,349","1,349","1,349","1,349",Immune,Immune,Immune,,0.7,0.7,1,1,1,,160,1,160,12.308,,1,1,1,1,1,1,1,1,1.5,1
Crumbling Farum Azula,Godskin Apostle [Boss HP],35600972,,"26,350",-,,118,118,118,118,118,118,118,118,,0,10,-10,0,20,40,20,40,,345,345,251,345,251,Immune,Immune,,0.7,0.7,0.7,1,1,,80,1,80,6.154,,1,1,1,1,1,1,1,1,1.5,0
Crumbling Farum Azula,Godskin Apostle [Boss],35600172,,"6,668",-,,118,118,118,118,118,118,118,118,,0,10,-10,0,20,40,20,40,,345,345,251,345,251,Immune,Immune,,0.7,0.7,0.7,1,1,,80,1,80,6.154,,1,1,1,1,1,1,1,1,1.5,0
Crumbling Farum Azula,Godskin Noble [Boss],35700172,,"8,000",-,,118,118,118,118,118,118,118,118,,0,35,-10,0,20,40,20,40,,345,345,251,345,251,Immune,Immune,,0.7,0.7,0.7,1,1,,80,1,80,6.154,,1,1,1,1,1,1,1,1,1.5,0
Crumbling Farum Azula,Incantation Teardrop Scarab,41914072,,"1,010",-,,118,118,118,118,118,118,118,118,,10,10,35,35,40,40,40,40,,Immune,Immune,Immune,Immune,Immune,Immune,Immune,,1,1,1,1,1,,30,1,30,2.308,,1,1,1,1,1,1,1,1,1.5,0
Crumbling Farum Azula,Iron Fist Alexander (Cracked),44909972,,"2,946",-,,118,118,118,118,118,118,118,118,,10,-40,35,35,0,100,20,20,,Immune,Immune,Immune,Immune,Immune,Immune,Immune,,1,1,1,1,1,,80,1,80,6.154,,1,1,1,1,1,1,1,1,1.5,1
Crumbling Farum Azula,Large Braided Dog,41620072,,"2,218",-,,118,118,118,118,118,118,118,118,,-10,-10,-40,-10,-20,-40,-20,-20,,188,188,188,251,188,Immune,Immune,,1,1,1,1,1,,30,1,30,2.308,,1,1,1,1,1,1,1,1,1.5,0
Crumbling Farum Azula,Lesser Wormface,45701072,,"4,075",-,,118,118,118,118,118,118,118,118,,0,0,-10,0,0,0,0,40,,345,345,345,345,345,Immune,Immune,,1,1,1,1,1,,65,1,65,5,,1,1,1,1,1,1,1,1,2,1
Crumbling Farum Azula,"Maliketh, The Black Blade [Boss]",21101072,,"10,620",-,,120,120,120,120,120,120,120,120,,35,35,35,35,40,40,40,80,,351,351,574,574,"2,277",Immune,Immune,,0.7,0.7,0.7,1,1,,80,1,80,6.154,,1,1,1,1,1,1,1,1,1.5,0
Crumbling Farum Azula,Skeleton (Curved Sword),35000172,,971,-,,118,118,118,118,118,118,118,118,,0,-40,10,35,0,20,40,-40,,Immune,251,Immune,Immune,Immune,Immune,Immune,,1,1,1,1,1,,30,1,30,2.308,,0,1,1,1,1,1,1,1,1.5,0
Crumbling Farum Azula,Skeleton (Curved Sword),35001172,,971,-,,118,118,118,118,118,118,118,118,,0,-40,10,35,0,20,40,-40,,Immune,251,Immune,Immune,Immune,Immune,Immune,,1,1,1,1,1,,30,1,30,2.308,,0,1,1,1,1,1,1,1,1.5,0
Crumbling Farum Azula,Skeleton (Curved Sword),35002172,,971,-,,118,118,118,118,118,118,118,118,,0,-40,10,35,0,20,40,-40,,Immune,251,Immune,Immune,Immune,Immune,Immune,,1,1,1,1,1,,30,1,30,2.308,,0,1,1,1,1,1,1,1,1.5,0
Crumbling Farum Azula,Skeleton (Curved Sword),35003172,,971,-,,118,118,118,118,118,118,118,118,,0,-40,10,35,0,20,40,-40,,Immune,251,Immune,Immune,Immune,Immune,Immune,,1,1,1,1,1,,35,1,35,2.692,,0,1,1,1,1,1,1,1,1.5,0
Crumbling Farum Azula,Skeleton (Curved Sword),35004172,,971,-,,118,118,118,118,118,118,118,118,,0,-40,10,35,0,20,40,-40,,Immune,251,Immune,Immune,Immune,Immune,Immune,,1,1,1,1,1,,35,1,35,2.692,,0,1,1,1,1,1,1,1,1.5,0
Crumbling Farum Azula,Undead Azula Beastman,30610072,,"4,403",-,,118,118,118,118,118,118,118,118,,0,-40,10,35,0,0,40,-20,,Immune,251,Immune,Immune,Immune,Immune,Immune,,1,1,1,1,1,,55,1,55,4.231,,1,1,1,1,1,1,1,1,1.5,0
Crumbling Farum Azula,Undead Azula Beastman,30611072,,"4,023",-,,118,118,118,118,118,118,118,118,,0,-40,10,35,0,0,40,-20,,Immune,251,Immune,Immune,Immune,Immune,Immune,,1,1,1,1,1,,55,1,55,4.231,,1,1,1,1,1,1,1,1,1.5,0
Crumbling Farum Azula,Warhawk,42102072,,"1,017",-,,118,118,118,118,118,118,118,118,,-10,-10,-40,-10,-20,-40,-20,-20,,188,188,188,251,188,Immune,Immune,,1,1,1,1,1,,30,1,30,2.308,,1,1,1,1,1,1,1,1,1.5,0
Crumbling Farum Azula,Wormface,45801072,,"10,415",-,,118,118,118,118,118,118,118,118,,0,0,-10,0,0,0,0,40,,345,345,345,345,345,Immune,Immune,,1,1,1,1,1,,80,1,80,6.154,,1,1,1,1,1,1,1,1,2,1
Deathtouched Catacombs,Black Knife Assassin [Boss],21001010,,"1,668",-,,101,101,101,101,101,101,101,101,,10,10,10,35,20,20,20,40,,Immune,Immune,Immune,310,Immune,Immune,Immune,,1,0.7,1,1,1,,80,1,80,6.154,,1,1,1,1,1,1,1,1,1.5,0
Deathtouched Catacombs,Skeleton (Scimitar),35100010,,320,-,,101,101,101,101,101,101,101,101,,0,-40,10,35,0,20,40,-40,,Immune,226,Immune,Immune,Immune,Immune,Immune,,1,1,1,1,1,,30,1,30,2.308,,1,1,1,1,1,1,1,1,1.5,0
Deathtouched Catacombs,Skeleton (Scimitar),35100110,,320,-,,101,101,101,101,101,101,101,101,,0,-40,10,35,0,20,40,-40,,Immune,226,Immune,Immune,Immune,Immune,Immune,,1,1,1,1,1,,30,1,30,2.308,,1,1,1,1,1,1,1,1,1.5,0
Deathtouched Catacombs,Skeleton (Scimitar),35102010,,320,-,,101,101,101,101,101,101,101,101,,0,-40,10,35,0,20,40,-40,,Immune,226,Immune,Immune,Immune,Immune,Immune,,1,1,1,1,1,,30,1,30,2.308,,1,1,1,1,1,1,1,1,1.5,0
Deeproot Depths,Ash Teardrop Scarab,41912066,,635,-,,114,114,114,114,114,114,114,114,,10,10,35,35,40,40,40,40,,Immune,Immune,Immune,Immune,Immune,Immune,Immune,,1,1,1,1,1,,30,1,30,2.308,,1,1,1,1,1,1,1,1,1.5,0
Deeproot Depths,Basilisk,41500066,,"1,394",-,,114,114,114,114,114,114,114,114,,-10,-10,-40,-10,-20,-20,-20,-20,,184,184,138,138,138,Immune,Immune,,1,1,1,1,1,,30,1,30,2.308,,1,1,1,1,1,1,1,1,1.5,0
Deeproot Depths,Crucible Knight Siluria [Boss],25001066,,"4,606",-,,117,117,117,117,117,117,117,117,,35,35,35,35,40,20,20,40,,561,561,Immune,561,561,Immune,Immune,,1,0.7,1,1,1,,80,1,80,6.154,,1,1,1,1,1,1,1,1,1.5,0
Deeproot Depths,Erdtree Avatar,48100066,,"7,198",-,,114,114,114,114,114,114,114,114,,10,0,10,10,20,-40,20,40,,337,337,Immune,245,Immune,Immune,Immune,,1,1,1,1,1,,120,1,120,9.231,,1,1,1,1,1,1,1,1,1.5,1
Deeproot Depths,Finger Reader Crone,21601066,,"3,720",-,,114,114,114,114,114,114,114,114,,0,0,0,0,0,-20,0,0,,245,245,245,245,Immune,Immune,Immune,,1,1,1,1,1,,-1,1,∞,0,,1,1,1,1,1,1,1,1,1.5,0
Deeproot Depths,Giant Ant,42800066,,808,-,,114,114,114,114,114,114,114,114,,10,10,35,10,0,-20,0,0,,552,552,337,184,138,Immune,Immune,,1,1,1,1,1,,40,1,40,3.077,,1,1,1,1,1,1,1,1,1.5,0
Deeproot Depths,Giant Ant,42800166,,808,-,,114,114,114,114,114,114,114,114,,10,10,35,10,0,-20,0,0,,552,552,337,184,138,Immune,Immune,,1,1,1,1,1,,40,1,40,3.077,,1,1,1,1,1,1,1,1,1.5,0
Deeproot Depths,Giant Ant,42800366,,808,-,,114,114,114,114,114,114,114,114,,10,10,35,10,0,-20,0,0,,552,552,337,184,138,Immune,Immune,,1,1,1,1,1,,40,1,40,3.077,,1,1,1,1,1,1,1,1,10,1
Deeproot Depths,Giant Ant,42800466,,808,-,,114,114,114,114,114,114,114,114,,10,10,35,10,0,-20,0,0,,552,552,337,184,138,Immune,Immune,,1,1,1,1,1,,40,1,40,3.077,,1,1,1,1,1,1,1,1,1.5,0
Deeproot Depths,Giant Ant,42800566,,808,-,,114,114,114,114,114,114,114,114,,10,10,35,10,0,-20,0,0,,552,552,337,184,138,Immune,Immune,,1,1,1,1,1,,40,1,40,3.077,,1,1,1,1,1,1,1,1,1.5,0
Deeproot Depths,Giant Ant (Sac),42810066,,"1,348",-,,114,114,114,114,114,114,114,114,,10,10,10,10,0,0,-42,0,,184,184,184,184,184,Immune,Immune,,1,1,1,1,1,,65,1,65,5,,0.2,1,1,1,1,1,1,1,1.5,1
Deeproot Depths,Lichdragon Fortissax [Boss],45110066,,"12,903",-,,114,114,114,114,114,114,114,114,,35,35,35,10,40,40,80,80,,552,552,552,552,Immune,Immune,Immune,,0.7,0.7,1,1,1,,140,0.2,700,10.769,,2,1,1,1,1,1,1,1,2,1
Deeproot Depths,Mausoleum Knight,43550066,,"2,376",-,,114,114,114,114,114,114,114,114,,10,10,35,0,20,20,0,0,,Immune,Immune,Immune,Immune,Immune,Immune,Immune,,1,1,1,1,1,,65,1,65,5,,1,1,1,1,1,1,1,1,1.5,0
Deeproot Depths,Mausoleum Knight,43551166,,"2,376",-,,114,114,114,114,114,114,114,114,,10,10,35,0,20,20,0,0,,Immune,Immune,Immune,Immune,Immune,Immune,Immune,,1,1,1,1,1,,65,1,65,5,,1,1,1,1,1,1,1,1,1.5,0
Deeproot Depths,Mausoleum Knight,43552066,,"2,376",-,,114,114,114,114,114,114,114,114,,10,10,35,0,20,20,0,0,,Immune,Immune,Immune,Immune,Immune,Immune,Immune,,1,1,1,1,1,,65,1,65,5,,1,1,1,1,1,1,1,1,1.5,0
Deeproot Depths,Mausoleum Knight's Horse,43650066,,"1,848",-,,114,114,114,114,114,114,114,114,,0,0,-10,0,0,0,0,-20,,Immune,Immune,Immune,Immune,Immune,Immune,Immune,,1,1,1,1,1,,65,1,65,5,,1,1,1,1,1,1,1,1,1.5,0
Deeproot Depths,Mausoleum Soldier,43150066,,792,-,,114,114,114,114,114,114,114,114,,0,0,10,-10,0,0,-20,-20,,Immune,Immune,Immune,Immune,Immune,Immune,Immune,,1,1,1,1,1,,30,1,30,2.308,,1,1,1,1,1,1,1,1,1.5,0
Deeproot Depths,Mausoleum Soldier,43150366,,792,-,,114,114,114,114,114,114,114,114,,0,0,10,-10,0,0,-20,-20,,Immune,Immune,Immune,Immune,Immune,Immune,Immune,,1,1,1,1,1,,30,1,30,2.308,,1,1,1,1,1,1,1,1,1.5,0
Deeproot Depths,Mausoleum Soldier,43151066,,792,-,,114,114,114,114,114,114,114,114,,0,0,10,-10,0,0,-20,-20,,Immune,Immune,Immune,Immune,Immune,Immune,Immune,,1,1,1,1,1,,30,1,30,2.308,,1,1,1,1,1,1,1,1,1.5,0
Deeproot Depths,Mausoleum Soldier,43151366,,792,-,,114,114,114,114,114,114,114,114,,0,0,10,-10,0,0,-20,-20,,Immune,Immune,Immune,Immune,Immune,Immune,Immune,,1,1,1,1,1,,30,1,30,2.308,,1,1,1,1,1,1,1,1,1.5,0
Deeproot Depths,Mausoleum Soldier,43152066,,792,-,,114,114,114,114,114,114,114,114,,0,0,10,-10,0,0,-20,-20,,Immune,Immune,Immune,Immune,Immune,Immune,Immune,,1,1,1,1,1,,30,1,30,2.308,,1,1,1,1,1,1,1,1,1.5,0
Deeproot Depths,Mausoleum Soldier,43153066,,792,-,,114,114,114,114,114,114,114,114,,0,0,10,-10,0,0,-20,-20,,Immune,Immune,Immune,Immune,Immune,Immune,Immune,,1,1,1,1,1,,30,1,30,2.308,,1,1,1,1,1,1,1,1,1.5,0
Deeproot Depths,Runebear,46300066,,"10,663",-,,114,114,114,114,114,114,114,114,,0,0,-10,0,0,-20,0,0,,337,337,552,552,184,Immune,Immune,,1,1,1,1,1,,80,1,80,6.154,,1,1,1,1,1,1,1,1,1.5,0
Deeproot Depths,Runebear,46300766,,"10,663",-,,114,114,114,114,114,114,114,114,,0,0,-10,0,0,-20,0,0,,337,337,552,552,184,Immune,Immune,,1,1,1,1,1,,80,1,80,6.154,,1,1,1,1,1,1,1,1,1.5,0
Deeproot Depths,Stone Teardrop Scarab,41915066,,635,-,,114,114,114,114,114,114,114,114,,10,10,35,35,40,40,40,40,,Immune,Immune,Immune,Immune,Immune,Immune,Immune,,1,1,1,1,1,,30,1,30,2.308,,1,1,1,1,1,1,1,1,1.5,0
Deeproot Depths,Valiant Gargoyle,47702066,,"1,072",-,,114,114,114,114,114,114,114,114,,10,0,35,35,20,40,40,40,,Immune,Immune,Immune,Immune,Immune,Immune,Immune,,1,1,1,1,1,,20,1,20,1.538,,1.5,1,1,1,1,1,1,1,1.5,1
Deeproot Depths,Walking Mausoleum,44500066,,0,-,,114,114,114,114,114,114,114,114,,100,100,100,100,100,100,100,100,,Immune,Immune,Immune,Immune,Immune,Immune,Immune,,1,1,1,1,1,,-1,1,∞,0,,1,1,1,1,1,1,1,1,1.5,1
Divine Tower of Caelid,Godskin Apostle [Boss],35600042,,"13,596",-,,120,120,120,120,120,120,120,120,,0,10,-10,0,20,40,20,40,,351,351,255,351,255,Immune,Immune,,0.7,0.7,0.7,1,1,,80,1,80,6.154,,1,1,1,1,1,1,1,1,1.5,0
Divine Tower of Caelid,Godskin Monk,39011042,,"3,972",-,,120,120,120,120,120,120,120,120,,0,0,10,0,0,40,20,20,,351,351,255,351,255,Immune,Immune,,1,1,1,1,1,,65,1,65,5,,1,1,1,1,1,1,1,1,1.5,0
Divine Tower of Caelid,Radahn Soldier,43142242,,"1,284",-,,120,120,120,120,120,120,120,120,,0,0,10,-10,0,20,-20,0,,255,255,255,255,255,Immune,Immune,,1,1,1,1,1,,30,1,30,2.308,,1,1,1,1,1,1,1,1,1.5,0
Divine Tower of Caelid,Radahn Soldier,43143242,,"1,284",-,,120,120,120,120,120,120,120,120,,0,0,10,-10,0,20,-20,0,,255,255,255,255,255,Immune,Immune,,1,1,1,1,1,,30,1,30,2.308,,1,1,1,1,1,1,1,1,1.5,0
Divine Tower of East Altus,Fell Twin (Axe) [Boss],21403150,,"6,539",-,,115,115,115,115,115,115,115,115,,0,0,-10,0,0,0,0,20,,247,247,247,247,247,Immune,Immune,,0.7,0.7,0.7,1,1,,65,1,65,5,,1,1,1,1,1,1,1,1,1.5,0
Divine Tower of East Altus,Fell Twin (Curved Sword) [Boss],21403050,,"7,871",-,,115,115,115,115,115,115,115,115,,0,0,-10,0,0,0,0,20,,247,247,247,247,247,Immune,Immune,,0.7,0.7,0.7,1,1,,65,1,65,5,,1,1,1,1,1,1,1,1,1.5,0
Divine Tower of East Altus,Leyndell Foot Soldier,43734050,,527,-,,115,115,115,115,115,115,115,115,,0,0,0,-10,0,0,20,0,,139,139,185,185,185,Immune,Immune,,1,1,1,1,1,,30,1,30,2.308,,1,1,1,1,1,1,1,1,1.5,0
Divine Tower of East Altus,Leyndell Foot Soldier,43737050,,712,-,,115,115,115,115,115,115,115,115,,0,0,0,-10,0,0,20,0,,139,139,185,185,185,Immune,Immune,,1,1,1,1,1,,30,1,30,2.308,,1,1,1,1,1,1,1,1,1.5,0
Divine Tower of East Altus,Leyndell Knight,43531150,,"2,790",-,,115,115,115,115,115,115,115,115,,10,10,35,0,20,20,40,20,,247,247,340,340,247,Immune,Immune,,1,1,1,1,1,,65,1,65,5,,1,1,1,1,1,1,1,1,1.5,0
Divine Tower of East Altus,Leyndell Knight,43532050,,"2,790",-,,115,115,115,115,115,115,115,115,,10,10,35,0,20,20,40,20,,247,247,340,340,247,Immune,Immune,,1,1,1,1,1,,65,1,65,5,,1,1,1,1,1,1,1,1,1.5,0
Divine Tower of East Altus,Leyndell Knight's Horse,43630050,,"2,170",-,,115,115,115,115,115,115,115,115,,0,0,-10,0,0,0,20,20,,247,247,247,247,247,Immune,Immune,,1,1,1,1,1,,65,1,65,5,,1,1,1,1,1,1,1,1,1.5,0
Divine Tower of East Altus,Leyndell Soldier,43130150,,930,-,,115,115,115,115,115,115,115,115,,0,0,10,-10,0,0,0,20,,185,185,247,247,247,Immune,Immune,,1,1,1,1,1,,30,1,30,2.308,,1,1,1,1,1,1,1,1,1.5,0
Divine Tower of East Altus,Stone Huge Teardrop Scarab,41925050,,"1,312",-,,115,115,115,115,115,115,115,115,,10,10,35,35,40,40,40,40,,Immune,Immune,Immune,Immune,Immune,Immune,Immune,,1,1,1,1,1,,80,1,80,6.154,,1,1,1,1,1,1,1,1,1.5,0
Divine Tower of East Altus,Stone Teardrop Scarab,41915150,,745,-,,115,115,115,115,115,115,115,115,,10,10,35,35,40,40,40,40,,Immune,Immune,Immune,Immune,Immune,Immune,Immune,,1,1,1,1,1,,30,1,30,2.308,,1,1,1,1,1,1,1,1,1.5,0
Divine Tower of Limgrave,Golem,46600010,,"5,974",-,,101,101,101,101,101,101,101,101,,10,0,10,10,20,40,40,40,,Immune,Immune,Immune,Immune,Immune,Immune,Immune,,1,1,1,1,1,,120,0.4096,292.969,9.231,,1,1,1,1,1,1,1,1,2.5,1
Divine Tower of Limgrave,Golem,46601010,,"2,786",-,,101,101,101,101,101,101,101,101,,10,0,10,10,20,40,40,40,,Immune,Immune,Immune,Immune,Immune,Immune,Immune,,1,1,1,1,1,,120,0.4096,292.969,9.231,,1,1,1,1,1,1,1,1,2.5,1
Divine Tower of Limgrave,Hawk,60010010,,27,-,,100,100,100,100,100,100,100,100,,-40,-40,-40,-40,-40,-100,-40,-40,,63,63,63,63,63,Immune,Immune,,1,1,1,1,1,,-1,1,∞,0,,1,1,1,1,1,1,1,1,1.5,0
Divine Tower of Limgrave,Warhawk,42102010,,176,-,,101,101,101,101,101,101,101,101,,-10,-10,-40,-10,-20,-40,-20,-20,,169,169,169,226,169,Immune,Immune,,1,1,1,1,1,,30,1,30,2.308,,1,1,1,1,1,1,1,1,1.5,0
Divine Tower of Liurnia,Godskin Noble,35700028,,"9,031",-,,113,113,113,113,113,113,113,113,,0,35,-10,0,20,40,20,40,,334,334,243,334,243,Immune,Immune,,1,1,1,1,1,,80,1,80,6.154,,1,1,1,1,1,1,1,1,1.5,0
Divine Tower of Liurnia,Rat,40800028,,599,-,,113,113,113,113,113,113,113,113,,-10,-10,-40,-10,-20,-40,-20,-20,,334,334,182,243,182,Immune,Immune,,1,1,1,1,1,,30,1,30,2.308,,1,1,1,1,1,1,1,1,1.5,0
Divine Tower of Liurnia,Raya Lucaria Soldier,43120028,,710,-,,113,113,113,113,113,113,113,113,,0,0,10,-10,20,0,-20,0,,Immune,Immune,Immune,Immune,243,Immune,Immune,,1,1,1,1,1,,30,1,30,2.308,,1,1,1,1,1,1,1,1,1.5,0
Divine Tower of Liurnia,Raya Lucaria Soldier,43123028,,710,-,,113,113,113,113,113,113,113,113,,0,0,10,-10,20,0,-20,0,,Immune,Immune,Immune,Immune,243,Immune,Immune,,1,1,1,1,1,,30,1,30,2.308,,1,1,1,1,1,1,1,1,1.5,0
Divine Tower of Liurnia,Small Fingercreeper,42500028,,388,-,,113,113,113,113,113,113,113,113,,-10,-10,-40,-10,0,0,0,0,,243,243,182,243,Immune,Immune,Immune,,1,1,1,1,1,,30,1,30,2.308,,1,1,1,1,1,1,1,1,1.5,0
Divine Tower of Liurnia,Wandering Noble,43001528,,314,-,,113,113,113,113,113,113,113,113,,-10,-10,-10,-10,-20,-20,-20,0,,Immune,Immune,Immune,Immune,182,Immune,Immune,,1,1,1,1,1,,30,1,30,2.308,,1,1,1,1,1,1,1,1,1.5,0
Divine Tower of Liurnia,Wandering Noble (Ghost),43009220,,192,-,,107,107,107,107,107,107,107,107,,-10,-10,-10,-10,-20,-20,-20,0,,Immune,Immune,Immune,Immune,Immune,Immune,Immune,,1,1,1,1,1,,30,1,30,2.308,,1,1,1,1,1,1,1,1,1.5,0
Divine Tower of West Altus,Abductor Virgin (Wheel),44701033,,"4,608",-,,111,111,111,111,111,111,111,111,,10,0,10,10,0,20,-20,20,,Immune,Immune,Immune,Immune,Immune,Immune,Immune,,1,1,1,1,1,,65,0,∞,5,,1,1,1,1,1,1,1,1,2,1
Divine Tower of West Altus,Lookout Stone,44301033,,565,-,,111,111,111,111,111,111,111,111,,35,10,35,35,40,40,40,40,,Immune,Immune,Immune,Immune,Immune,Immune,Immune,,1,1,1,1,1,,30,1,30,2.308,,1,1,1,1,1,1,1,1,2,0
Divine Tower of West Altus,Onyx Lord [Boss],36001933,,"4,907",-,,111,111,111,111,111,111,111,111,,10,10,10,10,20,20,20,20,,332,332,332,Immune,241,Immune,Immune,,0.7,1,1,1,1,,65,1,65,5,,1,1,1,1,1,1,1,1,1.5,0
Divine Tower of West Altus,Tunnel Miner,43826033,,302,-,,111,111,111,111,111,111,111,111,,80,35,80,80,20,40,40,20,,543,332,332,332,241,Immune,Immune,,1,1,1,1,1,,65,1,65,5,,1,1,1,1,1,1,1,1,1.5,0
Divine Tower of West Altus,Tunnel Miner,43828033,,302,-,,111,111,111,111,111,111,111,111,,80,35,80,80,20,40,40,20,,543,332,332,332,241,Immune,Immune,,1,1,1,1,1,,65,1,65,5,,1,1,1,1,1,1,1,1,1.5,0
Divine Tower of West Altus,Vulgar Militia (Saw),43210033,,497,-,,111,111,111,111,111,111,111,111,,0,0,0,-10,0,0,-20,0,,Immune,181,241,181,241,Immune,Immune,,1,1,1,1,1,,30,1,30,2.308,,1,1,1,1,1,1,1,1,1.5,0
Divine Tower of West Altus,Vulgar Militia (Chain),43212033,,497,-,,111,111,111,111,111,111,111,111,,0,0,0,-10,0,0,-20,0,,Immune,181,241,181,241,Immune,Immune,,1,1,1,1,1,,30,1,30,2.308,,1,1,1,1,1,1,1,1,1.5,0
Dragonbarrow Cave,Beastman of Farum Azula (Cleaver) [Boss],39701942,,"8,306",-,,120,120,120,120,120,120,120,120,,0,0,-10,0,0,-20,20,0,,255,255,351,351,191,Immune,Immune,,0.7,0.7,0.7,1,1,,65,1,65,5,,1,1,1,1,1,1,1,1,1.5,0
Dragonbarrow Cave,Beastman of Farum Azula (Throwing Knife) [Boss],39702942,,"3,344",-,,120,120,120,120,120,120,120,120,,0,0,-10,0,0,-20,20,0,,255,255,351,351,191,Immune,Immune,,0.7,0.7,0.7,1,1,,30,1,30,2.308,,1,1,1,1,1,1,1,1,1.5,0
Dragonbarrow Cave,Deer,60100042,,55,-,,100,100,100,100,100,100,100,100,,-40,-40,-40,-40,-40,-100,-40,-40,,63,63,63,63,63,Immune,Immune,,1,1,1,1,1,,-1,1,∞,0,,1,1,1,1,1,1,1,1,1.5,0
Dragonbarrow Cave,Grey Wolf,40700042,,521,-,,120,120,120,120,120,120,120,120,,-10,-10,-40,-10,-20,-40,-20,-20,,191,191,191,351,191,Immune,Immune,,1,1,1,1,1,,30,1,30,2.308,,1,1,1,1,1,1,1,1,1.5,0
Dragonbarrow Cave,Springhare,61000042,,27,-,,100,100,100,100,100,100,100,100,,-40,-40,-40,-40,-40,-100,-40,-40,,63,63,63,63,63,Immune,Immune,,1,1,1,1,1,,-1,1,∞,0,,1,1,1,1,1,1,1,1,1.5,0
Dragonbarrow Cave,Runebear,46300342,,"17,288",-,,120,120,120,120,120,120,120,120,,0,0,-10,0,0,-20,0,0,,351,351,574,574,191,Immune,Immune,,1,1,1,1,1,,80,1,80,6.154,,1,1,1,1,1,1,1,1,1.5,0
Dragonbarrow Cave,White Wolf,40710042,,"2,735",-,,120,120,120,120,120,120,120,120,,-10,-10,-40,-10,-20,-40,-20,-20,,191,191,191,351,191,Immune,Immune,,1,1,1,1,1,,50,1,50,3.846,,1,1,1,1,1,1,1,1,1.5,0
Earthbore Cave,Giant Rat,40900012,,712,-,,102,102,102,102,102,102,102,102,,-10,-10,-40,-10,-20,-40,-20,-20,,313,313,170,227,170,Immune,Immune,,1,1,1,1,1,,65,1,65,5,,1,1,1,1,1,1,1,1,1.5,0
Earthbore Cave,Rat,40800012,,207,-,,102,102,102,102,102,102,102,102,,-10,-10,-40,-10,-20,-40,-20,-20,,313,313,170,227,170,Immune,Immune,,1,1,1,1,1,,30,1,30,2.308,,1,1,1,1,1,1,1,1,1.5,0
Earthbore Cave,Runebear [Boss],46300912,,"3,311",-,,102,102,102,102,102,102,102,102,,0,0,-10,0,30,-20,0,0,,313,313,512,512,170,Immune,Immune,,0.7,0.7,0.7,1,1,,80,1,80,6.154,,1,1,1,1,1,1,1,1,1.5,0
East Limgrave,Horse,40600010,,423,-,,101,101,101,101,101,101,101,101,,0,0,-10,0,0,0,0,0,,226,226,226,226,226,Immune,Immune,,1,1,1,1,1,,65,1,65,5,,1,1,1,1,1,1,1,1,1.5,0
East Limgrave,Kaiden Sellsword,40500010,,555,-,,101,101,101,101,101,101,101,101,,0,0,0,0,0,0,-20,0,,226,226,226,310,226,Immune,Immune,,1,1,1,1,1,,65,1,65,5,,1,1,1,1,1,1,1,1,1.5,0
East Limgrave,Soldier of Godrick,43110010,,219,-,,101,101,101,101,101,101,101,101,,0,0,10,-10,0,0,-20,0,,169,169,226,226,226,Immune,Immune,,1,1,1,1,1,,30,1,30,2.308,,1,1,1,1,1,1,1,1,1.5,0
East Limgrave,Troll Knight,46001010,,"1,803",-,,101,101,101,101,101,101,101,101,,0,0,-10,0,0,0,0,0,,226,226,226,310,40,Immune,Immune,,1,1,1,1,1,,45,1,45,3.462,,1,1,1,1,1,1,1,1,2,1
East Limgrave,Wandering Noble,43000110,,96,-,,101,101,101,101,101,101,101,101,,-10,-10,-10,-10,-20,-20,-20,0,,127,127,169,169,169,Immune,Immune,,1,1,1,1,1,,30,1,30,2.308,,1,1,1,1,1,1,1,1,1.5,0
East Limgrave,Wandering Noble,43000210,,96,-,,101,101,101,101,101,101,101,101,,-10,-10,-10,-10,-20,-20,-20,0,,127,127,169,169,169,Immune,Immune,,1,1,1,1,1,,30,1,30,2.308,,1,1,1,1,1,1,1,1,1.5,0
East Limgrave,Wandering Noble,43001010,,96,-,,101,101,101,101,101,101,101,101,,-10,-10,-10,-10,-20,-20,-20,0,,127,127,169,169,169,Immune,Immune,,1,1,1,1,1,,30,1,30,2.308,,1,1,1,1,1,1,1,1,1.5,0
East Limgrave,Wandering Noble,43002010,,96,-,,101,101,101,101,101,101,101,101,,-10,-10,-10,-10,-20,-20,-20,0,,127,127,169,169,169,Immune,Immune,,1,1,1,1,1,,30,1,30,2.308,,1,1,1,1,1,1,1,1,1.5,0
East Limgrave,Wandering Noble,43003010,,96,-,,101,101,101,101,101,101,101,101,,-10,-10,-10,-10,-20,-20,-20,0,,127,127,169,169,169,Immune,Immune,,1,1,1,1,1,,30,1,30,2.308,,1,1,1,1,1,1,1,1,1.5,0
East Limgrave,Wandering Noble,43005010,,96,-,,101,101,101,101,101,101,101,101,,-10,-10,-10,-10,-20,-20,-20,0,,127,127,169,169,169,Immune,Immune,,1,1,1,1,1,,30,1,30,2.308,,1,1,1,1,1,1,1,1,1.5,0
East Liurnia,Walking Mausoleum,44500020,,0,-,,107,107,107,107,107,107,107,107,,100,100,100,100,100,100,100,100,,Immune,Immune,Immune,Immune,Immune,Immune,Immune,,1,1,1,1,1,,-1,1,∞,0,,1,1,1,1,1,1,1,1,1.5,1
East Liurnia / Liurnia to Atlus Plateau,Walking Mausoleum,44501020,,0,-,,107,107,107,107,107,107,107,107,,100,100,100,100,100,100,100,100,,Immune,Immune,Immune,Immune,Immune,Immune,Immune,,1,1,1,1,1,,-1,1,∞,0,,1,1,1,1,1,1,1,1,1.5,1
Gael Tunnel,Giant Land Octopus,42200040,,"5,598",-,,109,109,109,109,109,109,109,109,,80,80,80,80,40,40,20,40,,237,237,237,133,178,Immune,Immune,,1,1,1,1,1,,65,0.4,162.5,5,,2,1,1,1,1,1,1,1,5,1
Gael Tunnel,Iron Fist Alexander,44909410,,512,-,,101,101,101,101,101,101,101,101,,10,-40,35,35,0,20,20,20,,Immune,Immune,Immune,Immune,Immune,Immune,Immune,,1,1,1,1,1,,80,1,80,6.154,,1,1,1,1,1,1,1,1,1.5,1
Gael Tunnel,Magma Wyrm [Boss],49100940,,"7,141",-,,109,109,109,109,109,109,109,109,,10,10,35,10,40,80,40,40,,534,534,534,"1,150",237,Immune,Immune,,0.7,0.7,1,1,1,,120,1,120,9.231,,1,1,1,1,1,1,1,1,1.5,1
Gael Tunnel,Radahn Soldier,43140040,,461,-,,109,109,109,109,109,109,109,109,,0,0,10,-10,0,20,-20,0,,237,237,237,237,237,Immune,Immune,,1,1,1,1,1,,30,1,30,2.308,,1,1,1,1,1,1,1,1,1.5,0
Gael Tunnel,Radahn Soldier,43140140,,461,-,,109,109,109,109,109,109,109,109,,0,0,10,-10,0,20,-20,0,,237,237,237,237,237,Immune,Immune,,1,1,1,1,1,,30,1,30,2.308,,1,1,1,1,1,1,1,1,1.5,0
Gael Tunnel,Radahn Soldier,43140240,,461,-,,109,109,109,109,109,109,109,109,,0,0,10,-10,0,20,-20,0,,237,237,237,237,237,Immune,Immune,,1,1,1,1,1,,30,1,30,2.308,,1,1,1,1,1,1,1,1,1.5,0
Gael Tunnel,Radahn Soldier,43142040,,461,-,,109,109,109,109,109,109,109,109,,0,0,10,-10,0,20,-20,0,,237,237,237,237,237,Immune,Immune,,1,1,1,1,1,,30,1,30,2.308,,1,1,1,1,1,1,1,1,1.5,0
Gael Tunnel,Small Land Octopus,42300040,,276,-,,109,109,109,109,109,109,109,109,,0,10,0,0,-20,-20,-40,-20,,178,178,178,42,133,Immune,Immune,,1,1,1,1,1,,30,1,30,2.308,,1,1,1,1,1,1,1,1,1.5,0
Gael Tunnel,Tunnel Miner,43820140,,223,-,,109,109,109,109,109,109,109,109,,80,35,80,80,20,40,40,20,,534,326,326,326,237,Immune,Immune,,1,1,1,1,1,,65,1,65,5,,1,1,1,1,1,1,1,1,1.5,0
Gael Tunnel,Tunnel Miner,43822140,,223,-,,109,109,109,109,109,109,109,109,,80,35,80,80,20,40,40,20,,534,326,326,326,237,Immune,Immune,,1,1,1,1,1,,65,1,65,5,,1,1,1,1,1,1,1,1,1.5,0
Gael Tunnel,Tunnel Miner,43829140,,223,-,,109,109,109,109,109,109,109,109,,80,35,80,80,20,40,40,20,,534,326,326,326,237,Immune,Immune,,1,1,1,1,1,,65,1,65,5,,1,1,1,1,1,1,1,1,1.5,0
Gaol Cave,Frenzied Duelist [Boss],34000940,,"3,079",-,,109,109,109,109,109,109,109,109,,0,0,-10,0,0,0,0,0,,237,237,178,237,237,Immune,Immune,,0.7,0.7,1,1,1,,65,1,65,5,,1,1,1,1,1,1,1,1,1.5,0
Gaol Cave,Giant Rat,40900040,,"1,337",-,,109,109,109,109,109,109,109,109,,-10,-10,-40,-10,-20,-40,-20,-20,,326,326,178,237,178,Immune,Immune,,1,1,1,1,1,,65,1,65,5,,1,1,1,1,1,1,1,1,1.5,0
Gaol Cave,Putrid Corpse,36612040,,904,-,,109,109,109,109,109,109,109,109,,-40,-40,-40,-40,-40,80,-40,-40,,133,133,133,178,133,Immune,Immune,,1,1,1,1,1,,50,1,50,3.846,,1,1,1,1,1,1,1,1,1.5,0
Gaol Cave,Vulgar Militia (Saw),43210040,,368,-,,109,109,109,109,109,109,109,109,,0,0,0,-10,0,0,-20,0,,Immune,178,237,178,237,Immune,Immune,,1,1,1,1,1,,30,1,30,2.308,,1,1,1,1,1,1,1,1,1.5,0
Gaol Cave,Vulgar Militia (Shotel),43211040,,368,-,,109,109,109,109,109,109,109,109,,0,0,0,-10,0,0,-20,0,,Immune,178,237,178,237,Immune,Immune,,1,1,1,1,1,,30,1,30,2.308,,1,1,1,1,1,1,1,1,1.5,0
Gelmir Hero's Grave,Bloodhound Knight,42900132,,"1,423",-,,111,111,111,111,111,111,111,111,,10,10,10,0,0,0,-20,0,,332,332,332,332,241,Immune,Immune,,1,1,1,1,1,,65,1,65,5,,1,1,1,1,1,1,1,1,1.5,0
Gelmir Hero's Grave,Cemetery Shade,36640032,,991,-,,111,111,111,111,111,111,111,111,,10,10,10,35,0,0,0,-20,,Immune,Immune,Immune,Immune,Immune,Immune,Immune,,1,1,1,1,1,,70,1,70,5.385,,1,1,1,1,1,1,1,1,1.5,0
Gelmir Hero's Grave,Merciless Chariot,81200032,,0,-,,111,111,111,111,111,111,111,111,,100,100,100,100,100,100,100,100,,Immune,Immune,Immune,Immune,Immune,Immune,Immune,,1,1,1,1,1,,80,1,80,6.154,,0,0,0,0,0,0,0,0,1.5,1
Gelmir Hero's Grave,Merciless Chariot,81200033,,0,-,,111,111,111,111,111,111,111,111,,100,100,100,100,100,100,100,100,,Immune,Immune,Immune,Immune,Immune,Immune,Immune,,1,1,1,1,1,,80,1,80,6.154,,0,0,0,0,0,0,0,0,1.5,1
Gelmir Hero's Grave,Merciless Chariot,81200132,,0,-,,111,111,111,111,111,111,111,111,,100,100,100,100,100,100,100,100,,Immune,Immune,Immune,Immune,Immune,Immune,Immune,,1,1,1,1,1,,80,1,80,6.154,,0,0,0,0,0,0,0,0,1.5,1
Gelmir Hero's Grave,Noble's Page,37030032,,"1,147",-,,111,111,111,111,111,111,111,111,,0,10,0,0,0,0,0,0,,181,181,241,241,241,Immune,Immune,,1,1,1,1,1,,65,1,65,5,,1,1,1,1,1,1,1,1,1.5,0
Gelmir Hero's Grave,Red Wolf of the Champion [Boss],31811032,,"3,162",-,,111,111,111,111,111,111,111,111,,0,0,-10,0,40,20,20,20,,332,332,543,543,332,Immune,Immune,,0.7,0.7,0.7,1,1,,120,1,120,9.231,,1,1,1,1,1,1,1,1,1.5,0
Gelmir Hero's Grave,Skeleton (Scimitar),35100032,,913,-,,111,111,111,111,111,111,111,111,,0,-40,10,35,0,20,40,-40,,Immune,241,Immune,Immune,Immune,Immune,Immune,,1,1,1,1,1,,30,1,30,2.308,,1,1,1,1,1,1,1,1,1.5,0
Gelmir Hero's Grave,Skeleton (Scimitar),35100132,,913,-,,111,111,111,111,111,111,111,111,,0,-40,10,35,0,20,40,-40,,Immune,241,Immune,Immune,Immune,Immune,Immune,,1,1,1,1,1,,30,1,30,2.308,,1,1,1,1,1,1,1,1,1.5,0
Gelmir Hero's Grave,Skeleton (Scimitar),35101032,,913,-,,111,111,111,111,111,111,111,111,,0,-40,10,35,0,20,40,-40,,Immune,241,Immune,Immune,Immune,Immune,Immune,,1,1,1,1,1,,35,1,35,2.692,,1,1,1,1,1,1,1,1,1.5,0
Gelmir Hero's Grave,Skeleton (Scimitar),35102032,,913,-,,111,111,111,111,111,111,111,111,,0,-40,10,35,0,20,40,-40,,Immune,241,Immune,Immune,Immune,Immune,Immune,,1,1,1,1,1,,30,1,30,2.308,,1,1,1,1,1,1,1,1,1.5,0
Gelmir Hero's Grave,Wandering Noble,43001032,,276,-,,111,111,111,111,111,111,111,111,,-10,-10,-10,-10,-20,-20,-20,0,,135,135,181,181,181,Immune,Immune,,1,1,1,1,1,,30,1,30,2.308,,1,1,1,1,1,1,1,1,1.5,0
Gelmir Hero's Grave,Wandering Noble,43005032,,276,-,,111,111,111,111,111,111,111,111,,-10,-10,-10,-10,-20,-20,-20,0,,135,135,181,181,181,Immune,Immune,,1,1,1,1,1,,30,1,30,2.308,,1,1,1,1,1,1,1,1,1.5,0
Gelmir Hero's Grave,Wandering Noble,43006032,,276,-,,111,111,111,111,111,111,111,111,,-10,-10,-10,-10,-20,-20,-20,0,,135,135,181,181,181,Immune,Immune,,1,1,1,1,1,,30,1,30,2.308,,1,1,1,1,1,1,1,1,1.5,0
Giant-Conquering Hero's Grave,Ancient Hero of Zamor [Boss],71000950,,"6,868",-,,115,115,115,115,115,115,115,115,,10,10,10,0,0,-20,-20,0,,340,340,556,"1,197",247,Immune,Immune,,0.7,0.7,1,1,1,,80,1,80,6.154,,1,1,1,1,1,1,1,1,1.5,0
Giant-Conquering Hero's Grave,Burial Watchdog,42604150,,"5,095",-,,115,115,115,115,115,115,115,115,,35,10,35,35,40,40,40,40,,Immune,Immune,Immune,Immune,Immune,Immune,Immune,,1,1,1,1,1,,80,1,80,6.154,,1,1,1,1,1,1,1,1,1,0
Giant-Conquering Hero's Grave,Fire Monk,39000050,,"2,877",-,,115,115,115,115,115,115,115,115,,0,0,10,0,0,40,20,-20,,340,340,247,556,247,Immune,Immune,,1,1,1,1,1,,65,1,65,5,,1,1,1,1,1,1,1,1,1.5,0
Giant-Conquering Hero's Grave,Fire Monk,39001050,,"4,083",-,,120,120,120,120,120,120,120,120,,0,0,10,0,0,40,20,-20,,367,367,267,601,267,Immune,Immune,,1,1,1,1,1,,65,1,65,5,,1,1,1,1,1,1,1,1,1.5,0
Giant-Conquering Hero's Grave,Fire Prelate,39100150,,"5,638",-,,115,115,115,115,115,115,115,115,,0,10,10,0,20,40,20,-20,,340,340,247,556,556,Immune,Immune,,1,1,1,1,1,,80,1,80,6.154,,1,1,1,1,1,1,1,1,0.5,0
Giant-Conquering Hero's Grave,Imp (Cat),30800050,,833,-,,115,115,115,115,115,115,115,115,,10,0,35,35,20,40,40,40,,Immune,Immune,Immune,Immune,Immune,Immune,Immune,,1,1,1,1,1,,30,1,30,2.308,,1,1,1,1,1,1,1,1,1.5,0
Giant-Conquering Hero's Grave,Imp (Wolf),30806050,,833,-,,115,115,115,115,115,115,115,115,,10,0,35,35,20,40,40,40,,Immune,Immune,Immune,Immune,Immune,Immune,Immune,,1,1,1,1,1,,35,1,35,2.692,,1,1,1,1,1,1,1,1,1.5,0
Giant-Conquering Hero's Grave,Troll Knight,46000150,,"9,208",-,,115,115,115,115,115,115,115,115,,0,0,-10,0,0,0,0,0,,247,247,247,340,44,Immune,Immune,,1,1,1,1,1,,65,1,65,5,,1,1,1,1,1,1,1,1,2,1
Giants' Mountaintop Catacombs,Burial Watchdog,42604650,,"5,095",-,,115,115,115,115,115,115,115,115,,35,10,35,35,40,40,40,40,,Immune,Immune,Immune,Immune,Immune,Immune,Immune,,1,1,1,1,1,,80,1,80,6.154,,1,1,1,1,1,1,1,1,1,0
Giants' Mountaintop Catacombs,Burial Watchdog,42605150,,"5,095",-,,115,115,115,115,115,115,115,115,,35,10,35,35,40,40,40,40,,Immune,Immune,Immune,Immune,Immune,Immune,Immune,,1,1,1,1,1,,80,1,80,6.154,,1,1,1,1,1,1,1,1,1,0
Giants' Mountaintop Catacombs,Fungal Pod,44400050,,"1,772",-,,115,115,115,115,115,115,115,115,,-10,0,-10,0,-20,-20,-20,-20,,185,185,247,185,Immune,Immune,Immune,,1,1,1,1,1,,30,1,30,2.308,,1,1,1,1,1,1,1,1,1.5,1
Giants' Mountaintop Catacombs,Giant Fungal Pod (Poison),44410050,,"6,922",-,,115,115,115,115,115,115,115,115,,-10,0,-10,0,-20,-20,-20,-20,,556,556,247,185,Immune,Immune,Immune,,1,1,1,1,1,,65,1,65,5,,1,1,1,1,1,1,1,1,1.5,1
Giants' Mountaintop Catacombs,Imp (Fanged),30801150,,833,-,,115,115,115,115,115,115,115,115,,10,0,35,35,20,40,40,40,,Immune,Immune,Immune,Immune,Immune,Immune,Immune,,1,1,1,1,1,,30,1,30,2.308,,1,1,1,1,1,1,1,1,1.5,0
Giants' Mountaintop Catacombs,Living Jar,44910050,,726,-,,115,115,115,115,115,115,115,115,,10,-40,35,35,0,20,20,20,,Immune,Immune,Immune,Immune,185,Immune,Immune,,1,1,1,1,1,,30,1,30,2.308,,1,1,1,1,1,1,1,1,1.5,1
Giants' Mountaintop Catacombs,Living Jar,44910250,,726,-,,115,115,115,115,115,115,115,115,,10,-40,35,35,0,20,20,20,,Immune,Immune,Immune,Immune,185,Immune,Immune,,1,1,1,1,1,,30,1,30,2.308,,1,1,1,1,1,1,1,1,1.5,1
Giants' Mountaintop Catacombs,Living Jar,44910350,,726,-,,115,115,115,115,115,115,115,115,,10,-40,35,35,0,20,20,20,,Immune,Immune,Immune,Immune,185,Immune,Immune,,1,1,1,1,1,,30,1,30,2.308,,1,1,1,1,1,1,1,1,1.5,1
Giants' Mountaintop Catacombs,Living Jar (Large),44907050,,"2,174",-,,115,115,115,115,115,115,115,115,,10,-40,35,35,0,20,20,20,,Immune,Immune,Immune,Immune,247,Immune,Immune,,1,1,1,1,1,,65,1,65,5,,1,1,1,1,1,1,1,1,1.5,1
Giants' Mountaintop Catacombs,Living Jar (Large),44907150,,"2,174",-,,115,115,115,115,115,115,115,115,,10,-40,35,35,0,20,20,20,,Immune,Immune,Immune,Immune,247,Immune,Immune,,1,1,1,1,1,,65,1,65,5,,1,1,1,1,1,1,1,1,1.5,1
Giants' Mountaintop Catacombs,Living Jar (Large),44907250,,"2,174",-,,115,115,115,115,115,115,115,115,,10,-40,35,35,0,20,20,20,,Immune,Immune,Immune,Immune,247,Immune,Immune,,1,1,1,1,1,,65,1,65,5,,1,1,1,1,1,1,1,1,1.5,1
Giants' Mountaintop Catacombs,Living Jar (Large),44907350,,"2,174",-,,115,115,115,115,115,115,115,115,,10,-40,35,35,0,20,20,20,,Immune,Immune,Immune,Immune,247,Immune,Immune,,1,1,1,1,1,,65,1,65,5,,1,1,1,1,1,1,1,1,1.5,1
Giants' Mountaintop Catacombs,Living Jar (Large),44907450,,"2,174",-,,115,115,115,115,115,115,115,115,,10,-40,35,35,0,20,20,20,,Immune,Immune,Immune,Immune,247,Immune,Immune,,1,1,1,1,1,,65,1,65,5,,1,1,1,1,1,1,1,1,1.5,1
Giants' Mountaintop Catacombs,Ulcerated Tree Spirit [Boss],46400950,,"13,141",-,,115,115,115,115,115,115,115,115,,0,0,0,0,20,-20,20,40,,556,556,556,247,Immune,Immune,Immune,,0.7,0.7,1,1,1,,120,1,120,9.231,,1.5,1,1,1,1,1,1,1,1.5,1
Greyoll's Dragonbarrow - Bestial Sanctum,Black Blade Kindred (Twinblade) [Boss],47701242,,"12,297",-,,121,121,121,121,121,121,121,121,,10,0,35,35,20,40,40,80,,Immune,Immune,Immune,Immune,Immune,Immune,Immune,,1,1,1,1,1,,110,1,110,8.462,,1.5,1,1,1,1,1,1,1,1.5,1
Greyoll's Dragonbarrow - Bestial Sanctum,Giant Bat,42000242,,842,-,,120,120,120,120,120,120,120,120,,-10,-10,-40,-10,-20,-20,-20,-20,,191,191,191,191,45,Immune,Immune,,1,1,1,1,1,,30,1,30,2.308,,1,1,1,1,1,1,1,1,1.5,0
Greyoll's Dragonbarrow - Bestial Sanctum,"Gurranq, Beast Clergyman",21109042,,"10,620",-,,120,120,120,120,120,120,120,120,,35,35,35,35,40,40,40,80,,351,351,574,574,"2,277",Immune,Immune,,1,1,1,1,1,,80,1,80,6.154,,1,1,1,1,1,1,1,1,1.5,0
Greyoll's Dragonbarrow - Divine Tower of Caelid Entrance,Radahn Foot Soldier,43740542,,983,-,,120,120,120,120,120,120,120,120,,0,0,0,-10,0,20,-20,0,,143,143,191,191,191,Immune,Immune,,1,1,1,1,1,,30,1,30,2.308,,1,1,1,1,1,1,1,1,1.5,0
Greyoll's Dragonbarrow - Divine Tower of Caelid Entrance,Radahn Foot Soldier,43742042,,983,-,,120,120,120,120,120,120,120,120,,0,0,0,-10,0,20,-20,0,,143,143,191,191,191,Immune,Immune,,1,1,1,1,1,,30,1,30,2.308,,1,1,1,1,1,1,1,1,1.5,0
Greyoll's Dragonbarrow - Divine Tower of Caelid Entrance,Radahn Foot Soldier,43747042,,983,-,,120,120,120,120,120,120,120,120,,0,0,0,-10,0,20,-20,0,,143,143,191,191,191,Immune,Immune,,1,1,1,1,1,,30,1,30,2.308,,1,1,1,1,1,1,1,1,1.5,0
Greyoll's Dragonbarrow - Divine Tower of Caelid Entrance,Stone Teardrop Scarab,41915042,,"1,029",-,,120,120,120,120,120,120,120,120,,10,10,35,35,40,40,40,40,,Immune,Immune,Immune,Immune,Immune,Immune,Immune,,1,1,1,1,1,,30,1,30,2.308,,1,1,1,1,1,1,1,1,1.5,0
Greyoll's Dragonbarrow - Dragonbarrow Fork,Crimson Huge Teardrop Scarab,41920042,,"1,812",-,,120,120,120,120,120,120,120,120,,10,10,35,35,40,40,40,40,,Immune,Immune,Immune,Immune,Immune,Immune,Immune,,1,1,1,1,1,,80,1,80,6.154,,1,1,1,1,1,1,1,1,1.5,0
Greyoll's Dragonbarrow - Dragonbarrow Fork,Elder Dragon Greyoll,45040042,,"87,664",-,,121,121,121,121,121,121,121,121,,35,35,35,10,40,40,40,40,,627,627,627,627,Immune,Immune,Immune,,1,1,1,1,1,,-1,1,∞,0,,1,1,1,1,1,1,1,1,1.5,1
Greyoll's Dragonbarrow - Dragonbarrow Fork,Erdtree Guardian,36502042,,983,-,,120,120,120,120,120,120,120,120,,0,10,-10,0,0,-20,40,40,,574,351,255,191,191,Immune,Immune,,1,1,1,1,1,,55,1,55,4.231,,1,1,1,1,1,1,1,1,1.5,0
Greyoll's Dragonbarrow - Fort Faroth,Bat Harpy,42017442,,"3,290",-,,120,120,120,120,120,120,120,120,,-10,-10,-40,-10,0,0,0,0,,255,255,255,255,191,Immune,Immune,,1,1,1,1,1,,30,1,30,2.308,,1,1,1,1,1,1,1,1,1.5,0
Greyoll's Dragonbarrow - Fort Faroth,Bat Harpy,42017542,,"3,290",-,,120,120,120,120,120,120,120,120,,-10,-10,-40,-10,0,0,0,0,,255,255,255,255,191,Immune,Immune,,1,1,1,1,1,,30,1,30,2.308,,1,1,1,1,1,1,1,1,1.5,0
Greyoll's Dragonbarrow - Fort Faroth,Bat Harpy,42017642,,"3,290",-,,120,120,120,120,120,120,120,120,,-10,-10,-40,-10,0,0,0,0,,255,255,255,255,191,Immune,Immune,,1,1,1,1,1,,30,1,30,2.308,,1,1,1,1,1,1,1,1,1.5,0
Greyoll's Dragonbarrow - Fort Faroth,Bat Harpy,42018042,,"5,410",-,,120,120,120,120,120,120,120,120,,-10,-10,-40,-10,0,0,0,0,,255,255,255,255,191,Immune,Immune,,1,1,1,1,1,,30,1,30,2.308,,1,1,1,1,1,1,1,1,1.5,0
Greyoll's Dragonbarrow - Fort Faroth,Giant Bat,42000042,,842,-,,120,120,120,120,120,120,120,120,,-10,-10,-40,-10,-20,-20,-20,-20,,191,191,191,191,45,Immune,Immune,,1,1,1,1,1,,30,1,30,2.308,,1,1,1,1,1,1,1,1,1.5,0
Greyoll's Dragonbarrow - Fort Faroth,Giant Bat,42000142,,842,-,,120,120,120,120,120,120,120,120,,-10,-10,-40,-10,-20,-20,-20,-20,,191,191,191,191,45,Immune,Immune,,1,1,1,1,1,,30,1,30,2.308,,1,1,1,1,1,1,1,1,1.5,0
Greyoll's Dragonbarrow - Fort Faroth,Giant Rat,40900042,,"3,718",-,,120,120,120,120,120,120,120,120,,-10,-10,-40,-10,-20,-40,-20,-20,,351,351,191,255,191,Immune,Immune,,1,1,1,1,1,,65,1,65,5,,1,1,1,1,1,1,1,1,1.5,0
Greyoll's Dragonbarrow - Fort Faroth,Radahn Soldier,43140042,,"1,284",-,,120,120,120,120,120,120,120,120,,0,0,10,-10,0,20,-20,0,,Immune,Immune,Immune,Immune,255,Immune,Immune,,1,1,1,1,1,,30,1,30,2.308,,1,1,1,1,1,1,1,1,1.5,0
Greyoll's Dragonbarrow - Fort Faroth,Radahn Soldier,43140342,,"1,284",-,,120,120,120,120,120,120,120,120,,0,0,10,-10,0,20,-20,0,,Immune,Immune,Immune,Immune,255,Immune,Immune,,1,1,1,1,1,,30,1,30,2.308,,1,1,1,1,1,1,1,1,1.5,0
Greyoll's Dragonbarrow - Fort Faroth,Radahn Soldier,43141042,,"1,284",-,,120,120,120,120,120,120,120,120,,0,0,10,-10,0,20,-20,0,,Immune,Immune,Immune,Immune,255,Immune,Immune,,1,1,1,1,1,,30,1,30,2.308,,1,1,1,1,1,1,1,1,1.5,0
Greyoll's Dragonbarrow - Fort Faroth,Radahn Soldier,43141342,,"1,284",-,,120,120,120,120,120,120,120,120,,0,0,10,-10,0,20,-20,0,,Immune,Immune,Immune,Immune,255,Immune,Immune,,1,1,1,1,1,,30,1,30,2.308,,1,1,1,1,1,1,1,1,1.5,0
Greyoll's Dragonbarrow - Fort Faroth,Radahn Soldier,43142042,,"1,284",-,,120,120,120,120,120,120,120,120,,0,0,10,-10,0,20,-20,0,,Immune,Immune,Immune,Immune,255,Immune,Immune,,1,1,1,1,1,,30,1,30,2.308,,1,1,1,1,1,1,1,1,1.5,0
Greyoll's Dragonbarrow - Fort Faroth,Radahn Soldier,43143042,,"1,284",-,,120,120,120,120,120,120,120,120,,0,0,10,-10,0,20,-20,0,,Immune,Immune,Immune,Immune,255,Immune,Immune,,1,1,1,1,1,,30,1,30,2.308,,1,1,1,1,1,1,1,1,1.5,0
Greyoll's Dragonbarrow - Fort Faroth,Rat,40800042,,"1,083",-,,120,120,120,120,120,120,120,120,,-10,-10,-40,-10,-20,-40,-20,-20,,351,351,191,255,191,Immune,Immune,,1,1,1,1,1,,30,1,30,2.308,,1,1,1,1,1,1,1,1,1.5,0
Greyoll's Dragonbarrow - Isolated Merchant's Shack,Ash Teardrop Scarab,41912042,,"1,029",-,,120,120,120,120,120,120,120,120,,10,10,35,35,40,40,40,40,,Immune,Immune,Immune,Immune,Immune,Immune,Immune,,1,1,1,1,1,,30,1,30,2.308,,1,1,1,1,1,1,1,1,1.5,0
Greyoll's Dragonbarrow - Isolated Merchant's Shack,Bell Bearing Hunter [Boss],31000042,,"10,619",-,,121,121,121,121,121,121,121,121,,35,35,35,10,40,40,20,40,,383,383,627,627,383,Immune,Immune,,0.7,0.7,1,1,1,,80,1,80,6.154,,1,1,1,1,1,1,1,1,1.5,0
Greyoll's Dragonbarrow - Isolated Merchant's Shack,Goat,60601042,,55,-,,100,100,100,100,100,100,100,100,,-40,-40,-40,-40,-40,-100,-40,-40,,63,63,63,63,63,Immune,Immune,,1,1,1,1,1,,-1,1,∞,0,,1,1,1,1,1,1,1,1,1.5,0
Greyoll's Dragonbarrow - Isolated Merchant's Shack,Goat,60602042,,82,-,,100,100,100,100,100,100,100,100,,-40,-40,-40,-40,-40,-100,-40,-40,,63,63,63,63,63,Immune,Immune,,1,1,1,1,1,,-1,1,∞,0,,1,1,1,1,1,1,1,1,1.5,0
Greyoll's Dragonbarrow - Isolated Merchant's Shack,Isolated Merchant,32002542,,"8,574",-,,120,120,120,120,120,120,120,120,,-10,0,-10,-10,0,0,0,0,,255,255,255,351,Immune,Immune,Immune,,1,1,1,1,1,,30,1,30,2.308,,1,1,1,1,1,1,1,1,1.5,0
Greyoll's Dragonbarrow - Isolated Merchant's Shack,Nomad Mule,32102542,,"4,995",-,,120,120,120,120,120,120,120,120,,-10,0,-10,-10,0,-20,0,0,,255,255,351,351,Immune,Immune,Immune,,1,1,1,1,1,,30,1,30,2.308,,1,1,1,1,1,1,1,1,1.5,0
Greyoll's Dragonbarrow - Isolated Merchant's Shack,Valiant Gargoyle (Greatsword),47700000,,"1,745",-,,100,100,100,100,100,100,100,100,,10,0,35,35,20,40,40,40,,Immune,Immune,Immune,Immune,Immune,Immune,Immune,,1,1,1,1,1,,110,1,110,8.462,,1.5,1,1,1,1,1,1,1,1.5,1
"Greyoll's Dragonbarrow - Minor Erdtree, Dragonbarrow Cave Entrance",Bear,60310042,,681,-,,100,100,100,100,100,100,100,100,,-40,-40,-40,-40,-40,-100,-40,-40,,63,63,63,63,63,Immune,Immune,,1,1,1,1,1,,-1,1,∞,0,,1,1,1,1,1,1,1,1,1.5,0
"Greyoll's Dragonbarrow - Minor Erdtree, Dragonbarrow Cave Entrance",Golem,46604142,,"35,018",-,,120,120,120,120,120,120,120,120,,10,0,10,10,40,40,40,40,,Immune,Immune,Immune,Immune,Immune,Immune,Immune,,1,1,1,1,1,,120,0.64,187.5,9.231,,1,1,1,1,1,1,1,1,2.5,1
"Greyoll's Dragonbarrow - Minor Erdtree, Dragonbarrow Cave Entrance",Putrid Avatar [Boss],48110042,,"12,297",-,,121,121,121,121,121,121,121,121,,10,0,10,10,20,-100,20,40,,Immune,Immune,Immune,383,Immune,Immune,Immune,,1,0.7,1,1,1,,120,1,120,9.231,,1,1,1,1,1,1,1,1,1.5,1
Greyoll's Dragonbarrow - Northwest Farum Greatbridge,Vulgar Militia (Saw),43210142,,"1,023",-,,120,120,120,120,120,120,120,120,,0,0,0,-10,0,0,-20,0,,Immune,191,255,191,255,Immune,Immune,,1,1,1,1,1,,35,1,35,2.692,,1,1,1,1,1,1,1,1,1.5,0
Greyoll's Dragonbarrow - Northwest Farum Greatbridge,Vulgar Militia (Shotel),43211142,,"1,023",-,,120,120,120,120,120,120,120,120,,0,0,0,-10,0,0,-20,0,,Immune,191,255,191,255,Immune,Immune,,1,1,1,1,1,,35,1,35,2.692,,1,1,1,1,1,1,1,1,1.5,0
Greyoll's Dragonbarrow - Northwest Farum Greatbridge,Vulgar Militia (Chain),43212142,,"1,023",-,,120,120,120,120,120,120,120,120,,0,0,0,-10,0,0,-20,20,,Immune,191,255,191,255,Immune,Immune,,1,1,1,1,1,,35,1,35,2.692,,1,1,1,1,1,1,1,1,1.5,0
"Greyoll's Dragonbarrow - South of Divine Tower of Caelid, Deep Siofra Well",Ghost,500000042,,"1,939",-,,100,100,100,100,100,100,100,100,,0,0,0,0,0,0,0,0,,Immune,Immune,Immune,Immune,Immune,Immune,Immune,,1,1,1,1,1,,-1,1,∞,0,,1,1,1,1,1,1,1,1,1.5,0
"Greyoll's Dragonbarrow - South of Divine Tower of Caelid, Deep Siofra Well",Putrid Corpse,36610000,,376,-,,100,100,100,100,100,100,100,100,,-40,-40,-40,-40,-40,-40,-40,-40,,63,63,63,63,63,Immune,Immune,,1,1,1,1,1,,50,1,50,3.846,,1,1,1,1,1,1,1,1,1.5,0
"Greyoll's Dragonbarrow - South of Divine Tower of Caelid, Deep Siofra Well",Valiant Gargoyle (Twinblade),47701000,,"1,745",-,,100,100,100,100,100,100,100,100,,10,0,35,35,20,40,40,40,,Immune,Immune,Immune,Immune,Immune,Immune,Immune,,1,1,1,1,1,,110,1,110,8.462,,1.5,1,1,1,1,1,1,1,1.5,1
"Greyoll's Dragonbarrow - South of Divine Tower of Caelid, Deep Siofra Well",White Veil Perfumer,37010000,,184,-,,100,100,100,100,100,100,100,100,,0,10,0,0,40,40,40,0,,252,252,84,84,84,Immune,Immune,,1,1,1,1,1,,65,1,65,5,,1,1,1,1,1,1,1,1,1.5,0
"Greyoll's Dragonbarrow - Southeast Farum Greatbridge, Lenne's Rise",Dragonfly,60810042,,17,-,,100,100,100,100,100,100,100,100,,-40,-40,-10,-40,-40,-100,-40,-40,,84,84,63,20,63,Immune,Immune,,1,1,1,1,1,,-1,1,∞,0,,1,1,1,1,1,1,1,1,1.5,0
"Greyoll's Dragonbarrow - Southeast Farum Greatbridge, Lenne's Rise",Flying Dragon Greyll [Boss],45000042,,"11,550",-,,121,121,121,121,121,121,121,121,,35,35,35,10,40,40,40,40,,627,627,627,627,Immune,Immune,Immune,,0.7,0.7,1,1,1,,120,1,120,9.231,,1,1,1,1,1,1,1,1,1.5,1
"Greyoll's Dragonbarrow - Southeast Farum Greatbridge, Lenne's Rise",Night's Cavalry (Glaive) [Boss],31500042,,"7,089",-,,121,121,121,121,121,121,121,121,,35,35,35,10,40,40,20,40,,383,383,627,627,Immune,Immune,Immune,,0.7,0.7,1,1,1,,80,1,80,6.154,,1,1,1,1,1,1,1,1,1.5,0
"Greyoll's Dragonbarrow - Southeast Farum Greatbridge, Lenne's Rise",Night's Cavalry Horse,31600042,,"7,674",-,,121,121,121,121,121,121,121,121,,10,10,0,10,20,20,20,20,,383,383,383,383,Immune,Immune,Immune,,0.7,0.7,1,1,1,,80,1,80,6.154,,1,1,1,1,1,1,1,1,1.5,0
"Greyoll's Dragonbarrow - Southeast Farum Greatbridge, Lenne's Rise",Orb of Many Faces,37300042,,"3,965",-,,120,120,120,120,120,120,120,120,,10,10,35,80,80,40,40,20,,Immune,Immune,Immune,Immune,Immune,Immune,Immune,,1,1,1,1,1,,80,1,80,6.154,,1,1,1,1,1,1,1,1,1.5,0
Greyoll's Dragonbarrow - Southwest Farum Greatbridge,Gull,60700042,,27,-,,100,100,100,100,100,100,100,100,,-40,-40,-40,-40,-40,-100,-40,-40,,63,63,63,63,63,Immune,Immune,,1,1,1,1,1,,-1,1,∞,0,,1,1,1,1,1,1,1,1,1.5,0
Greyoll's Dragonbarrow - Southwest Farum Greatbridge,Incantation Teardrop Scarab,41914042,,"1,029",-,,120,120,120,120,120,120,120,120,,10,10,35,35,40,40,40,40,,Immune,Immune,Immune,Immune,Immune,Immune,Immune,,1,1,1,1,1,,30,1,30,2.308,,1,1,1,1,1,1,1,1,1.5,0
Greyoll's Dragonbarrow - Southwest Farum Greatbridge,Silver Tear Boulder,33300042,,"3,691",-,,120,120,120,120,120,120,120,120,,35,10,35,35,20,40,0,20,,Immune,Immune,Immune,574,Immune,Immune,Immune,,1,1,1,1,1,,80,1,80,6.154,,1,1,1,1,1,1,1,1,1.5,0
Groveside Cave,Beastman of Farum Azula [Boss],39701910,,"1,417",-,,101,101,101,101,101,101,101,101,,0,0,-10,0,0,-20,20,0,,226,226,310,310,169,Immune,Immune,,0.7,0.7,0.7,1,1,,65,1,65,5,,1,1,1,1,1,1,1,1,1.5,0
Groveside Cave,Grey Wolf,40700010,,88,-,,101,101,101,101,101,101,101,101,,-10,-10,-40,-10,-20,-40,-20,-20,,169,169,169,310,169,Immune,Immune,,1,1,1,1,1,,30,1,30,2.308,,1,1,1,1,1,1,1,1,1.5,0
Groveside Cave,White Wolf,40710010,,466,-,,101,101,101,101,101,101,101,101,,-10,-10,-40,-10,-20,-40,-20,-20,,169,169,169,310,169,Immune,Immune,,1,1,1,1,1,,50,1,50,3.846,,1,1,1,1,1,1,1,1,1.5,0
Hidden Path to the Haligtree,Giant Land Octopus,42200052,,"15,998",-,,120,120,120,120,120,120,120,120,,80,80,80,80,40,40,20,40,,267,267,267,150,200,Immune,Immune,,1,1,1,1,1,,65,0.4,162.5,5,,2,1,1,1,1,1,1,1,5,1
Hidden Path to the Haligtree,Silver Tear,33201052,,763,-,,120,120,120,120,120,120,120,120,,35,35,35,35,20,40,0,20,,Immune,Immune,Immune,601,Immune,Immune,Immune,,1,1,1,1,1,,65,1,65,5,,1,1,1,1,1,1,1,1,1.5,0
Hidden Path to the Haligtree,Small Land Octopus,42300052,,790,-,,120,120,120,120,120,120,120,120,,0,10,0,0,-20,-20,-40,-20,,200,200,200,47,150,Immune,Immune,,1,1,1,1,1,,30,1,30,2.308,,1,1,1,1,1,1,1,1,1.5,0
Hidden Path to the Haligtree,Vulgar Militia (Saw),43210152,,"1,051",-,,120,120,120,120,120,120,120,120,,0,0,0,-10,0,0,-20,0,,Immune,200,267,200,267,Immune,Immune,,1,1,1,1,1,,35,1,35,2.692,,1,1,1,1,1,1,1,1,1.5,0
Hidden Path to the Haligtree,Vulgar Militia (Shotel),43211152,,"1,051",-,,120,120,120,120,120,120,120,120,,0,0,0,-10,0,0,-20,0,,Immune,200,267,200,267,Immune,Immune,,1,1,1,1,1,,35,1,35,2.692,,1,1,1,1,1,1,1,1,1.5,0
Hidden Path to the Haligtree,Vulgar Militia (Chain),43212152,,"1,051",-,,120,120,120,120,120,120,120,120,,0,0,0,-10,0,0,-20,20,,Immune,200,267,200,267,Immune,Immune,,1,1,1,1,1,,35,1,35,2.692,,1,1,1,1,1,1,1,1,1.5,0
Highroad Cave,Giant Bat,42000010,,143,-,,101,101,101,101,101,101,101,101,,-10,-10,-40,-10,-20,-20,-20,-20,,169,169,169,169,40,Immune,Immune,,1,1,1,1,1,,30,1,30,2.308,,1,1,1,1,1,1,1,1,1.5,0
Highroad Cave,Giant Bat,42000110,,143,-,,101,101,101,101,101,101,101,101,,-10,-10,-40,-10,-20,-20,-20,-20,,169,169,169,169,40,Immune,Immune,,1,1,1,1,1,,30,1,30,2.308,,1,1,1,1,1,1,1,1,1.5,0
Highroad Cave,Giant Bat,42000210,,143,-,,101,101,101,101,101,101,101,101,,-10,-10,-40,-10,-20,-20,-20,-20,,169,169,169,169,40,Immune,Immune,,1,1,1,1,1,,30,1,30,2.308,,1,1,1,1,1,1,1,1,1.5,0
Highroad Cave,Giant Land Octopus,42200010,,"2,655",-,,101,101,101,101,101,101,101,101,,80,80,80,80,40,40,20,40,,226,226,226,127,169,Immune,Immune,,1,1,1,1,1,,65,0.4,162.5,5,,2,1,1,1,1,1,1,1,5,1
Highroad Cave,Guardian Golem [Boss],46600910,,"5,974",-,,101,101,101,101,101,101,101,101,,10,0,10,10,20,40,40,40,,Immune,Immune,Immune,Immune,Immune,Immune,Immune,,1,1,1,1,1,,120,0.4096,292.969,9.231,,1,1,1,1,1,1,1,1,2.5,1
Highroad Cave,Small Land Octopus,42300010,,131,-,,101,101,101,101,101,101,101,101,,0,10,0,0,-20,-20,-40,-20,,169,169,169,40,127,Immune,Immune,,1,1,1,1,1,,30,1,30,2.308,,1,1,1,1,1,1,1,1,1.5,0
Impaler's Catacombs,Burial Watchdog (Sword) [Boss],42600512,,"1,347",-,,102,102,102,102,102,102,102,102,,35,10,35,35,40,40,40,40,,Immune,Immune,Immune,Immune,Immune,Immune,Immune,,1,1,1,1,1,,80,1,80,6.154,,1,1,1,1,1,1,1,1,1,0
Impaler's Catacombs,Imp (Cat),30800012,,220,-,,102,102,102,102,102,102,102,102,,10,0,35,35,20,40,40,40,,Immune,Immune,Immune,Immune,Immune,Immune,Immune,,1,1,1,1,1,,30,1,30,2.308,,1,1,1,1,1,1,1,1,1.5,0
Impaler's Catacombs,Imp (Cat),30800912,,220,-,,102,102,102,102,102,102,102,102,,10,0,35,35,20,40,40,40,,Immune,Immune,Immune,Immune,Immune,Immune,Immune,,1,1,1,1,1,,30,1,30,2.308,,1,1,1,1,1,1,1,1,1.5,0
Impaler's Catacombs,Putrid Corpse,36610812,,481,-,,102,102,102,102,102,102,102,102,,-40,-40,-40,-40,-40,-40,-40,-40,,128,128,128,128,128,Immune,Immune,,1,1,1,1,1,,50,1,50,3.846,,1,1,1,1,1,1,1,1,1.5,0
Lakeside Crystal Cave,Bloodhound Knight [Boss],42900920,,"1,985",-,,107,107,107,107,107,107,107,107,,10,10,10,0,0,0,-20,0,,324,324,324,324,235,Immune,Immune,,0.7,0.7,1,1,1,,65,1,65,5,,1,1,1,1,1,1,1,1,1.5,0
Lakeside Crystal Cave,Crystal Snail,41404020,,285,-,,107,107,107,107,107,107,107,107,,-10,-40,0,0,40,0,0,0,,530,530,Immune,Immune,235,Immune,Immune,,1,1,1,1,1,,30,1,30,2.308,,1,1,1,1,1,1,1,1,1.5,0
Lakeside Crystal Cave,Demi-Human,41000020,,269,-,,107,107,107,107,107,107,107,107,,-10,-10,-40,-10,-20,-20,-20,-20,,176,176,176,235,176,Immune,Immune,,1,1,1,1,1,,30,1,30,2.308,,1,1,1,1,1,1,1,1,1.5,0
Lakeside Crystal Cave,Demi-Human,41001020,,269,-,,107,107,107,107,107,107,107,107,,-10,-10,-40,-10,-20,-20,-20,-20,,176,176,176,235,176,Immune,Immune,,1,1,1,1,1,,30,1,30,2.308,,1,1,1,1,1,1,1,1,1.5,0
Lakeside Crystal Cave,Demi-Human,41002020,,269,-,,107,107,107,107,107,107,107,107,,-10,-10,-40,-10,-20,-20,-20,-20,,176,176,176,235,176,Immune,Immune,,1,1,1,1,1,,30,1,30,2.308,,1,1,1,1,1,1,1,1,1.5,0
Lakeside Crystal Cave,Demi-Human Beastman,41200020,,"1,210",-,,107,107,107,107,107,107,107,107,,-10,-10,-40,-10,-20,-20,-20,-20,,176,176,235,235,176,Immune,Immune,,1,1,1,1,1,,65,1,65,5,,1,1,1,1,1,1,1,1,1.5,0
Lakeside Crystal Cave,Demi-Human Shaman,41100020,,192,-,,107,107,107,107,107,107,107,107,,-10,-10,-40,-10,-20,-20,-20,-20,,176,176,176,176,176,Immune,Immune,,1,1,1,1,1,,30,1,30,2.308,,1,1,1,1,1,1,1,1,1.5,0
Lakeside Crystal Cave,Large Demi-Human,41010020,,527,-,,107,107,107,107,107,107,107,107,,-10,-10,-40,-10,-20,-20,-20,-20,,176,176,176,235,176,Immune,Immune,,1,1,1,1,1,,30,1,30,2.308,,1,1,1,1,1,1,1,1,1.5,0
Leyndell - Divine Tower of East Altus Entrance; Mountaintops of the Giants - Forbidden Lands Start,Vulgar Militia (Saw),43210150,,741,-,,115,115,115,115,115,115,115,115,,0,0,0,-10,0,0,-20,0,,Immune,185,247,185,247,Immune,Immune,,1,1,1,1,1,,35,1,35,2.692,,1,1,1,1,1,1,1,1,1.5,0
Leyndell - Divine Tower of East Altus Entrance; Mountaintops of the Giants - Forbidden Lands Start,Vulgar Militia (Shotel),43211150,,741,-,,115,115,115,115,115,115,115,115,,0,0,0,-10,0,0,-20,0,,Immune,185,247,185,247,Immune,Immune,,1,1,1,1,1,,35,1,35,2.692,,1,1,1,1,1,1,1,1,1.5,0
Leyndell - Divine Tower of East Altus Entrance; Mountaintops of the Giants - Forbidden Lands Start,Vulgar Militia (Chain),43212150,,741,-,,115,115,115,115,115,115,115,115,,0,0,0,-10,0,0,-20,20,,Immune,185,247,185,247,Immune,Immune,,1,1,1,1,1,,35,1,35,2.692,,1,1,1,1,1,1,1,1,1.5,0
"Leyndell, Ashen Capital",Commoner (Ghost),36609170,,702,-,,120,120,120,120,120,120,120,120,,-10,-10,-10,-10,-20,-20,-20,0,,Immune,Immune,Immune,Immune,Immune,Immune,Immune,,1,1,1,1,1,,30,1,30,2.308,,1,1,1,1,1,1,1,1,1.5,0
"Leyndell, Ashen Capital",Commoner (Sword),36600070,,702,-,,120,120,120,120,120,120,120,120,,-10,-10,-10,-10,-20,-20,-20,0,,143,143,191,191,191,Immune,Immune,,1,1,1,1,1,,30,1,30,2.308,,1,1,1,1,1,1,1,1,1.5,0
"Leyndell, Ashen Capital",Demi-Human Shaman,41109170,,"4,006",-,,120,120,120,120,120,120,120,120,,-10,-10,-40,-10,-20,-20,-20,-20,,191,191,191,191,191,Immune,Immune,,1,1,1,1,1,,30,1,30,2.308,,1,1,1,1,1,1,1,1,1.5,0
"Leyndell, Ashen Capital",Giant Miranda Sprout,44800370,,"12,968",-,,120,120,120,120,120,120,120,120,,0,35,-40,0,0,-40,40,40,,"1,235",574,574,143,255,Immune,Immune,,1,1,1,1,1,,100,1,100,7.692,,1,1,1,1,1,1,1,1,1.5,1
"Leyndell, Ashen Capital","Godfrey, First Elden Lord [Boss]",47200070,,"11,831",-,,120,120,120,120,120,120,120,120,,10,10,10,0,20,20,0,40,,367,367,601,601,601,Immune,Immune,,0.7,0.7,1,1,1,,120,1,120,9.231,,1,1,1,1,1,1,1,1,1.5,0
"Leyndell, Ashen Capital",Golem,46600070,,"35,018",-,,120,120,120,120,120,120,120,120,,10,0,10,10,20,40,40,40,,Immune,Immune,Immune,Immune,Immune,Immune,Immune,,1,1,1,1,1,,120,0.4096,292.969,9.231,,1,1,1,1,1,1,1,1,2.5,1
"Leyndell, Ashen Capital",Hoarah Loux [Boss],47210070,,"21,903",-,,120,120,120,120,120,120,120,120,,0,0,-10,0,0,0,0,40,,367,367,601,601,"1,292",Immune,Immune,,0.7,0.7,1,1,1,,120,1,120,9.231,,1,1,1,1,1,1,1,1,1.5,0
"Leyndell, Ashen Capital",Miranda Sprout,44810370,,795,-,,120,120,120,120,120,120,120,120,,-10,10,-40,-10,-20,-40,20,20,,"1,235",574,574,143,255,Immune,Immune,,1,1,1,1,1,,30,1,30,2.308,,1,1,1,1,1,1,1,1,1.5,1
"Leyndell, Ashen Capital",Sunflower Commoner,36660070,,"6,968",-,,120,120,120,120,120,120,120,120,,-10,-10,-10,-10,-20,-20,-20,0,,Immune,Immune,Immune,Immune,Immune,Immune,Immune,,1,1,1,1,1,,30,1,30,2.308,,1,1,1,1,1,1,1,1,1.5,0
"Leyndell, Ashen Capital",Ulcerated Tree Spirit,46400070,,"18,144",-,,120,120,120,120,120,120,120,120,,0,0,0,0,20,-20,20,40,,574,574,574,255,Immune,Immune,Immune,,1,1,1,1,1,,120,1,120,9.231,,1.5,1,1,1,1,1,1,1,1.5,1
"Leyndell, Ashen Capital",Valiant Gargoyle (Greatsword),47700070,,"11,670",-,,120,120,120,120,120,120,120,120,,10,0,35,35,20,40,40,40,,Immune,Immune,Immune,Immune,Immune,Immune,Immune,,1,1,1,1,1,,110,1,110,8.462,,1.5,1,1,1,1,1,1,1,1.5,1
"Leyndell, Royal Capital",???,501120034,,"1,939",-,,100,100,100,100,100,100,100,100,,0,0,0,0,0,0,0,0,,Immune,Immune,Immune,Immune,Immune,Immune,Immune,,1,1,1,1,1,,-1,1,∞,0,,1,1,1,1,1,1,1,1,1.5,0
"Leyndell, Royal Capital",Abductor Virgin (Wheel),44701034,,"5,250",-,,113,113,113,113,113,113,113,113,,10,0,10,10,0,20,-20,20,,Immune,Immune,Immune,Immune,Immune,Immune,Immune,,1,1,1,1,1,,65,0,∞,5,,1,1,1,1,1,1,1,1,2,1
"Leyndell, Royal Capital",Albinauric Lookout,36703034,,599,-,,113,113,113,113,113,113,113,113,,-10,-10,-10,-10,-20,-20,-20,-40,,Immune,182,182,182,137,Immune,Immune,,1,1,1,1,1,,30,1,30,2.308,,1,1,1,1,1,1,1,1,1.5,0
"Leyndell, Royal Capital",Ash Teardrop Scarab,41912034,,570,-,,113,113,113,113,113,113,113,113,,10,10,35,35,40,40,40,40,,Immune,Immune,Immune,Immune,Immune,Immune,Immune,,1,1,1,1,1,,30,1,30,2.308,,1,1,1,1,1,1,1,1,1.5,0
"Leyndell, Royal Capital",Black Knife Assassin,21000034,,"2,706",-,,113,113,113,113,113,113,113,113,,10,10,10,35,20,20,20,40,,Immune,Immune,Immune,334,Immune,Immune,Immune,,1,1,1,1,1,,80,1,80,6.154,,1,1,1,1,1,1,1,1,1.5,0
"Leyndell, Royal Capital",Commoner (Sword),36600034,,388,-,,113,113,113,113,113,113,113,113,,-10,-10,-10,-10,-20,-20,-20,0,,137,137,182,182,182,Immune,Immune,,1,1,1,1,1,,30,1,30,2.308,,1,1,1,1,1,1,1,1,1.5,0
"Leyndell, Royal Capital",Crucible Knight (Tree Spear),25001034,,"3,110",-,,113,113,113,113,113,113,113,113,,35,35,35,35,40,20,20,40,,548,548,Immune,548,548,Immune,Immune,,1,1,1,1,1,,80,1,80,6.154,,1,1,1,1,1,1,1,1,1.5,0
"Leyndell, Royal Capital",Crucible Knight (Tree Spear),25001134,,"3,110",-,,113,113,113,113,113,113,113,113,,35,35,35,35,40,20,20,40,,548,548,Immune,548,548,Immune,Immune,,1,1,1,1,1,,80,1,80,6.154,,1,1,1,1,1,1,1,1,1.5,0
"Leyndell, Royal Capital",Demi-Human Shaman,41109034,,"2,218",-,,113,113,113,113,113,113,113,113,,-10,-10,-40,-10,-20,-20,-20,-20,,182,182,182,182,182,Immune,Immune,,1,1,1,1,1,,30,1,30,2.308,,1,1,1,1,1,1,1,1,1.5,0
"Leyndell, Royal Capital",Erdtree Avatar,48100034,,"6,461",-,,113,113,113,113,113,113,113,113,,10,0,10,10,20,-40,20,40,,334,334,Immune,243,Immune,Immune,Immune,,1,1,1,1,1,,120,1,120,9.231,,1,1,1,1,1,1,1,1,1.5,1
"Leyndell, Royal Capital",Erdtree Guardian,36500034,,544,-,,113,113,113,113,113,113,113,113,,0,10,-10,0,0,-20,40,40,,334,334,243,182,182,Immune,Immune,,1,1,1,1,1,,55,1,55,4.231,,1,1,1,1,1,1,1,1,1.5,0
"Leyndell, Royal Capital",Erdtree Guardian,36501034,,544,-,,113,113,113,113,113,113,113,113,,0,10,-10,0,0,-20,40,40,,334,334,243,182,182,Immune,Immune,,1,1,1,1,1,,55,1,55,4.231,,1,1,1,1,1,1,1,1,1.5,0
"Leyndell, Royal Capital","Godfrey, First Elden Lord [Boss]",47200134,,"7,099",-,,114,114,114,114,114,114,114,114,,10,10,10,0,20,20,0,40,,Immune,Immune,Immune,Immune,552,Immune,Immune,,1,1,1,1,1,,120,1,120,9.231,,1,1,1,1,1,1,1,1,1.5,0
"Leyndell, Royal Capital",Golem,46600034,,"19,388",-,,113,113,113,113,113,113,113,113,,10,0,10,10,20,40,40,40,,Immune,Immune,Immune,Immune,Immune,Immune,Immune,,1,1,1,1,1,,120,0.4096,292.969,9.231,,1,1,1,1,1,1,1,1,2.5,1
"Leyndell, Royal Capital",Grave Warden Duelist (Battle Hammer),34001034,,"3,554",-,,113,113,113,113,113,113,113,113,,0,0,-10,0,0,0,0,0,,243,243,182,243,243,Immune,Immune,,1,1,1,1,1,,65,1,65,5,,1,1,1,1,1,1,1,1,1.5,0
"Leyndell, Royal Capital",Grave Warden Duelist (Greataxe),34000034,,"4,739",-,,113,113,113,113,113,113,113,113,,0,0,-10,0,0,0,0,0,,243,243,182,243,243,Immune,Immune,,1,1,1,1,1,,65,1,65,5,,1,1,1,1,1,1,1,1,1.5,0
"Leyndell, Royal Capital",Imp (Cat),30800034,,636,-,,113,113,113,113,113,113,113,113,,10,0,35,35,20,40,40,40,,Immune,Immune,Immune,Immune,Immune,Immune,Immune,,1,1,1,1,1,,30,1,30,2.308,,1,1,1,1,1,1,1,1,1.5,0
"Leyndell, Royal Capital",Imp (Fanged),30801034,,636,-,,113,113,113,113,113,113,113,113,,10,0,35,35,20,40,40,40,,Immune,Immune,Immune,Immune,Immune,Immune,Immune,,1,1,1,1,1,,30,1,30,2.308,,1,1,1,1,1,1,1,1,1.5,0
"Leyndell, Royal Capital",Imp (Wolf),30806034,,636,-,,113,113,113,113,113,113,113,113,,10,0,35,35,20,40,40,40,,Immune,Immune,Immune,Immune,Immune,Immune,Immune,,1,1,1,1,1,,35,1,35,2.692,,1,1,1,1,1,1,1,1,1.5,0
"Leyndell, Royal Capital",Incantation Teardrop Scarab,41914034,,570,-,,113,113,113,113,113,113,113,113,,10,10,35,35,40,40,40,40,,Immune,Immune,Immune,Immune,Immune,Immune,Immune,,1,1,1,1,1,,30,1,30,2.308,,1,1,1,1,1,1,1,1,1.5,0
"Leyndell, Royal Capital",Large Fingercreeper,42407034,,"2,766",-,,113,113,113,113,113,113,113,113,,-10,-10,-40,-10,0,0,0,0,,243,243,182,243,Immune,Immune,Immune,,1,1,1,1,1,,65,1,65,5,,1,1,1,1,1,1,1,1,1.5,1
"Leyndell, Royal Capital",Large Oracle Envoy,36200034,,"1,744",-,,113,113,113,113,113,113,113,113,,-10,10,-10,-10,0,20,20,20,,334,334,182,243,243,Immune,Immune,,1,1,1,1,1,,65,1,65,5,,1,1,1,1,1,1,1,1,1.5,0
"Leyndell, Royal Capital",Large Starved Dog,41600034,,"1,251",-,,113,113,113,113,113,113,113,113,,-10,-10,-40,-10,-20,-40,-20,-20,,182,182,182,243,182,Immune,Immune,,1,1,1,1,1,,30,1,30,2.308,,1,1,1,1,1,1,1,1,1.5,0
"Leyndell, Royal Capital",Leyndell Foot Soldier,43730534,,544,-,,113,113,113,113,113,113,113,113,,0,0,0,-10,0,0,20,0,,137,137,182,182,182,Immune,Immune,,1,1,1,1,1,,30,1,30,2.308,,1,1,1,1,1,1,1,1,1.5,0
"Leyndell, Royal Capital",Leyndell Foot Soldier,43732534,,544,-,,113,113,113,113,113,113,113,113,,0,0,0,-10,0,0,20,0,,137,137,182,182,182,Immune,Immune,,1,1,1,1,1,,30,1,30,2.308,,1,1,1,1,1,1,1,1,1.5,0
"Leyndell, Royal Capital",Leyndell Knight,43530034,,"2,132",-,,113,113,113,113,113,113,113,113,,10,10,35,0,20,20,40,20,,243,243,334,334,243,Immune,Immune,,1,1,1,1,1,,65,1,65,5,,1,1,1,1,1,1,1,1,1.5,0
"Leyndell, Royal Capital",Leyndell Knight,43531034,,"2,132",-,,113,113,113,113,113,113,113,113,,10,10,35,0,20,20,40,20,,243,243,334,334,243,Immune,Immune,,1,1,1,1,1,,65,1,65,5,,1,1,1,1,1,1,1,1,1.5,0
"Leyndell, Royal Capital",Leyndell Knight,43531534,,"2,790",-,,115,115,115,115,115,115,115,115,,10,10,35,0,20,20,40,20,,247,247,340,340,247,Immune,Immune,,1,1,1,1,1,,65,1,65,5,,1,1,1,1,1,1,1,1,1.5,0
"Leyndell, Royal Capital",Leyndell Knight,43532034,,"2,132",-,,113,113,113,113,113,113,113,113,,10,10,35,0,20,20,40,20,,243,243,334,334,243,Immune,Immune,,1,1,1,1,1,,65,1,65,5,,1,1,1,1,1,1,1,1,1.5,0
"Leyndell, Royal Capital",Leyndell Soldier,43130034,,710,-,,113,113,113,113,113,113,113,113,,0,0,10,-10,0,0,0,20,,182,182,243,243,243,Immune,Immune,,1,1,1,1,1,,30,1,30,2.308,,1,1,1,1,1,1,1,1,1.5,0
"Leyndell, Royal Capital",Leyndell Soldier,43130234,,710,-,,113,113,113,113,113,113,113,113,,0,0,10,-10,0,0,0,20,,182,182,243,243,243,Immune,Immune,,1,1,1,1,1,,30,1,30,2.308,,1,1,1,1,1,1,1,1,1.5,0
"Leyndell, Royal Capital",Leyndell Soldier,43130334,,710,-,,113,113,113,113,113,113,113,113,,0,0,10,-10,0,0,0,20,,182,182,243,243,243,Immune,Immune,,1,1,1,1,1,,30,1,30,2.308,,1,1,1,1,1,1,1,1,1.5,0
"Leyndell, Royal Capital",Leyndell Soldier,43132034,,710,-,,113,113,113,113,113,113,113,113,,0,0,10,-10,0,0,0,20,,182,182,243,243,243,Immune,Immune,,1,1,1,1,1,,30,1,30,2.308,,1,1,1,1,1,1,1,1,1.5,0
"Leyndell, Royal Capital",Leyndell Soldier,43133034,,710,-,,113,113,113,113,113,113,113,113,,0,0,10,-10,0,0,0,20,,182,182,243,243,243,Immune,Immune,,1,1,1,1,1,,30,1,30,2.308,,1,1,1,1,1,1,1,1,1.5,0
"Leyndell, Royal Capital",Lion Guardian,42700034,,"4,739",-,,113,113,113,113,113,113,113,113,,0,0,-10,0,0,-20,0,0,,334,334,548,548,243,Immune,Immune,,1,1,1,1,1,,80,1,80,6.154,,1,1,1,1,1,1,1,1,1.5,0
"Leyndell, Royal Capital",Melina,21801034,,"7,109",-,,113,113,113,113,113,113,113,113,,0,0,0,0,20,20,20,40,,243,243,243,243,Immune,Immune,Immune,,1,1,1,1,1,,-1,1,∞,0,,1,1,1,1,1,1,1,1,1.5,1
"Leyndell, Royal Capital",Miranda Sprout,44810034,,440,-,,113,113,113,113,113,113,113,113,,-10,10,-40,-10,-20,-40,20,20,,"1,178",548,548,137,243,Immune,Immune,,1,1,1,1,1,,30,1,30,2.308,,1,1,1,1,1,1,1,1,1.5,1
"Leyndell, Royal Capital",Misbegotten,34500034,,710,-,,113,113,113,113,113,113,113,113,,0,0,0,0,0,-20,0,0,,243,243,243,243,243,Immune,Immune,,1,1,1,1,1,,30,1,30,2.308,,1,1,1,1,1,1,1,1,1.5,0
"Leyndell, Royal Capital",Misbegotten Warrior,34600034,,"2,458",-,,113,113,113,113,113,113,113,113,,10,10,0,10,20,0,20,20,,334,334,334,334,334,Immune,Immune,,1,1,1,1,1,,80,1,80,6.154,,1,1,1,1,1,1,1,1,1.5,0
"Leyndell, Royal Capital",Morgott (Dead),21310034,,0,-,,113,113,113,113,113,113,113,113,,0,0,0,0,0,0,0,0,,Immune,Immune,Immune,Immune,Immune,Immune,Immune,,1,1,1,1,1,,80,1,80,6.154,,1,1,1,1,1,1,1,1,1.5,0
"Leyndell, Royal Capital","Morgott, the Omen King [Boss]",21300534,,"10,399",-,,114,114,114,114,114,114,114,114,,0,0,-10,0,0,0,0,40,,337,337,337,337,552,Immune,Immune,,0.7,0.7,1,1,1,,80,1,80,6.154,,1,1,1,1,1,1,1,1,1.5,0
"Leyndell, Royal Capital",Noble's Page,37030034,,"1,307",-,,113,113,113,113,113,113,113,113,,0,10,0,0,0,0,0,0,,182,182,243,243,243,Immune,Immune,,1,1,1,1,1,,65,1,65,5,,1,1,1,1,1,1,1,1,1.5,0
"Leyndell, Royal Capital",Noble's Page,37031034,,"2,155",-,,113,113,113,113,113,113,113,113,,0,10,0,0,0,0,0,0,,182,182,243,243,243,Immune,Immune,,1,1,1,1,1,,65,1,65,5,,1,1,1,1,1,1,1,1,1.5,0
"Leyndell, Royal Capital",Omenkiller,48208034,,"1,588",-,,113,113,113,113,113,113,113,113,,0,0,0,0,20,40,20,20,,548,548,243,243,182,Immune,Immune,,1,1,1,1,1,,75,1,75,5.769,,1,1,1,1,1,1,1,1,1.5,0
"Leyndell, Royal Capital",Oracle Envoy,36100034,,625,-,,113,113,113,113,113,113,113,113,,-10,10,-10,-10,0,20,20,20,,334,334,182,243,243,Immune,Immune,,1,1,1,1,1,,30,1,30,2.308,,1,1,1,1,1,1,1,1,1.5,0
"Leyndell, Royal Capital",Putrid Corpse,36610034,,"1,392",-,,113,113,113,113,113,113,113,113,,-40,-40,-40,-40,-40,-40,-40,-40,,137,137,137,137,137,Immune,Immune,,1,1,1,1,1,,50,1,50,3.846,,1,1,1,1,1,1,1,1,1.5,0
"Leyndell, Royal Capital",Rat,40800034,,599,-,,113,113,113,113,113,113,113,113,,-10,-10,-40,-10,-20,-40,-20,-20,,334,334,182,243,182,Immune,Immune,,1,1,1,1,1,,30,1,30,2.308,,1,1,1,1,1,1,1,1,1.5,0
"Leyndell, Royal Capital",Scaly Misbegotten,34510034,,"1,966",-,,113,113,113,113,113,113,113,113,,0,0,10,-10,0,-20,0,0,,243,243,243,243,243,Immune,Immune,,1,1,1,1,1,,65,1,65,5,,1,1,1,1,1,1,1,1,1.5,0
"Leyndell, Royal Capital",Skeleton (Curved Sword),35000034,,811,-,,117,117,117,117,117,117,117,117,,0,-40,10,35,0,20,40,-40,,Immune,249,Immune,Immune,Immune,Immune,Immune,,1,1,1,1,1,,30,1,30,2.308,,0,1,1,1,1,1,1,1,1.5,0
"Leyndell, Royal Capital",Small Fingercreeper,42500034,,388,-,,113,113,113,113,113,113,113,113,,-10,-10,-40,-10,0,0,0,0,,243,243,182,243,Immune,Immune,Immune,,1,1,1,1,1,,30,1,30,2.308,,1,1,1,1,1,1,1,1,1.5,0
"Leyndell, Royal Capital",Starved Dog,41610034,,599,-,,113,113,113,113,113,113,113,113,,-10,-10,-40,-10,-20,-40,-20,-20,,182,182,182,243,182,Immune,Immune,,1,1,1,1,1,,30,1,30,2.308,,1,1,1,1,1,1,1,1,1.5,0
"Leyndell, Royal Capital",Sunflower Commoner,36660034,,"3,858",-,,113,113,113,113,113,113,113,113,,-10,-10,-10,-10,-20,-20,-20,0,,Immune,Immune,Immune,Immune,Immune,Immune,Immune,,1,1,1,1,1,,30,1,30,2.308,,1,1,1,1,1,1,1,1,1.5,0
"Leyndell, Royal Capital",Ulcerated Tree Spirit,46400034,,"10,046",-,,113,113,113,113,113,113,113,113,,0,0,0,0,20,-20,20,40,,548,548,548,243,Immune,Immune,Immune,,1,1,1,1,1,,120,1,120,9.231,,1.5,1,1,1,1,1,1,1,1.5,1
"Leyndell, Royal Capital",Valiant Gargoyle,47702034,,962,-,,113,113,113,113,113,113,113,113,,10,0,35,35,20,40,40,40,,Immune,Immune,Immune,Immune,Immune,Immune,Immune,,1,1,1,1,1,,20,1,20,1.538,,1.5,1,1,1,1,1,1,1,1.5,1
"Leyndell, Royal Capital",Valiant Gargoyle (Twinblade),47701034,,"6,461",-,,113,113,113,113,113,113,113,113,,10,0,35,35,20,40,40,40,,Immune,Immune,Immune,Immune,Immune,Immune,Immune,,1,1,1,1,1,,110,1,110,8.462,,1.5,1,1,1,1,1,1,1,1.5,1
"Leyndell, Royal Capital",White Veil Perfumer,37010034,,681,-,,113,113,113,113,113,113,113,113,,0,10,0,0,40,40,40,0,,548,548,182,182,182,Immune,Immune,,1,1,1,1,1,,65,1,65,5,,1,1,1,1,1,1,1,1,1.5,0
"Leyndell, Royal Capital",White Veil Perfumer,37011034,,681,-,,113,113,113,113,113,113,113,113,,0,10,0,0,40,40,40,0,,548,548,182,182,182,Immune,Immune,,1,1,1,1,1,,65,1,65,5,,1,1,1,1,1,1,1,1,1.5,0
"Leyndell, Royal Capital",Winged Misbegotten,34501034,,710,-,,113,113,113,113,113,113,113,113,,0,0,0,0,0,-20,0,0,,243,243,243,243,243,Immune,Immune,,1,1,1,1,1,,30,1,30,2.308,,1,1,1,1,1,1,1,1,1.5,0
"Limgrave - Agheel Lake North, Murkwater Cave Entrance",Demi-Human Shaman,41109010,,683,-,,101,101,101,101,101,101,101,101,,-10,-10,-40,-10,-20,-20,-20,-20,,169,169,169,169,169,Immune,Immune,,1,1,1,1,1,,30,1,30,2.308,,1,1,1,1,1,1,1,1,1.5,0
"Limgrave - Agheel Lake North, Murkwater Cave Entrance",Night's Cavalry (Glaive) [Boss],31500010,,"1,665",-,,103,103,103,103,103,103,103,103,,35,35,35,10,40,40,20,40,,316,316,517,517,Immune,Immune,Immune,,0.7,0.7,1,1,1,,80,1,80,6.154,,1,1,1,1,1,1,1,1,1.5,0
"Limgrave - Agheel Lake North, Murkwater Cave Entrance",Night's Cavalry Horse,31600010,,"1,803",-,,103,103,103,103,103,103,103,103,,10,10,0,10,20,20,20,20,,316,316,316,316,Immune,Immune,Immune,,0.7,0.7,1,1,1,,80,1,80,6.154,,1,1,1,1,1,1,1,1,1.5,0
"Limgrave - Agheel Lake North, Murkwater Cave Entrance",Wandering Noble,43005110,,96,-,,101,101,101,101,101,101,101,101,,-10,-10,-10,-10,-20,-20,-20,0,,127,127,169,169,169,Immune,Immune,,1,1,1,1,1,,30,1,30,2.308,,1,1,1,1,1,1,1,1,1.5,0
"Limgrave - Agheel Lake North, Murkwater Cave Entrance",Wandering Noble,43006110,,96,-,,101,101,101,101,101,101,101,101,,-10,-10,-10,-10,-20,-20,-20,0,,127,127,169,169,169,Immune,Immune,,1,1,1,1,1,,30,1,30,2.308,,1,1,1,1,1,1,1,1,1.5,0
"Limgrave - Agheel Lake South, Forlorn Hound Evergaol",Blaidd Dialogue,502160010,,"2,212",-,,101,101,101,101,101,101,101,101,,0,0,0,0,0,0,0,0,,Immune,Immune,Immune,Immune,Immune,Immune,Immune,,1,1,1,1,1,,-1,1,∞,0,,1,1,1,1,1,1,1,1,1.5,0
"Limgrave - Agheel Lake South, Forlorn Hound Evergaol",Blaidd Dialogue (Summon),502160110,,"2,212",-,,101,101,101,101,101,101,101,101,,0,0,0,0,0,0,0,0,,Immune,Immune,Immune,Immune,Immune,Immune,Immune,,1,1,1,1,1,,-1,1,∞,0,,1,1,1,1,1,1,1,1,1.5,0
"Limgrave - Agheel Lake South, Forlorn Hound Evergaol",Blaidd the Half-Wolf,20109210,,"4,290",-,,111,111,111,111,111,111,111,111,,10,10,10,0,40,0,20,20,,Immune,Immune,Immune,Immune,Immune,Immune,Immune,,1,1,1,1,1,,80,1,80,6.154,,1,1,1,1,1,1,1,1,1.5,0
"Limgrave - Agheel Lake South, Forlorn Hound Evergaol",Blaidd the Half-Wolf (Summon),20109310,,"1,506",-,,101,101,101,101,101,101,101,101,,10,10,10,0,40,0,20,20,,226,226,310,508,508,Immune,Immune,,1,1,1,1,1,,80,1,80,6.154,,1,1,1,1,1,1,1,1,1.5,0
"Limgrave - Agheel Lake South, Forlorn Hound Evergaol",Bloodhound Knight Darriwill [Boss],42900010,,"1,450",-,,103,103,103,103,103,103,103,103,,10,10,10,0,0,0,-20,0,,316,316,316,316,229,Immune,Immune,,0.7,0.7,1,1,1,,65,1,65,5,,1,1,1,1,1,1,1,1,1.5,0
"Limgrave - Agheel Lake South, Forlorn Hound Evergaol",Dragonfly,60810010,,17,-,,100,100,100,100,100,100,100,100,,-40,-40,-10,-40,-40,-100,-40,-40,,84,84,63,20,63,Immune,Immune,,1,1,1,1,1,,-1,1,∞,0,,1,1,1,1,1,1,1,1,1.5,0
"Limgrave - Agheel Lake South, Forlorn Hound Evergaol",Runebear,46300410,,"2,949",-,,101,101,101,101,101,101,101,101,,0,0,-10,0,0,-20,0,0,,310,310,508,508,169,Immune,Immune,,1,1,1,1,1,,80,1,80,6.154,,1,1,1,1,1,1,1,1,1.5,0
"Limgrave - Agheel Lake South, Forlorn Hound Evergaol",Wandering Noble,43000410,,96,-,,101,101,101,101,101,101,101,101,,-10,-10,-10,-10,-20,-20,-20,0,,127,127,169,169,169,Immune,Immune,,1,1,1,1,1,,30,1,30,2.308,,1,1,1,1,1,1,1,1,1.5,0
"Limgrave - Agheel Lake South, Forlorn Hound Evergaol",Wandering Noble,43002110,,204,-,,109,109,109,109,109,109,109,109,,-10,-10,-10,-10,-20,-20,-20,0,,133,133,178,178,178,Immune,Immune,,1,1,1,1,1,,30,1,30,2.308,,1,1,1,1,1,1,1,1,1.5,0
"Limgrave - Church of Dragon Communion, Coastal Cave Exit",Church of Dragon Communion,506010010,,"1,939",-,,100,100,100,100,100,100,100,100,,0,0,0,0,0,0,0,0,,Immune,Immune,Immune,Immune,Immune,Immune,Immune,,1,1,1,1,1,,-1,1,∞,0,,1,1,1,1,1,1,1,1,1.5,0
"Limgrave - Church of Dragon Communion, Coastal Cave Exit",Crab,22710010,,31,-,,101,101,101,101,101,101,101,101,,10,-40,10,10,0,0,0,0,,169,169,226,127,127,Immune,Immune,,1,1,1,1,1,,30,1,30,2.308,,1,1,1,1,1,1,1,1,1.5,0
"Limgrave - Church of Dragon Communion, Coastal Cave Exit",Goat,60600010,,55,-,,100,100,100,100,100,100,100,100,,-40,-40,-40,-40,-40,-100,-40,-40,,63,63,63,63,63,Immune,Immune,,1,1,1,1,1,,-1,1,∞,0,,1,1,1,1,1,1,1,1,1.5,0
"Limgrave - Church of Dragon Communion, Coastal Cave Exit",Goat,60602010,,82,-,,100,100,100,100,100,100,100,100,,-40,-40,-40,-40,-40,-100,-40,-40,,63,63,63,63,63,Immune,Immune,,1,1,1,1,1,,-1,1,∞,0,,1,1,1,1,1,1,1,1,1.5,0
"Limgrave - Church of Dragon Communion, Coastal Cave Exit",Gull,60700010,,27,-,,100,100,100,100,100,100,100,100,,-40,-40,-40,-40,-40,-100,-40,-40,,63,63,63,63,63,Immune,Immune,,1,1,1,1,1,,-1,1,∞,0,,1,1,1,1,1,1,1,1,1.5,0
"Limgrave - Church of Dragon Communion, Coastal Cave Exit",Stone Teardrop Scarab,41915010,,175,-,,101,101,101,101,101,101,101,101,,10,10,35,35,40,40,40,40,,Immune,Immune,Immune,Immune,Immune,Immune,Immune,,1,1,1,1,1,,30,1,30,2.308,,1,1,1,1,1,1,1,1,1.5,0
"Limgrave - Church of Dragon Communion, Coastal Cave Exit",Turtle,60900010,,378,-,,100,100,100,100,100,100,100,100,,35,0,35,0,-40,-100,-40,-40,,63,63,63,63,63,Immune,Immune,,1,1,1,1,1,,-1,1,∞,0,,2,1,1,1,1,1,1,1,1.5,1
"Limgrave - Church of Elleh, Stranded Graveyard Exit",Dragonfly,60800010,,17,-,,100,100,100,100,100,100,100,100,,-40,-40,-10,-40,-40,-100,-40,-40,,84,84,63,20,63,Immune,Immune,,1,1,1,1,1,,-1,1,∞,0,,1,1,1,1,1,1,1,1,1.5,0
"Limgrave - Church of Elleh, Stranded Graveyard Exit",Merchant Kalé,32000010,,"1,462",-,,101,101,101,101,101,101,101,101,,-10,0,-10,-10,0,0,0,0,,226,226,226,310,Immune,Immune,Immune,,1,1,1,1,1,,30,1,30,2.308,,1,1,1,1,1,1,1,1,1.5,0
"Limgrave - Church of Elleh, Stranded Graveyard Exit",Nomad Mule,32100010,,852,-,,101,101,101,101,101,101,101,101,,-10,0,-10,-10,0,-20,0,0,,226,226,310,310,Immune,Immune,Immune,,1,1,1,1,1,,30,1,30,2.308,,1,1,1,1,1,1,1,1,1.5,0
"Limgrave - Church of Elleh, Stranded Graveyard Exit",Ranni the Witch,20500010,,"2,212",-,,101,101,101,101,101,101,101,101,,0,0,0,0,40,20,20,20,,Immune,Immune,Immune,Immune,Immune,Immune,Immune,,1,1,1,1,1,,70,1,70,5.385,,1,1,1,1,1,1,1,1,1.5,0
"Limgrave - Church of Elleh, Stranded Graveyard Exit",Smithing Table,500010000,,"1,939",-,,100,100,100,100,100,100,100,100,,0,0,0,0,0,0,0,0,,Immune,Immune,Immune,Immune,Immune,Immune,Immune,,1,1,1,1,1,,-1,1,∞,0,,1,1,1,1,1,1,1,1,1.5,0
"Limgrave - Church of Elleh, Stranded Graveyard Exit",Tree Sentinel [Boss],32510010,,"2,889",-,,103,103,103,103,103,103,103,103,,10,10,35,10,20,40,0,40,,316,316,517,517,316,Immune,Immune,,0.7,0.7,1,1,1,,80,1,80,6.154,,1,1,1,1,1,1,1,1,1.5,0
Limgrave - Coastal Cave Entrance,Demi-Human,41001010,,135,-,,101,101,101,101,101,101,101,101,,-10,-10,-40,-10,-20,-20,-20,-20,,169,169,169,226,169,Immune,Immune,,1,1,1,1,1,,30,1,30,2.308,,1,1,1,1,1,1,1,1,1.5,0
Limgrave - Coastal Cave Entrance,Nomad Mule,32101310,,852,-,,101,101,101,101,101,101,101,101,,-10,0,-10,-10,0,-20,0,0,,226,226,310,310,Immune,Immune,Immune,,1,1,1,1,1,,30,1,30,2.308,,1,1,1,1,1,1,1,1,1.5,0
Limgrave - Coastal Cave Entrance,Nomadic Merchant,32001310,,"1,462",-,,101,101,101,101,101,101,101,101,,-10,0,-10,-10,0,0,0,0,,226,226,226,310,Immune,Immune,Immune,,1,1,1,1,1,,30,1,30,2.308,,1,1,1,1,1,1,1,1,1.5,0
Limgrave - Dragon-Burnt Ruins,Flying Dragon Agheel [Boss],45000010,,"3,200",-,,106,106,106,106,106,106,106,106,,35,35,35,10,40,40,40,40,,526,526,526,526,Immune,Immune,Immune,,0.7,0.7,1,1,1,,120,1,120,9.231,,1,1,1,1,1,1,1,1,1.5,1
Limgrave - Dragon-Burnt Ruins,Wandering Noble,43006210,,96,-,,101,101,101,101,101,101,101,101,,-10,-10,-10,-10,-20,-20,-20,0,,127,127,169,169,169,Immune,Immune,,1,1,1,1,1,,30,1,30,2.308,,1,1,1,1,1,1,1,1,1.5,0
Limgrave - Dragon-Burnt Ruins,Wandering Noble,43007110,,96,-,,101,101,101,101,101,101,101,101,,-10,-10,-10,-10,-20,-20,-20,0,,Immune,Immune,Immune,Immune,Immune,Immune,Immune,,1,1,1,1,1,,30,1,30,2.308,,1,1,1,1,1,1,1,1,1.5,0
Limgrave - Fort Haight,Ballista,81000010,,774,-,,101,101,101,101,101,101,101,101,,0,-10,10,10,0,-20,0,0,,Immune,Immune,Immune,Immune,Immune,Immune,Immune,,1,1,1,1,1,,-1,1,∞,504.95,,1,1,1,1,1,1,1,1,1.5,0
Limgrave - Fort Haight,Commoner (Sword),36600110,,119,-,,101,101,101,101,101,101,101,101,,-10,-10,-10,-10,-20,-20,-20,0,,127,127,169,169,169,Immune,Immune,,1,1,1,1,1,,30,1,30,2.308,,1,1,1,1,1,1,1,1,1.5,0
Limgrave - Fort Haight,Godrick Foot Soldier,43711710,,167,-,,101,101,101,101,101,101,101,101,,0,0,0,-10,0,0,-20,0,,127,127,169,169,169,Immune,Immune,,1,1,1,1,1,,30,1,30,2.308,,1,1,1,1,1,1,1,1,1.5,0
Limgrave - Fort Haight,Godrick Knight,43510110,,657,-,,101,101,101,101,101,101,101,101,,10,10,35,0,20,20,0,20,,226,226,169,310,226,Immune,Immune,,1,1,1,1,1,,65,1,65,5,,1,1,1,1,1,1,1,1,1.5,0
Limgrave - Fort Haight,Mad Pumpkin Head (Flail),43400010,,664,-,,101,101,101,101,101,101,101,101,,0,10,-10,0,0,0,-20,0,,226,226,169,169,310,Immune,Immune,,1,1,1,1,1,,65,1,65,5,,1,1,1,1,1,1,1,1,0.2,1
Limgrave - Fort Haight West,Nomad Mule,32101210,,852,-,,101,101,101,101,101,101,101,101,,-10,0,-10,-10,0,-20,0,0,,226,226,310,310,Immune,Immune,Immune,,1,1,1,1,1,,30,1,30,2.308,,1,1,1,1,1,1,1,1,1.5,0
Limgrave - Fort Haight West,Nomad Mule,32103010,,852,-,,101,101,101,101,101,101,101,101,,-10,0,-10,-10,0,-20,0,0,,226,226,310,310,Immune,Immune,Immune,,1,1,1,1,1,,30,1,30,2.308,,1,1,1,1,1,1,1,1,1.5,0
Limgrave - Fort Haight West,Nomadic Merchant,32001210,,"1,462",-,,101,101,101,101,101,101,101,101,,-10,0,-10,-10,0,0,0,0,,226,226,226,310,Immune,Immune,Immune,,1,1,1,1,1,,30,1,30,2.308,,1,1,1,1,1,1,1,1,1.5,0
Limgrave - Fort Haight West,Nomadic Merchant,32003010,,"1,462",-,,101,101,101,101,101,101,101,101,,-10,0,-10,-10,0,0,0,0,,226,226,226,310,Immune,Immune,Immune,,1,1,1,1,1,,30,1,30,2.308,,1,1,1,1,1,1,1,1,1.5,0
"Limgrave - Gatefront, Stormhill Evergaol, Groveside Cave Entrance, Limgrave Tunnels Entrance",Crimson Teardrop Scarab,41910010,,175,-,,101,101,101,101,101,101,101,101,,10,10,35,35,40,40,40,40,,Immune,Immune,Immune,Immune,Immune,Immune,Immune,,1,1,1,1,1,,30,1,30,2.308,,1,1,1,1,1,1,1,1,1.5,0
"Limgrave - Gatefront, Stormhill Evergaol, Groveside Cave Entrance, Limgrave Tunnels Entrance",Crucible Knight (Greatsword) [Boss],25000010,,"2,782",-,,103,103,103,103,103,103,103,103,,35,35,35,35,40,20,20,40,,517,517,Immune,517,517,Immune,Immune,,1,0.7,1,1,1,,80,1,80,6.154,,1,1,1,1,1,1,1,1,1.5,0
"Limgrave - Gatefront, Stormhill Evergaol, Groveside Cave Entrance, Limgrave Tunnels Entrance",Fungal Pod,44400010,,417,-,,101,101,101,101,101,101,101,101,,-10,0,-10,0,-20,-20,-20,-20,,169,169,226,169,Immune,Immune,Immune,,1,1,1,1,1,,30,1,30,2.308,,1,1,1,1,1,1,1,1,1.5,1
"Limgrave - Gatefront, Stormhill Evergaol, Groveside Cave Entrance, Limgrave Tunnels Entrance",Godrick Knight,43511010,,657,-,,101,101,101,101,101,101,101,101,,10,10,35,0,20,20,0,20,,226,226,310,310,226,Immune,Immune,,1,1,1,1,1,,65,1,65,5,,1,1,1,1,1,1,1,1,1.5,0
"Limgrave - Gatefront, Stormhill Evergaol, Groveside Cave Entrance, Limgrave Tunnels Entrance",Soldier of Godrick,43112110,,219,-,,101,101,101,101,101,101,101,101,,0,0,10,-10,0,0,-20,0,,169,169,226,226,226,Immune,Immune,,1,1,1,1,1,,30,1,30,2.308,,1,1,1,1,1,1,1,1,1.5,0
Limgrave - Mistwood Outskirts,Bear,60310010,,681,-,,100,100,100,100,100,100,100,100,,-40,-40,-40,-40,-40,-100,-40,-40,,63,63,63,63,63,Immune,Immune,,1,1,1,1,1,,-1,1,∞,0,,1,1,1,1,1,1,1,1,1.5,0
Limgrave - Mistwood Outskirts,Deer,60100009,,55,-,,100,100,100,100,100,100,100,100,,-40,-40,-40,-40,-40,-100,-40,-40,,63,63,63,63,63,Immune,Immune,,1,1,1,1,1,,-1,1,∞,0,,1,1,1,1,1,1,1,1,1.5,0
Limgrave - Mistwood Outskirts,Godrick Foot Soldier,43716010,,167,-,,101,101,101,101,101,101,101,101,,0,0,0,-10,0,0,-20,0,,127,127,169,169,169,Immune,Immune,,1,1,1,1,1,,30,1,30,2.308,,1,1,1,1,1,1,1,1,1.5,0
Limgrave - Mistwood Outskirts,Runebear,46300010,,"2,949",-,,101,101,101,101,101,101,101,101,,0,0,-10,0,0,-20,0,0,,310,310,508,508,169,Immune,Immune,,1,1,1,1,1,,80,1,80,6.154,,1,1,1,1,1,1,1,1,1.5,0
Limgrave - Mistwood Outskirts,Skeleton (Curved Sword),35002010,,168,-,,101,101,101,101,101,101,101,101,,0,-40,10,35,0,20,40,-40,,Immune,226,Immune,Immune,Immune,Immune,Immune,,1,1,1,1,1,,30,1,30,2.308,,0,1,1,1,1,1,1,1,1.5,0
Limgrave - Mistwood Outskirts,Wandering Noble (Ghost),43009010,,96,-,,101,101,101,101,101,101,101,101,,-10,-10,-10,-10,-20,-20,-20,0,,Immune,Immune,Immune,Immune,Immune,Immune,Immune,,1,1,1,1,1,,30,1,30,2.308,,1,1,1,1,1,1,1,1,1.5,0
"Limgrave - Murkwater Coast, Murkwater Catacombs Entrance",Grey Wolf,40700110,,88,-,,101,101,101,101,101,101,101,101,,-10,-10,-40,-10,-20,-40,-20,-20,,169,169,169,310,169,Immune,Immune,,1,1,1,1,1,,30,1,30,2.308,,1,1,1,1,1,1,1,1,1.5,0
Limgrave - Rear Gael Tunnel Entrance; Caelid - Gael Tunnel Entrance,Radahn Soldier,43143040,,461,-,,109,109,109,109,109,109,109,109,,0,0,10,-10,0,20,-20,0,,237,237,237,237,237,Immune,Immune,,1,1,1,1,1,,30,1,30,2.308,,1,1,1,1,1,1,1,1,1.5,0
Limgrave - Rear Gael Tunnel Entrance; Caelid - Gael Tunnel Entrance,Small Living Mass,41700140,,661,-,,109,109,109,109,109,109,109,109,,80,80,80,80,40,-40,40,40,,534,534,237,237,Immune,Immune,Immune,,1,1,1,1,1,,120,1,120,9.231,,1,1,1,1,1,1,1,1,1.5,1
Limgrave - Seaside Ruins,Onyx Lord,36000010,,861,-,,101,101,101,101,101,101,101,101,,10,10,10,10,20,20,20,20,,310,310,310,Immune,226,Immune,Immune,,1,1,1,1,1,,65,1,65,5,,1,1,1,1,1,1,1,1,1.5,0
"Limgrave - Siofra River Well, Mistwood Ruins, Minor Erdtree, Nokron Entrance",Blaidd the Half-Wolf,20109010,,"1,506",-,,101,101,101,101,101,101,101,101,,10,10,10,0,40,0,20,20,,Immune,Immune,Immune,Immune,Immune,Immune,Immune,,1,1,1,1,1,,80,1,80,6.154,,1,1,1,1,1,1,1,1,1.5,0
"Limgrave - Siofra River Well, Mistwood Ruins, Minor Erdtree, Nokron Entrance",Runebear,46300310,,"2,949",-,,101,101,101,101,101,101,101,101,,0,0,-10,0,0,-20,0,0,,310,310,508,508,169,Immune,Immune,,1,1,1,1,1,,80,1,80,6.154,,1,1,1,1,1,1,1,1,1.5,0
"Limgrave - Siofra River Well, Mistwood Ruins, Minor Erdtree, Nokron Entrance",Wandering Noble,43007010,,96,-,,101,101,101,101,101,101,101,101,,-10,-10,-10,-10,-20,-20,-20,0,,Immune,Immune,Immune,Immune,Immune,Immune,Immune,,1,1,1,1,1,,30,1,30,2.308,,1,1,1,1,1,1,1,1,1.5,0
Limgrave - South of Stranded Graveyard Exit,Giant Crab,22700010,,407,-,,101,101,101,101,101,101,101,101,,35,0,35,35,20,20,20,20,,310,310,310,169,169,Immune,Immune,,1,1,1,1,1,,80,1,80,6.154,,1,1,1,1,1,1,1,1,1.5,0
Limgrave - South of Stranded Graveyard Exit,Small Living Mass,41700110,,313,-,,101,101,101,101,101,101,101,101,,80,80,80,80,40,-40,40,40,,508,508,226,226,Immune,Immune,Immune,,1,1,1,1,1,,120,1,120,9.231,,1,1,1,1,1,1,1,1,1.5,1
Limgrave - South of Stranded Graveyard Exit,Wandering Noble,43007112,,108,-,,102,102,102,102,102,102,102,102,,-10,-10,-10,-10,-20,-20,-20,0,,Immune,Immune,Immune,Immune,Immune,Immune,Immune,,1,1,1,1,1,,30,1,30,2.308,,1,1,1,1,1,1,1,1,1.5,0
Limgrave - Stormfoot Catacombs Entrance,Boar,60501010,,82,-,,100,100,100,100,100,100,100,100,,-40,-40,-40,-40,-40,-100,-40,-40,,63,63,63,63,63,Immune,Immune,,1,1,1,1,1,,-1,1,∞,0,,1,1,1,1,1,1,1,1,1.5,0
Limgrave - Stormfoot Catacombs Entrance,Goat,60601010,,55,-,,100,100,100,100,100,100,100,100,,-40,-40,-40,-40,-40,-100,-40,-40,,63,63,63,63,63,Immune,Immune,,1,1,1,1,1,,-1,1,∞,0,,1,1,1,1,1,1,1,1,1.5,0
Limgrave - Stormfoot Catacombs Entrance,Golem,46606010,,"5,974",-,,101,101,101,101,101,101,101,101,,10,0,10,10,20,40,40,40,,Immune,Immune,Immune,Immune,Immune,Immune,Immune,,1,1,1,1,1,,120,0.4096,292.969,9.231,,1,1,1,1,1,1,1,1,2.5,1
Limgrave - Stormfoot Catacombs Entrance,Wandering Noble,43005210,,96,-,,101,101,101,101,101,101,101,101,,-10,-10,-10,-10,-20,-20,-20,0,,127,127,169,169,169,Immune,Immune,,1,1,1,1,1,,30,1,30,2.308,,1,1,1,1,1,1,1,1,1.5,0
Limgrave - Stormfoot Catacombs Entrance,Wandering Noble,43006010,,96,-,,101,101,101,101,101,101,101,101,,-10,-10,-10,-10,-20,-20,-20,0,,127,127,169,169,169,Immune,Immune,,1,1,1,1,1,,30,1,30,2.308,,1,1,1,1,1,1,1,1,1.5,0
Limgrave - Summonwater Village,Boar,60500000,,82,-,,100,100,100,100,100,100,100,100,,-40,-40,-40,-40,-40,-100,-40,-40,,63,63,63,63,63,Immune,Immune,,1,1,1,1,1,,-1,1,∞,0,,1,1,1,1,1,1,1,1,1.5,0
Limgrave - Summonwater Village,Deer,60100000,,55,-,,100,100,100,100,100,100,100,100,,-40,-40,-40,-40,-40,-100,-40,-40,,63,63,63,63,63,Immune,Immune,,1,1,1,1,1,,-1,1,∞,0,,1,1,1,1,1,1,1,1,1.5,0
Limgrave - Summonwater Village,Goat,60600000,,55,-,,100,100,100,100,100,100,100,100,,-40,-40,-40,-40,-40,-100,-40,-40,,63,63,63,63,63,Immune,Immune,,1,1,1,1,1,,-1,1,∞,0,,1,1,1,1,1,1,1,1,1.5,0
Limgrave - Summonwater Village,Grey Wolf,40700009,,78,-,,100,100,100,100,100,100,100,100,,-10,-10,-40,-10,-20,-40,-20,-20,,84,84,84,154,84,Immune,Immune,,1,1,1,1,1,,30,1,30,2.308,,1,1,1,1,1,1,1,1,1.5,0
Limgrave - Summonwater Village,Skeleton (Curved Sword),35005010,,168,-,,101,101,101,101,101,101,101,101,,0,-40,10,35,0,20,40,-40,,Immune,226,Immune,Immune,Immune,Immune,Immune,,1,1,1,1,1,,30,1,30,2.308,,0,1,1,1,1,1,1,1,1.5,0
Limgrave - Summonwater Village,Skeleton (Curved Sword),35006010,,168,-,,101,101,101,101,101,101,101,101,,0,-40,10,35,0,20,40,-40,,Immune,226,Immune,Immune,Immune,Immune,Immune,,1,1,1,1,1,,30,1,30,2.308,,0,1,1,1,1,1,1,1,1.5,0
Limgrave - Summonwater Village,Skeleton (Curved Sword),35007010,,168,-,,101,101,101,101,101,101,101,101,,0,-40,10,35,0,20,40,-40,,Immune,226,Immune,Immune,Immune,Immune,Immune,,1,1,1,1,1,,30,1,30,2.308,,0,1,1,1,1,1,1,1,1.5,0
Limgrave - Summonwater Village,Tibia Mariner [Boss],49500010,,"3,176",-,,103,103,103,103,103,103,103,103,,10,-40,10,35,20,20,40,-40,,Immune,316,Immune,Immune,Immune,Immune,Immune,,1,1,1,1,1,,80,1,80,6.154,,1,1,1,1,1,1,1,1,1.5,0
Limgrave - Summonwater Village,White Wolf,40710009,,409,-,,100,100,100,100,100,100,100,100,,-10,-10,-40,-10,-20,-40,-20,-20,,84,84,84,154,84,Immune,Immune,,1,1,1,1,1,,50,1,50,3.846,,1,1,1,1,1,1,1,1,1.5,0
Limgrave - Summonwater Village Outskirts,Nomadic Merchant,32001110,,"1,462",-,,101,101,101,101,101,101,101,101,,-10,0,-10,-10,0,0,0,0,,226,226,226,310,Immune,Immune,Immune,,1,1,1,1,1,,30,1,30,2.308,,1,1,1,1,1,1,1,1,1.5,0
"Limgrave - Third Church of Marika, Gaol Cave Exit",Crimson Teardrop Scarab,41910040,,370,-,,109,109,109,109,109,109,109,109,,10,10,35,35,40,40,40,40,,Immune,Immune,Immune,Immune,Immune,Immune,Immune,,1,1,1,1,1,,30,1,30,2.308,,1,1,1,1,1,1,1,1,1.5,0
"Limgrave - Third Church of Marika, Gaol Cave Exit",Radahn Foot Soldier,43747040,,353,-,,109,109,109,109,109,109,109,109,,0,0,0,-10,0,20,-20,0,,133,133,178,178,178,Immune,Immune,,1,1,1,1,1,,30,1,30,2.308,,1,1,1,1,1,1,1,1,1.5,0
"Limgrave - Third Church of Marika, Gaol Cave Exit",Radahn Soldier,43141140,,461,-,,109,109,109,109,109,109,109,109,,0,0,10,-10,0,20,-20,0,,237,237,237,237,237,Immune,Immune,,1,1,1,1,1,,30,1,30,2.308,,1,1,1,1,1,1,1,1,1.5,0
"Limgrave - Third Church of Marika, Gaol Cave Exit",Redmane Kngiht,43542040,,"1,385",-,,109,109,109,109,109,109,109,109,,10,10,35,0,20,40,0,20,,237,237,326,326,237,Immune,Immune,,1,1,1,1,1,,65,1,65,5,,1,1,1,1,1,1,1,1,1.5,0
Limgrave - Waypoint Ruins,Giant Miranda Sprout,44800010,,"2,212",-,,101,101,101,101,101,101,101,101,,0,35,-40,0,0,-40,40,40,,"1,093",508,508,127,226,Immune,Immune,,1,1,1,1,1,,100,1,100,7.692,,1,1,1,1,1,1,1,1,1.5,1
Limgrave - Waypoint Ruins,Godrick Foot Soldier,43711010,,167,-,,101,101,101,101,101,101,101,101,,0,0,0,-10,0,0,-20,0,,127,127,169,169,169,Immune,Immune,,1,1,1,1,1,,30,1,30,2.308,,1,1,1,1,1,1,1,1,1.5,0
Limgrave - Waypoint Ruins,Mad Pumpkin Head (Flail) [Boss],43400910,,"1,328",-,,101,101,101,101,101,101,101,101,,0,10,-10,0,0,0,-20,0,,226,226,169,169,310,Immune,Immune,,0.7,0.7,0.7,1,1,,65,1,65,5,,1,1,1,1,1,1,1,1,0.2,1
Limgrave - Waypoint Ruins,Miranda Sprout,44810010,,135,-,,101,101,101,101,101,101,101,101,,-10,10,-40,-10,-20,-40,20,20,,"1,093",508,508,127,226,Immune,Immune,,1,1,1,1,1,,30,1,30,2.308,,1,1,1,1,1,1,1,1,1.5,1
Limgrave - Waypoint Ruins,Sorceress Sellen (Shop),502160310,,"2,212",-,,101,101,101,101,101,101,101,101,,0,0,0,0,0,0,0,0,,Immune,Immune,Immune,Immune,Immune,Immune,Immune,,1,1,1,1,1,,-1,1,∞,0,,1,1,1,1,1,1,1,1,1.5,0
Limgrave - Waypoint Ruins,Wandering Noble,43000010,,96,-,,101,101,101,101,101,101,101,101,,-10,-10,-10,-10,-20,-20,-20,0,,127,127,169,169,169,Immune,Immune,,1,1,1,1,1,,30,1,30,2.308,,1,1,1,1,1,1,1,1,1.5,0
Limgrave - Waypoint Ruins,Wandering Noble,43002410,,96,-,,101,101,101,101,101,101,101,101,,-10,-10,-10,-10,-20,-20,-20,0,,127,127,169,169,169,Immune,Immune,,1,1,1,1,1,,30,1,30,2.308,,1,1,1,1,1,1,1,1,1.5,0
Limgrave Tunnels,Starved Dog,41610010,,184,-,,101,101,101,101,101,101,101,101,,-10,-10,-40,-10,-20,-40,-20,-20,,169,169,169,226,169,Immune,Immune,,1,1,1,1,1,,30,1,30,2.308,,1,1,1,1,1,1,1,1,1.5,0
Limgrave Tunnels,Stonedigger Troll [Boss],46030910,,"1,295",-,,101,101,101,101,101,101,101,101,,35,10,35,35,0,20,20,0,,508,310,310,310,40,Immune,Immune,,0.7,0.7,0.7,1,1,,45,1,45,3.462,,1,1,1,1,1,1,1,1,2,1
Limgrave Tunnels,Tunnel Miner,43820010,,106,-,,101,101,101,101,101,101,101,101,,80,35,80,80,20,40,40,20,,508,310,310,310,226,Immune,Immune,,1,1,1,1,1,,65,1,65,5,,1,1,1,1,1,1,1,1,1.5,0
Limgrave Tunnels,Tunnel Miner,43821010,,106,-,,101,101,101,101,101,101,101,101,,80,35,80,80,20,40,40,20,,508,310,310,310,226,Immune,Immune,,1,1,1,1,1,,65,1,65,5,,1,1,1,1,1,1,1,1,1.5,0
Limgrave Tunnels,Tunnel Miner,43822010,,106,-,,101,101,101,101,101,101,101,101,,80,35,80,80,20,40,40,20,,508,310,310,310,226,Immune,Immune,,1,1,1,1,1,,65,1,65,5,,1,1,1,1,1,1,1,1,1.5,0
Limgrave Tunnels,Tunnel Miner,43823010,,106,-,,101,101,101,101,101,101,101,101,,80,35,80,80,20,40,40,20,,508,310,310,310,226,Immune,Immune,,1,1,1,1,1,,65,1,65,5,,1,1,1,1,1,1,1,1,1.5,0
"Liurnia - Liurnia Highway South Endpoint, Path to Stormhill",Troll Knight,46001120,,"3,582",-,,107,107,107,107,107,107,107,107,,0,0,-10,0,0,0,0,0,,235,235,235,324,42,Immune,Immune,,1,1,1,1,1,,45,1,45,3.462,,1,1,1,1,1,1,1,1,2,1
"Liurnia of the Lakes - Artist's Shack, Eastern Liurnia Lake Shore",Bloodthorn Exile,43810020,,367,-,,107,107,107,107,107,107,107,107,,-10,-10,-10,-10,0,20,0,0,,132,132,530,235,235,Immune,Immune,,1,1,1,1,1,,30,1,30,2.308,,1,1,1,1,1,1,1,1,1.5,0
"Liurnia of the Lakes - Artist's Shack, Eastern Liurnia Lake Shore",Slug (Fire),40403020,,237,-,,107,107,107,107,107,107,107,107,,-10,-10,-40,-10,-20,100,-40,-20,,132,132,Immune,132,Immune,Immune,Immune,,1,1,1,1,1,,30,1,30,2.308,,1,1,1,1,1,1,1,1,1.5,1
"Liurnia of the Lakes - Behind Caria Manor, Royal Grave Evergaol, Part of Ravine",Onyx Lord [Boss],36001920,,"4,058",-,,110,110,110,110,110,110,110,110,,10,10,10,10,20,20,20,20,,329,329,329,Immune,239,Immune,Immune,,0.7,1,1,1,1,,65,1,65,5,,1,1,1,1,1,1,1,1,1.5,0
"Liurnia of the Lakes - Behind Caria Manor, Royal Grave Evergaol, Part of Ravine",Red Wolf,31810020,,"2,204",-,,107,107,107,107,107,107,107,107,,0,0,-10,0,40,20,20,20,,324,324,530,530,324,Immune,Immune,,1,1,1,1,1,,120,1,120,9.231,,1,1,1,1,1,1,1,1,1.5,0
"Liurnia of the Lakes - Behind Caria Manor, Royal Grave Evergaol, Part of Ravine",Wandering Noble,43007120,,192,-,,107,107,107,107,107,107,107,107,,-10,-10,-10,-10,-20,-20,-20,0,,Immune,Immune,Immune,Immune,Immune,Immune,Immune,,1,1,1,1,1,,30,1,30,2.308,,1,1,1,1,1,1,1,1,1.5,0
"Liurnia of the Lakes - Boilprawn Shack, Fallen Ruins of the Lake",Albinauric,34704020,,559,-,,107,107,107,107,107,107,107,107,,-10,10,-10,-10,0,20,-20,-40,,Immune,324,176,176,176,Immune,Immune,,1,1,1,1,1,,30,1,30,2.308,,1,1,1,1,1,1,1,1,1.5,0
Liurnia of the Lakes - Caria Manor,Abductor Virgin (Wheel),44701021,,"3,213",-,,107,107,107,107,107,107,107,107,,10,0,10,10,0,20,-20,20,,Immune,Immune,Immune,Immune,Immune,Immune,Immune,,1,1,1,1,1,,65,0,∞,5,,1,1,1,1,1,1,1,1,2,1
Liurnia of the Lakes - Caria Manor,Albinauric Lookout,36701021,,367,-,,107,107,107,107,107,107,107,107,,-10,-10,-10,-10,20,-20,-20,-40,,Immune,176,176,176,235,Immune,Immune,,1,1,1,1,1,,30,1,30,2.308,,1,1,1,1,1,1,1,1,1.5,0
Liurnia of the Lakes - Caria Manor,Albinauric Lookout,36701121,,367,-,,107,107,107,107,107,107,107,107,,-10,-10,-10,-10,20,-20,-20,-40,,Immune,176,176,176,235,Immune,Immune,,1,1,1,1,1,,30,1,30,2.308,,1,1,1,1,1,1,1,1,1.5,0
Liurnia of the Lakes - Caria Manor,Albinauric Lookout,36709020,,716,-,,107,107,107,107,107,107,107,107,,-10,-10,-10,-10,-20,-20,-20,-40,,Immune,176,176,176,235,Immune,Immune,,1,1,1,1,1,,30,1,30,2.308,,1,1,1,1,1,1,1,1,1.5,0
Liurnia of the Lakes - Caria Manor,Albinauric Lookout,36709920,,367,-,,107,107,107,107,107,107,107,107,,-10,-10,-10,-10,-20,-20,-20,-40,,Immune,176,176,176,235,Immune,Immune,,1,1,1,1,1,,30,1,30,2.308,,1,1,1,1,1,1,1,1,1.5,0
Liurnia of the Lakes - Caria Manor,Armored Troll Knight,46018021,,"4,307",-,,107,107,107,107,107,107,107,107,,0,0,-10,0,20,0,0,0,,235,235,235,324,42,Immune,Immune,,1,1,1,1,1,,65,1,65,5,,1,1,1,1,1,1,1,1,1,1
Liurnia of the Lakes - Caria Manor,Cerulean Teardrop Scarab,41911010,,175,-,,101,101,101,101,101,101,101,101,,10,10,35,35,40,40,40,40,,Immune,Immune,Immune,Immune,Immune,Immune,Immune,,1,1,1,1,1,,30,1,30,2.308,,1,1,1,1,1,1,1,1,1.5,0
Liurnia of the Lakes - Caria Manor,Direwolf,31800021,,"1,753",-,,107,107,107,107,107,107,107,107,,0,0,-10,0,0,-20,0,0,,235,235,324,530,Immune,Immune,Immune,,1,1,1,1,1,,50,1,50,3.846,,1,1,1,1,1,1,1,1,1.5,0
Liurnia of the Lakes - Caria Manor,Ghost,500000020,,"1,939",-,,100,100,100,100,100,100,100,100,,0,0,0,0,0,0,0,0,,Immune,Immune,Immune,Immune,Immune,Immune,Immune,,1,1,1,1,1,,-1,1,∞,0,,1,1,1,1,1,1,1,1,1.5,0
Liurnia of the Lakes - Caria Manor,Giant Crab (Clean),22740021,,808,-,,107,107,107,107,107,107,107,107,,35,0,35,35,20,20,20,-40,,Immune,324,324,176,176,Immune,Immune,,1,1,1,1,1,,80,1,80,6.154,,1,1,1,1,1,1,1,1,1.5,0
Liurnia of the Lakes - Caria Manor,Large Fingercreeper,42407021,,"1,692",-,,107,107,107,107,107,107,107,107,,-10,-10,-40,-10,0,0,0,0,,235,235,176,235,Immune,Immune,Immune,,1,1,1,1,1,,65,1,65,5,,1,1,1,1,1,1,1,1,1.5,1
Liurnia of the Lakes - Caria Manor,Large Fingercreeper,42407121,,"1,692",-,,107,107,107,107,107,107,107,107,,-10,-10,-40,-10,0,0,0,0,,235,235,176,235,Immune,Immune,Immune,,1,1,1,1,1,,65,1,65,5,,1,1,1,1,1,1,1,1,1.5,1
Liurnia of the Lakes - Caria Manor,Large Fingercreeper,42407221,,"1,692",-,,107,107,107,107,107,107,107,107,,-10,-10,-40,-10,0,0,0,0,,235,235,176,235,Immune,Immune,Immune,,1,1,1,1,1,,65,1,65,5,,1,1,1,1,1,1,1,1,1.5,1
Liurnia of the Lakes - Caria Manor,Large Fingercreeper,42407321,,"1,692",-,,107,107,107,107,107,107,107,107,,-10,-10,-40,-10,0,0,0,0,,235,235,176,235,Immune,Immune,Immune,,1,1,1,1,1,,65,1,65,5,,1,1,1,1,1,1,1,1,1.5,1
Liurnia of the Lakes - Caria Manor,Large Fingercreeper,42407421,,"1,692",-,,107,107,107,107,107,107,107,107,,-10,-10,-40,-10,0,0,0,0,,235,235,176,235,Immune,Immune,Immune,,1,1,1,1,1,,65,1,65,5,,1,1,1,1,1,1,1,1,1.5,1
Liurnia of the Lakes - Caria Manor,Large Fingercreeper,42407521,,"1,692",-,,107,107,107,107,107,107,107,107,,-10,-10,-40,-10,0,0,0,0,,235,235,176,235,Immune,Immune,Immune,,1,1,1,1,1,,65,1,65,5,,1,1,1,1,1,1,1,1,1.5,1
Liurnia of the Lakes - Caria Manor,Large Fingercreeper,42407621,,"1,692",-,,107,107,107,107,107,107,107,107,,-10,-10,-40,-10,0,0,0,0,,235,235,176,235,Immune,Immune,Immune,,1,1,1,1,1,,65,1,65,5,,1,1,1,1,1,1,1,1,1.5,1
Liurnia of the Lakes - Caria Manor,Large Fingercreeper,42407721,,"1,692",-,,107,107,107,107,107,107,107,107,,-10,-10,-40,-10,0,0,0,0,,235,235,176,235,Immune,Immune,Immune,,1,1,1,1,1,,65,1,65,5,,1,1,1,1,1,1,1,1,1.5,1
Liurnia of the Lakes - Caria Manor,Large Fingercreeper,42407821,,"1,692",-,,107,107,107,107,107,107,107,107,,-10,-10,-40,-10,0,0,0,0,,235,235,176,235,Immune,Immune,Immune,,1,1,1,1,1,,65,1,65,5,,1,1,1,1,1,1,1,1,1.5,1
Liurnia of the Lakes - Caria Manor,Large Fingercreeper,42408021,,"1,692",-,,107,107,107,107,107,107,107,107,,-10,-10,-40,-10,0,0,0,0,,235,235,176,235,Immune,Immune,Immune,,1,1,1,1,1,,65,1,65,5,,1,1,1,1,1,1,1,1,1.5,1
Liurnia of the Lakes - Caria Manor,Large Fingercreeper,42408121,,"1,692",-,,107,107,107,107,107,107,107,107,,-10,-10,-40,-10,0,0,0,0,,235,235,176,235,Immune,Immune,Immune,,1,1,1,1,1,,65,1,65,5,,1,1,1,1,1,1,1,1,1.5,1
Liurnia of the Lakes - Caria Manor,Large Fingercreeper,42408221,,"1,692",-,,107,107,107,107,107,107,107,107,,-10,-10,-40,-10,0,0,0,0,,235,235,176,235,Immune,Immune,Immune,,1,1,1,1,1,,65,1,65,5,,1,1,1,1,1,1,1,1,1.5,1
Liurnia of the Lakes - Caria Manor,Large Fingercreeper,42408321,,"1,692",-,,107,107,107,107,107,107,107,107,,-10,-10,-40,-10,0,0,0,0,,235,235,176,235,Immune,Immune,Immune,,1,1,1,1,1,,65,1,65,5,,1,1,1,1,1,1,1,1,1.5,1
Liurnia of the Lakes - Caria Manor,Large Fingercreeper,42408421,,"1,692",-,,107,107,107,107,107,107,107,107,,-10,-10,-40,-10,0,0,0,0,,235,235,176,235,Immune,Immune,Immune,,1,1,1,1,1,,65,1,65,5,,1,1,1,1,1,1,1,1,1.5,1
Liurnia of the Lakes - Caria Manor,Large Fingercreeper,42408521,,"1,692",-,,107,107,107,107,107,107,107,107,,-10,-10,-40,-10,0,0,0,0,,235,235,176,235,Immune,Immune,Immune,,1,1,1,1,1,,65,1,65,5,,1,1,1,1,1,1,1,1,1.5,1
Liurnia of the Lakes - Caria Manor,Large Fingercreeper,42408821,,"1,692",-,,107,107,107,107,107,107,107,107,,-10,-10,-40,-10,0,0,0,0,,235,235,176,235,Immune,Immune,Immune,,1,1,1,1,1,,65,1,65,5,,1,1,1,1,1,1,1,1,1.5,1
Liurnia of the Lakes - Caria Manor,Living Jar,44910021,,339,-,,107,107,107,107,107,107,107,107,,10,-40,35,35,0,20,20,20,,Immune,Immune,Immune,Immune,176,Immune,Immune,,1,1,1,1,1,,30,1,30,2.308,,1,1,1,1,1,1,1,1,1.5,1
Liurnia of the Lakes - Caria Manor,Living Jar (Large),44907021,,"1,017",-,,107,107,107,107,107,107,107,107,,10,-40,35,35,0,20,20,20,,Immune,Immune,Immune,Immune,235,Immune,Immune,,1,1,1,1,1,,65,1,65,5,,1,1,1,1,1,1,1,1,1.5,1
Liurnia of the Lakes - Caria Manor,Living Jar (Large),44907121,,"1,017",-,,107,107,107,107,107,107,107,107,,10,-40,35,35,0,20,20,20,,Immune,Immune,Immune,Immune,235,Immune,Immune,,1,1,1,1,1,,65,1,65,5,,1,1,1,1,1,1,1,1,1.5,1
Liurnia of the Lakes - Caria Manor,Living Jar (Large),44907221,,"1,017",-,,107,107,107,107,107,107,107,107,,10,-40,35,35,0,20,20,20,,Immune,Immune,Immune,Immune,235,Immune,Immune,,1,1,1,1,1,,65,1,65,5,,1,1,1,1,1,1,1,1,1.5,1
Liurnia of the Lakes - Caria Manor,Noble's Page,37030021,,799,-,,107,107,107,107,107,107,107,107,,0,10,0,0,0,0,0,0,,176,176,235,235,235,Immune,Immune,,1,1,1,1,1,,65,1,65,5,,1,1,1,1,1,1,1,1,1.5,0
Liurnia of the Lakes - Caria Manor,Raya Lucaria Scholar,37022021,,605,-,,107,107,107,107,107,107,107,107,,-10,0,-10,-10,40,20,20,0,,176,176,176,176,235,Immune,Immune,,1,1,1,1,1,,30,1,30,2.308,,1,1,1,1,1,1,1,1,1.5,0
Liurnia of the Lakes - Caria Manor,Raya Lucaria Soldier,43120021,,435,-,,107,107,107,107,107,107,107,107,,0,0,10,-10,20,0,-20,0,,Immune,Immune,Immune,Immune,235,Immune,Immune,,1,1,1,1,1,,30,1,30,2.308,,1,1,1,1,1,1,1,1,1.5,0
Liurnia of the Lakes - Caria Manor,Raya Lucaria Soldier,43120321,,435,-,,107,107,107,107,107,107,107,107,,0,0,10,-10,20,0,-20,0,,Immune,Immune,Immune,Immune,235,Immune,Immune,,1,1,1,1,1,,30,1,30,2.308,,1,1,1,1,1,1,1,1,1.5,0
Liurnia of the Lakes - Caria Manor,Raya Lucaria Soldier,43121021,,435,-,,107,107,107,107,107,107,107,107,,0,0,10,-10,20,0,-20,0,,Immune,Immune,Immune,Immune,235,Immune,Immune,,1,1,1,1,1,,30,1,30,2.308,,1,1,1,1,1,1,1,1,1.5,0
Liurnia of the Lakes - Caria Manor,Raya Lucaria Soldier,43121321,,435,-,,107,107,107,107,107,107,107,107,,0,0,10,-10,20,0,-20,0,,Immune,Immune,Immune,Immune,235,Immune,Immune,,1,1,1,1,1,,30,1,30,2.308,,1,1,1,1,1,1,1,1,1.5,0
Liurnia of the Lakes - Caria Manor,Raya Lucaria Soldier,43121820,,435,-,,107,107,107,107,107,107,107,107,,0,0,10,-10,20,0,-20,0,,Immune,Immune,Immune,Immune,235,Immune,Immune,,1,1,1,1,1,,30,1,30,2.308,,1,1,1,1,1,1,1,1,1.5,0
Liurnia of the Lakes - Caria Manor,Raya Lucaria Soldier,43122021,,435,-,,107,107,107,107,107,107,107,107,,0,0,10,-10,20,0,-20,0,,Immune,Immune,Immune,Immune,235,Immune,Immune,,1,1,1,1,1,,30,1,30,2.308,,1,1,1,1,1,1,1,1,1.5,0
Liurnia of the Lakes - Caria Manor,Raya Lucaria Soldier,43123021,,435,-,,107,107,107,107,107,107,107,107,,0,0,10,-10,20,0,-20,0,,Immune,Immune,Immune,Immune,235,Immune,Immune,,1,1,1,1,1,,30,1,30,2.308,,1,1,1,1,1,1,1,1,1.5,0
Liurnia of the Lakes - Caria Manor,Royal Knight Loretta [Boss],32520921,,"4,214",-,,107,107,107,107,107,107,107,107,,10,10,10,10,40,40,0,20,,Immune,Immune,Immune,Immune,Immune,Immune,Immune,,1,1,1,1,1,,80,1,80,6.154,,1,1,1,1,1,1,1,1,1.5,0
Liurnia of the Lakes - Caria Manor,Skeleton (Curved Sword),35000020,,335,-,,107,107,107,107,107,107,107,107,,0,-40,10,35,0,20,40,-40,,Immune,235,Immune,Immune,Immune,Immune,Immune,,1,1,1,1,1,,30,1,30,2.308,,0,1,1,1,1,1,1,1,1.5,0
Liurnia of the Lakes - Caria Manor,Skeleton (Curved Sword),35002020,,335,-,,107,107,107,107,107,107,107,107,,0,-40,10,35,0,20,40,-40,,Immune,235,Immune,Immune,Immune,Immune,Immune,,1,1,1,1,1,,30,1,30,2.308,,0,1,1,1,1,1,1,1,1.5,0
Liurnia of the Lakes - Caria Manor,Small Fingercreeper,42500021,,237,-,,107,107,107,107,107,107,107,107,,-10,-10,-40,-10,0,0,0,0,,235,235,176,235,Immune,Immune,Immune,,1,1,1,1,1,,30,1,30,2.308,,1,1,1,1,1,1,1,1,1.5,0
Liurnia of the Lakes - Caria Manor,Stone Teardrop Scarab,41913020,,348,-,,107,107,107,107,107,107,107,107,,10,10,35,35,40,40,40,40,,Immune,Immune,Immune,Immune,Immune,Immune,Immune,,1,1,1,1,1,,30,1,30,2.308,,1,1,1,1,1,1,1,1,1.5,0
Liurnia of the Lakes - Caria Manor,Wandering Noble,43001021,,192,-,,107,107,107,107,107,107,107,107,,-10,-10,-10,-10,-20,-20,-20,0,,132,132,176,176,176,Immune,Immune,,1,1,1,1,1,,30,1,30,2.308,,1,1,1,1,1,1,1,1,1.5,0
Liurnia of the Lakes - Caria Manor,Wandering Noble,43002021,,192,-,,107,107,107,107,107,107,107,107,,-10,-10,-10,-10,-20,-20,-20,0,,132,132,176,176,176,Immune,Immune,,1,1,1,1,1,,30,1,30,2.308,,1,1,1,1,1,1,1,1,1.5,0
Liurnia of the Lakes - Caria Manor,Wandering Noble,43005020,,192,-,,107,107,107,107,107,107,107,107,,-10,-10,-10,-10,-20,-20,-20,0,,132,132,176,176,176,Immune,Immune,,1,1,1,1,1,,30,1,30,2.308,,1,1,1,1,1,1,1,1,1.5,0
Liurnia of the Lakes - Church of Vows,Basin of Atonement,503300020,,"1,939",-,,100,100,100,100,100,100,100,100,,0,0,0,0,0,0,0,0,,Immune,Immune,Immune,Immune,Immune,Immune,Immune,,1,1,1,1,1,,-1,1,∞,0,,1,1,1,1,1,1,1,1,1.5,0
Liurnia of the Lakes - Church of Vows,Bell Bearing Hunter [Boss],31000020,,"4,050",-,,110,110,110,110,110,110,110,110,,35,35,35,10,40,40,20,40,,329,329,539,539,329,Immune,Immune,,0.7,0.7,1,1,1,,80,1,80,6.154,,1,1,1,1,1,1,1,1,1.5,0
Liurnia of the Lakes - Church of Vows,"Miriel, Pastor of Vows",60910020,,"37,818",-,,100,100,100,100,100,100,100,100,,35,0,35,0,-40,-100,-40,-40,,Immune,Immune,Immune,Immune,Immune,Immune,Immune,,1,1,1,1,1,,-1,1,∞,0,,2,1,1,1,1,1,1,1,1.5,1
Liurnia of the Lakes - Church of Vows,Undead Mariner,30601020,,"1,389",-,,107,107,107,107,107,107,107,107,,0,-40,10,35,0,20,40,-40,,Immune,235,Immune,Immune,Immune,Immune,Immune,,1,1,1,1,1,,55,1,55,4.231,,1,1,1,1,1,1,1,1,1.5,0
Liurnia of the Lakes - Converted Tower,Albinauric,34702120,,382,-,,107,107,107,107,107,107,107,107,,-10,10,-10,-10,0,20,-20,-40,,Immune,324,176,176,176,Immune,Immune,,1,1,1,1,1,,30,1,30,2.308,,1,1,1,1,1,1,1,1,1.5,0
Liurnia of the Lakes - Converted Tower,Albinauric,34715120,,879,-,,107,107,107,107,107,107,107,107,,-10,10,-10,-10,0,20,-20,-40,,Immune,324,176,176,176,Immune,Immune,,1,1,1,1,1,,65,1,65,5,,1,1,1,1,1,1,1,1,1.5,0
Liurnia of the Lakes - Converted Tower,Miranda Sprout,44810220,,269,-,,107,107,107,107,107,107,107,107,,-10,10,-40,-10,40,0,0,20,,"1,140",530,530,132,235,Immune,Immune,,1,1,1,1,1,,30,1,30,2.308,,1,1,1,1,1,1,1,1,1.5,1
Liurnia of the Lakes - Converted Tower,Stone Teardrop Scarab,41915020,,348,-,,107,107,107,107,107,107,107,107,,10,10,35,35,40,40,40,40,,Immune,Immune,Immune,Immune,Immune,Immune,Immune,,1,1,1,1,1,,30,1,30,2.308,,1,1,1,1,1,1,1,1,1.5,0
"Liurnia of the Lakes - Crystalline Woods, Path to the Four Belfries",Revenant (Horseback),40001020,,566,-,,107,107,107,107,107,107,107,107,,0,0,-10,0,0,0,0,40,,324,324,324,324,Immune,Immune,Immune,,1,1,1,1,1,,55,1,55,4.231,,1,1,1,1,1,1,1,1,1.5,0
"Liurnia of the Lakes - Cuckoo's Evergaol, West of Meeting Place",Bat Harpy,42017420,,"1,114",-,,107,107,107,107,107,107,107,107,,-10,-10,-40,-10,0,0,0,0,,235,235,235,235,176,Immune,Immune,,1,1,1,1,1,,30,1,30,2.308,,1,1,1,1,1,1,1,1,1.5,0
"Liurnia of the Lakes - Cuckoo's Evergaol, West of Meeting Place","Bols, Carian Knight [Boss]",46010920,,"5,109",-,,110,110,110,110,110,110,110,110,,0,0,-10,0,20,0,0,0,,239,239,239,329,42,Immune,Immune,,0.7,0.7,1,1,1,,65,1,65,5,,1,1,1,1,1,1,1,1,1,1
"Liurnia of the Lakes - Cuckoo's Evergaol, West of Meeting Place",Lookout Stone,44300020,,394,-,,107,107,107,107,107,107,107,107,,35,10,35,35,40,40,40,40,,Immune,Immune,Immune,Immune,Immune,Immune,Immune,,1,1,1,1,1,,30,1,30,2.308,,1,1,1,1,1,1,1,1,2,0
"Liurnia of the Lakes - Cuckoo's Evergaol, West of Meeting Place",Stone Teardrop Scarab,41915220,,92,-,,107,107,107,107,107,107,107,107,,10,10,35,35,40,40,40,40,,Immune,Immune,Immune,Immune,Immune,Immune,Immune,,1,1,1,1,1,,30,1,30,2.308,,1,1,1,1,1,1,1,1,1.5,0
Liurnia of the Lakes - Eastern Tableland Northeast Cliffside,Gull,60700020,,27,-,,100,100,100,100,100,100,100,100,,-40,-40,-40,-40,-40,-100,-40,-40,,63,63,63,63,63,Immune,Immune,,1,1,1,1,1,,-1,1,∞,0,,1,1,1,1,1,1,1,1,1.5,0
"Liurnia of the Lakes - Eastern Tableland, Ainsel River Well",Commoner (Sword),36600020,,237,-,,107,107,107,107,107,107,107,107,,-10,-10,-10,-10,-20,-20,-20,0,,132,132,176,176,176,Immune,Immune,,1,1,1,1,1,,30,1,30,2.308,,1,1,1,1,1,1,1,1,1.5,0
"Liurnia of the Lakes - Eastern Tableland, Ainsel River Well",Flamethrower Tank,44607120,,992,-,,107,107,107,107,107,107,107,107,,10,0,10,10,20,40,20,20,,530,530,324,530,235,Immune,Immune,,1,1,1,1,1,,80,1,80,6.154,,1,0.1,0.1,0.1,0.1,0.1,0.1,0.1,1,1
"Liurnia of the Lakes - Eastern Tableland, Ainsel River Well",Golem,46606020,,"11,864",-,,107,107,107,107,107,107,107,107,,10,0,10,10,20,40,40,40,,Immune,Immune,Immune,Immune,Immune,Immune,Immune,,1,1,1,1,1,,120,0.4096,292.969,9.231,,1,1,1,1,1,1,1,1,2.5,1
"Liurnia of the Lakes - Far West Gate Town, North Rose Church",Dragon-faced Flamethrower,81100020,,999,-,,107,107,107,107,107,107,107,107,,35,10,35,35,40,40,40,40,,Immune,Immune,Immune,Immune,Immune,Immune,Immune,,1,1,1,1,1,,-1,1,∞,504.95,,1,1,1,1,1,1,1,1,1.5,0
"Liurnia of the Lakes - Far West Gate Town, North Rose Church",Flamethrower Tank,44607020,,992,-,,107,107,107,107,107,107,107,107,,10,0,10,10,20,40,20,20,,530,530,324,530,235,Immune,Immune,,1,1,1,1,1,,80,1,80,6.154,,1,0.1,0.1,0.1,0.1,0.1,0.1,0.1,1,1
"Liurnia of the Lakes - Far West Gate Town, North Rose Church",Raya Lucaria Foot Soldier,43721820,,333,-,,107,107,107,107,107,107,107,107,,0,0,0,-10,20,0,-20,0,,132,132,176,176,176,Immune,Immune,,1,1,1,1,1,,30,1,30,2.308,,1,1,1,1,1,1,1,1,1.5,0
"Liurnia of the Lakes - Far West Gate Town, North Rose Church",Raya Lucaria Soldier,43120320,,435,-,,107,107,107,107,107,107,107,107,,0,0,10,-10,20,0,-20,0,,176,176,235,235,235,Immune,Immune,,1,1,1,1,1,,30,1,30,2.308,,1,1,1,1,1,1,1,1,1.5,0
"Liurnia of the Lakes - Far West Gate Town, North Rose Church",Sanguine Noble,35500020,,"1,318",-,,107,107,107,107,107,107,107,107,,0,0,-10,0,20,40,20,20,,235,235,176,235,324,Immune,Immune,,1,1,1,1,1,,65,1,65,5,,1,1,1,1,1,1,1,1,1.5,0
"Liurnia of the Lakes - Folly on the Lake, South Rose Church",Albinauric,34703020,,382,-,,107,107,107,107,107,107,107,107,,-10,10,-10,-10,0,20,-20,-40,,Immune,324,176,176,176,Immune,Immune,,1,1,1,1,1,,30,1,30,2.308,,1,1,1,1,1,1,1,1,1.5,0
"Liurnia of the Lakes - Folly on the Lake, South Rose Church",Giant Crayfish,44200120,,"1,985",-,,107,107,107,107,107,107,107,107,,10,0,35,10,20,20,20,20,,324,324,324,176,176,Immune,Immune,,1,1,1,1,1,,80,0.5,160,6.154,,1,1,1,1,1,1,1,1,4,1
"Liurnia of the Lakes - Folly on the Lake, South Rose Church",Grafted Scion,46900020,,"2,596",-,,107,107,107,107,107,107,107,107,,0,0,-10,0,20,20,20,20,,324,324,235,235,235,Immune,Immune,,1,1,1,1,1,,80,1,80,6.154,,1,1,1,1,1,1,1,1,1.5,0
Liurnia of the Lakes - Foot of the Four Belfries,Armored Troll Knight,46010120,,"4,307",-,,107,107,107,107,107,107,107,107,,0,0,-10,0,20,0,0,0,,Immune,Immune,Immune,Immune,Immune,Immune,Immune,,1,1,1,1,1,,65,1,65,5,,1,1,1,1,1,1,1,1,1.5,1
Liurnia of the Lakes - Foot of the Four Belfries,Giant Crayfish,44200020,,"1,985",-,,107,107,107,107,107,107,107,107,,10,0,35,10,20,20,20,20,,324,324,324,176,176,Immune,Immune,,1,1,1,1,1,,80,0.5,160,6.154,,1,1,1,1,1,1,1,1,4,1
Liurnia of the Lakes - Foot of the Four Belfries,Giant Crayfish,44201020,,"1,985",-,,107,107,107,107,107,107,107,107,,10,0,35,10,20,20,20,20,,324,324,324,176,176,Immune,Immune,,1,1,1,1,1,,80,0.5,160,6.154,,1,1,1,1,1,1,1,1,4,1
Liurnia of the Lakes - Foot of the Four Belfries,Jellyfish,41800120,,505,-,,107,107,107,107,107,107,107,107,,0,35,0,0,20,20,-20,0,,Immune,Immune,Immune,Immune,Immune,Immune,Immune,,1,1,1,1,1,,30,1,30,2.308,,1,1,1,1,1,1,1,1,1.5,0
Liurnia of the Lakes - Gate Town Bridge,Bear,60310020,,681,-,,100,100,100,100,100,100,100,100,,-40,-40,-40,-40,-40,-100,-40,-40,,63,63,63,63,63,Immune,Immune,,1,1,1,1,1,,-1,1,∞,0,,1,1,1,1,1,1,1,1,1.5,0
Liurnia of the Lakes - Gate Town Northwest,Death Rite Bird [Boss],49801020,,"6,577",-,,110,110,110,110,110,110,110,110,,10,-40,10,35,20,20,40,-40,,Immune,539,Immune,Immune,Immune,Immune,Immune,,1,1,1,1,1,,120,1,120,9.231,,1,1,1,1,1,1,1,1,1.5,1
Liurnia of the Lakes - Gate Town Northwest,Skeleton (Curved Sword),35004020,,335,-,,107,107,107,107,107,107,107,107,,0,-40,10,35,0,20,40,-40,,Immune,235,Immune,Immune,Immune,Immune,Immune,,1,1,1,1,1,,35,1,35,2.692,,0,1,1,1,1,1,1,1,1.5,0
Liurnia of the Lakes - Gate Town Northwest,Undead Mariner,30600020,,"1,520",-,,107,107,107,107,107,107,107,107,,0,-40,10,35,0,20,40,-40,,Immune,235,Immune,Immune,Immune,Immune,Immune,,1,1,1,1,1,,55,1,55,4.231,,1,1,1,1,1,1,1,1,1.5,0
Liurnia of the Lakes - Gate Town Southwest,Albinauric Frog,34700020,,559,-,,107,107,107,107,107,107,107,107,,-10,10,-10,-10,0,20,-20,-40,,Immune,324,176,176,176,Immune,Immune,,1,1,1,1,1,,30,1,30,2.308,,1,1,1,1,1,1,1,1,1.5,0
Liurnia of the Lakes - Gate Town Southwest,Finger Reader Crone,21601020,,"2,043",-,,107,107,107,107,107,107,107,107,,0,0,0,0,0,-20,0,0,,235,235,235,235,Immune,Immune,Immune,,1,1,1,1,1,,-1,1,∞,0,,1,1,1,1,1,1,1,1,1.5,0
Liurnia of the Lakes - Gate Town Southwest,Raya Lucaria Soldier,43122020,,435,-,,107,107,107,107,107,107,107,107,,0,0,10,-10,20,0,-20,0,,176,176,235,235,235,Immune,Immune,,1,1,1,1,1,,30,1,30,2.308,,1,1,1,1,1,1,1,1,1.5,0
Liurnia of the Lakes - Highway Lookout Tower,Wandering Noble,43000320,,192,-,,107,107,107,107,107,107,107,107,,-10,-10,-10,-10,-20,-20,-20,0,,Immune,Immune,Immune,Immune,176,Immune,Immune,,1,1,1,1,1,,30,1,30,2.308,,1,1,1,1,1,1,1,1,1.5,0
Liurnia of the Lakes - Highway Lookout Tower,Wandering Noble,43001120,,192,-,,107,107,107,107,107,107,107,107,,-10,-10,-10,-10,-20,-20,-20,0,,Immune,Immune,Immune,Immune,176,Immune,Immune,,1,1,1,1,1,,30,1,30,2.308,,1,1,1,1,1,1,1,1,1.5,0
Liurnia of the Lakes - Highway Lookout Tower,Wandering Noble,43002220,,192,-,,107,107,107,107,107,107,107,107,,-10,-10,-10,-10,-20,-20,-20,0,,Immune,Immune,Immune,Immune,176,Immune,Immune,,1,1,1,1,1,,30,1,30,2.308,,1,1,1,1,1,1,1,1,1.5,0
"Liurnia of the Lakes - Jarburg, Divine Tower of Liurnia Entrance",Iron Fist Alexander (Cracked),44909620,,"1,459",-,,111,111,111,111,111,111,111,111,,10,-40,35,35,0,20,20,20,,Immune,Immune,Immune,Immune,Immune,Immune,Immune,,1,1,1,1,1,,80,1,80,6.154,,1,1,1,1,1,1,1,1,1.5,1
"Liurnia of the Lakes - Jarburg, Divine Tower of Liurnia Entrance",Jar Bairn,44919020,,"1,565",-,,107,107,107,107,107,107,107,107,,10,-40,35,35,0,20,20,20,,Immune,Immune,Immune,Immune,176,Immune,Immune,,1,1,1,1,1,,30,1,30,2.308,,1,1,1,1,1,1,1,1,1.5,1
"Liurnia of the Lakes - Jarburg, Divine Tower of Liurnia Entrance",Jar Bairn,44919120,,"2,558",-,,113,113,113,113,113,113,113,113,,10,-40,35,35,0,20,20,20,,Immune,Immune,Immune,Immune,182,Immune,Immune,,1,1,1,1,1,,30,1,30,2.308,,1,1,1,1,1,1,1,1,1.5,1
"Liurnia of the Lakes - Jarburg, Divine Tower of Liurnia Entrance",Jar Bairn,44919220,,"2,558",-,,113,113,113,113,113,113,113,113,,10,-40,35,35,0,20,20,20,,Immune,Immune,Immune,Immune,182,Immune,Immune,,1,1,1,1,1,,30,1,30,2.308,,1,1,1,1,1,1,1,1,1.5,1
"Liurnia of the Lakes - Jarburg, Divine Tower of Liurnia Entrance",Living Jar,44910720,,339,-,,107,107,107,107,107,107,107,107,,73,58,80.5,80.5,70,76,76,76,,Immune,Immune,Immune,Immune,176,Immune,Immune,,1,1,1,1,1,,30,1,30,2.308,,1,1,1,1,1,1,1,1,1.5,1
"Liurnia of the Lakes - Jarburg, Divine Tower of Liurnia Entrance",Living Jar (Large),44908320,,"1,017",-,,107,107,107,107,107,107,107,107,,73,58,80.5,80.5,70,76,76,76,,Immune,Immune,Immune,Immune,235,Immune,Immune,,1,1,1,1,1,,65,1,65,5,,1,1,1,1,1,1,1,1,1.5,1
"Liurnia of the Lakes - Jarburg, Divine Tower of Liurnia Entrance",Living Jar (Large),44908420,,"1,017",-,,107,107,107,107,107,107,107,107,,73,58,80.5,80.5,70,76,76,76,,Immune,Immune,Immune,Immune,235,Immune,Immune,,1,1,1,1,1,,65,1,65,5,,1,1,1,1,1,1,1,1,1.5,1
"Liurnia of the Lakes - Jarburg, Divine Tower of Liurnia Entrance",Skeleton (Curved Sword),35005020,,335,-,,107,107,107,107,107,107,107,107,,0,-40,10,35,0,20,40,-40,,Immune,235,Immune,Immune,Immune,Immune,Immune,,1,1,1,1,1,,30,1,30,2.308,,0,1,1,1,1,1,1,1,1.5,0
"Liurnia of the Lakes - Jarburg, Divine Tower of Liurnia Entrance",Skeleton (Curved Sword),35007020,,335,-,,107,107,107,107,107,107,107,107,,0,-40,10,35,0,20,40,-40,,Immune,235,Immune,Immune,Immune,Immune,Immune,,1,1,1,1,1,,30,1,30,2.308,,0,1,1,1,1,1,1,1,1.5,0
"Liurnia of the Lakes - Jarburg, Divine Tower of Liurnia Entrance",Skeleton (Curved Sword),35008020,,335,-,,107,107,107,107,107,107,107,107,,0,-40,10,35,0,20,40,-40,,Immune,235,Immune,Immune,Immune,Immune,Immune,,1,1,1,1,1,,35,1,35,2.692,,0,1,1,1,1,1,1,1,1.5,0
"Liurnia of the Lakes - Jarburg, Divine Tower of Liurnia Entrance",Tibia Mariner [Boss],49500020,,"5,155",-,,110,110,110,110,110,110,110,110,,10,-40,10,35,20,20,40,-40,,Immune,329,Immune,Immune,Immune,Immune,Immune,,1,1,1,1,1,,80,1,80,6.154,,1,1,1,1,1,1,1,1,1.5,0
"Liurnia of the Lakes - Lake-Facing Cliffs, Stormveil Castle Exit, Stillwater Cave Entrance",Demi-Human Shaman,41109020,,"1,357",-,,107,107,107,107,107,107,107,107,,-10,-10,-40,-10,-20,-20,-20,-20,,176,176,176,176,176,Immune,Immune,,1,1,1,1,1,,30,1,30,2.308,,1,1,1,1,1,1,1,1,1.5,0
"Liurnia of the Lakes - Laskyar Ruins, Malefactor's Evergaol",Nomad Mule,32101520,,"1,692",-,,107,107,107,107,107,107,107,107,,-10,0,-10,-10,0,-20,0,0,,235,235,324,324,Immune,Immune,Immune,,1,1,1,1,1,,30,1,30,2.308,,1,1,1,1,1,1,1,1,1.5,0
"Liurnia of the Lakes - Laskyar Ruins, Malefactor's Evergaol",Nomadic Merchant,32001520,,"2,905",-,,107,107,107,107,107,107,107,107,,-10,0,-10,-10,0,0,0,0,,235,235,235,324,Immune,Immune,Immune,,1,1,1,1,1,,30,1,30,2.308,,1,1,1,1,1,1,1,1,1.5,0
"Liurnia of the Lakes - Laskyar Ruins, Malefactor's Evergaol",Revenant (Cloakless),40000120,,260,-,,107,107,107,107,107,107,107,107,,0,0,-10,0,-20,-20,-20,40,,324,324,324,324,Immune,Immune,Immune,,1,1,1,1,1,,30,1,30,2.308,,1,1,1,1,1,1,1,1,1.5,0
Liurnia of the Lakes - Liurnia Highway Far North,Blaidd the Half-Wolf,20100000,,"1,320",-,,100,100,100,100,100,100,100,100,,10,10,10,0,40,0,20,20,,112,112,154,252,252,Immune,Immune,,1,1,1,1,1,,80,1,80,6.154,,1,1,1,1,1,1,1,1,1.5,0
Liurnia of the Lakes - Liurnia Highway Far North,Crab (Golden Tuffs),22770020,,63,-,,107,107,107,107,107,107,107,107,,10,-40,10,10,0,0,0,0,,176,176,235,132,132,Immune,Immune,,1,1,1,1,1,,30,1,30,2.308,,1,1,1,1,1,1,1,1,1.5,0
Liurnia of the Lakes - Liurnia Highway Far North,Giant Crab (Golden Tuffs),22760020,,808,-,,107,107,107,107,107,107,107,107,,35,0,35,35,20,20,20,20,,324,324,324,176,176,Immune,Immune,,1,1,1,1,1,,80,1,80,6.154,,1,1,1,1,1,1,1,1,1.5,0
Liurnia of the Lakes - Liurnia Highway Far North,Night's Cavalry [Boss],31500020,,"2,704",-,,110,110,110,110,110,110,110,110,,35,35,35,10,40,40,20,40,,329,329,539,539,Immune,Immune,Immune,,0.7,0.7,1,1,1,,80,1,80,6.154,,1,1,1,1,1,1,1,1,1.5,0
Liurnia of the Lakes - Liurnia Highway North,Armored Troll Knight,46010220,,"4,307",-,,107,107,107,107,107,107,107,107,,0,0,-10,0,20,0,0,0,,Immune,Immune,Immune,Immune,42,Immune,Immune,,1,1,1,1,1,,65,1,65,5,,1,1,1,1,1,1,1,1,1,1
"Liurnia of the Lakes - Liurnia Highway South, Purified Ruins, Cliffbottom Catacombs Entrance",Commoner (Corpse),36609520,,237,-,,107,107,107,107,107,107,107,107,,-10,-10,-10,-10,-20,-20,-20,0,,Immune,Immune,Immune,Immune,Immune,Immune,Immune,,1,1,1,1,1,,30,1,30,2.308,,1,1,1,1,1,1,1,1,1.5,0
Liurnia of the Lakes - Liurnia Lake Shore,Raya Lucaria Foot Soldier,43720520,,333,-,,107,107,107,107,107,107,107,107,,0,0,0,-10,20,0,-20,0,,132,132,176,176,176,Immune,Immune,,1,1,1,1,1,,30,1,30,2.308,,1,1,1,1,1,1,1,1,1.5,0
Liurnia of the Lakes - Mausoleum Compound,Giant Miranda Sprout,44800120,,"4,393",-,,107,107,107,107,107,107,107,107,,0,35,-40,0,0,40,40,40,,"1,140",530,530,132,235,Immune,Immune,,1,1,1,1,1,,100,1,100,7.692,,1,1,1,1,1,1,1,1,1.5,1
Liurnia of the Lakes - Mausoleum Compound,Giant Rat (Frenzied),40900320,,"1,259",-,,107,107,107,107,107,107,107,107,,-10,-10,-40,-10,-20,-40,-20,-20,,324,324,176,235,Immune,Immune,Immune,,1,1,1,1,1,,65,1,65,5,,1,1,1,1,1,1,1,1,1.5,0
Liurnia of the Lakes - Mausoleum Compound,Miranda Sprout,44810120,,269,-,,107,107,107,107,107,107,107,107,,-10,10,-40,-10,-20,40,20,20,,"1,140",530,530,132,235,Immune,Immune,,1,1,1,1,1,,30,1,30,2.308,,1,1,1,1,1,1,1,1,1.5,1
Liurnia of the Lakes - Mausoleum Compound,Rat (Frenzied),40800320,,367,-,,107,107,107,107,107,107,107,107,,-10,-10,-40,-10,-20,-40,-20,-20,,324,324,176,235,Immune,Immune,Immune,,1,1,1,1,1,,30,1,30,2.308,,1,1,1,1,1,1,1,1,1.5,0
"Liurnia of the Lakes - Meeting Place, Academy Crystal Cave Entrance",Cerulean Teardrop Scarab,41911020,,348,-,,107,107,107,107,107,107,107,107,,10,10,35,35,40,40,40,40,,Immune,Immune,Immune,Immune,Immune,Immune,Immune,,1,1,1,1,1,,30,1,30,2.308,,1,1,1,1,1,1,1,1,1.5,0
"Liurnia of the Lakes - Meeting Place, Academy Crystal Cave Entrance",Glintstone Dragon Smarag [Boss],45020920,,"6,069",-,,113,113,113,113,113,113,113,113,,35,35,35,10,80,40,40,40,,548,548,548,548,Immune,Immune,Immune,,0.7,0.7,1,1,1,,120,1,120,9.231,,1,1,1,1,1,1,1,1,1.5,1
"Liurnia of the Lakes - Minor Erdtree, Road's End Catacombs Entrance",Ash Teardrop Scarab,41912020,,348,-,,107,107,107,107,107,107,107,107,,10,10,35,35,40,40,40,40,,Immune,Immune,Immune,Immune,Immune,Immune,Immune,,1,1,1,1,1,,30,1,30,2.308,,1,1,1,1,1,1,1,1,1.5,0
"Liurnia of the Lakes - Minor Erdtree, Road's End Catacombs Entrance",Erdtree Avatar [Boss],48100920,,"4,690",-,,110,110,110,110,110,110,110,110,,10,0,10,10,20,-40,20,40,,329,329,Immune,239,Immune,Immune,Immune,,1,0.7,1,1,1,,120,1,120,9.231,,1,1,1,1,1,1,1,1,1.5,1
"Liurnia of the Lakes - Minor Erdtree, Road's End Catacombs Entrance",Erdtree Guardian,36500020,,333,-,,107,107,107,107,107,107,107,107,,0,10,-10,0,0,-20,40,40,,324,324,235,176,176,Immune,Immune,,1,1,1,1,1,,55,1,55,4.231,,1,1,1,1,1,1,1,1,1.5,0
"Liurnia of the Lakes - Minor Erdtree, Road's End Catacombs Entrance",Goat,60600020,,55,-,,100,100,100,100,100,100,100,100,,-40,-40,-40,-40,-40,-100,-40,-40,,63,63,63,63,63,Immune,Immune,,1,1,1,1,1,,-1,1,∞,0,,1,1,1,1,1,1,1,1,1.5,0
"Liurnia of the Lakes - Minor Erdtree, Road's End Catacombs Entrance",Hawk,60010020,,27,-,,100,100,100,100,100,100,100,100,,-40,-40,-40,-40,-40,-100,-40,-40,,63,63,63,63,63,Immune,Immune,,1,1,1,1,1,,-1,1,∞,0,,1,1,1,1,1,1,1,1,1.5,0
"Liurnia of the Lakes - Minor Erdtree, Road's End Catacombs Entrance",Marionette,38502020,,405,-,,107,107,107,107,107,107,107,107,,0,-10,10,10,0,-20,0,0,,Immune,Immune,Immune,Immune,Immune,Immune,Immune,,1,1,1,1,1,,30,1,30,2.308,,1,1,1,1,1,1,1,1,1,0
"Liurnia of the Lakes - Minor Erdtree, Road's End Catacombs Entrance",Springhare,61000020,,27,-,,100,100,100,100,100,100,100,100,,-40,-40,-40,-40,-40,-100,-40,-40,,63,63,63,63,63,Immune,Immune,,1,1,1,1,1,,-1,1,∞,0,,1,1,1,1,1,1,1,1,1.5,0
Liurnia of the Lakes - North of Gate Town Bridge,Leyndell Knight,43530020,,"2,132",-,,113,113,113,113,113,113,113,113,,10,10,35,0,20,20,40,20,,243,243,334,334,243,Immune,Immune,,1,1,1,1,1,,65,1,65,5,,1,1,1,1,1,1,1,1,1.5,0
Liurnia of the Lakes - North of Sorcerer's Isle,Albinauric,34702320,,382,-,,107,107,107,107,107,107,107,107,,-10,10,-10,-10,0,20,-20,-40,,Immune,324,176,176,176,Immune,Immune,,1,1,1,1,1,,30,1,30,2.308,,1,1,1,1,1,1,1,1,1.5,0
Liurnia of the Lakes - North of Sorcerer's Isle,Albinauric,34704120,,382,-,,107,107,107,107,107,107,107,107,,-10,10,-10,-10,0,20,-20,-40,,Immune,324,176,176,176,Immune,Immune,,1,1,1,1,1,,30,1,30,2.308,,1,1,1,1,1,1,1,1,1.5,0
Liurnia of the Lakes - North of Sorcerer's Isle,Fungal Pod,44400020,,829,-,,107,107,107,107,107,107,107,107,,-10,0,-10,0,-20,-20,-20,-20,,176,176,235,176,Immune,Immune,Immune,,1,1,1,1,1,,30,1,30,2.308,,1,1,1,1,1,1,1,1,1.5,1
"Liurnia of the Lakes - Northern Liurnia Lake Shore, Kingsrealm Ruins",Grey Wolf,40700020,,176,-,,107,107,107,107,107,107,107,107,,-10,-10,-40,-10,-20,-40,-20,-20,,176,176,176,324,176,Immune,Immune,,1,1,1,1,1,,30,1,30,2.308,,1,1,1,1,1,1,1,1,1.5,0
"Liurnia of the Lakes - Northern Liurnia Lake Shore, Kingsrealm Ruins",Royal Revenant [Boss],40200920,,"3,077",-,,107,107,107,107,107,107,107,107,,0,0,-10,0,0,0,0,40,,324,324,324,324,Immune,Immune,Immune,,0.7,0.7,1,1,1,,70,1,70,5.385,,1,1,1,1,1,1,1,1,1.5,0
"Liurnia of the Lakes - Northern Liurnia Lake Shore, Kingsrealm Ruins",Wandering Noble,43002320,,192,-,,107,107,107,107,107,107,107,107,,-10,-10,-10,-10,-20,-20,-20,0,,132,132,176,176,176,Immune,Immune,,1,1,1,1,1,,30,1,30,2.308,,1,1,1,1,1,1,1,1,1.5,0
"Liurnia of the Lakes - Ranni's Rise, Seluvis's Rise",Blaidd the Half-Wolf,20109020,,"2,991",-,,107,107,107,107,107,107,107,107,,10,10,10,0,40,0,20,20,,Immune,Immune,Immune,Immune,Immune,Immune,Immune,,1,1,1,1,1,,80,1,80,6.154,,1,1,1,1,1,1,1,1,1.5,0
"Liurnia of the Lakes - Ranni's Rise, Seluvis's Rise",Blaidd the Half-Wolf,20109120,,"5,445",-,,114,114,114,114,114,114,114,114,,10,10,10,0,40,0,20,20,,245,245,337,552,552,Immune,Immune,,1,1,1,1,1,,80,1,80,6.154,,1,1,1,1,1,1,1,1,1.5,0
"Liurnia of the Lakes - Ranni's Rise, Seluvis's Rise",Deer,60100020,,55,-,,100,100,100,100,100,100,100,100,,-40,-40,-40,-40,-40,-100,-40,-40,,63,63,63,63,63,Immune,Immune,,1,1,1,1,1,,-1,1,∞,0,,1,1,1,1,1,1,1,1,1.5,0
"Liurnia of the Lakes - Ranni's Rise, Seluvis's Rise",Giant Rat,40900020,,"1,259",-,,107,107,107,107,107,107,107,107,,-10,-10,-40,-10,-20,-40,-20,-20,,324,324,176,235,176,Immune,Immune,,1,1,1,1,1,,65,1,65,5,,1,1,1,1,1,1,1,1,1.5,0
"Liurnia of the Lakes - Ranni's Rise, Seluvis's Rise",Glintstone Dragon Adula [Boss],45021920,,"4,405",-,,110,110,110,110,110,110,110,110,,35,35,35,10,80,40,40,40,,539,539,539,539,Immune,Immune,Immune,,0.7,0.7,1,1,1,,120,1,120,9.231,,1,1,1,1,1,1,1,1,1.5,1
"Liurnia of the Lakes - Ranni's Rise, Seluvis's Rise",Miniature Ranni Dialogue (Unused),501060020,,"1,939",-,,100,100,100,100,100,100,100,100,,0,0,0,0,0,0,0,0,,Immune,Immune,Immune,Immune,Immune,Immune,Immune,,1,1,1,1,1,,-1,1,∞,0,,1,1,1,1,1,1,1,1,1.5,0
"Liurnia of the Lakes - Ranni's Rise, Seluvis's Rise",Nox Priest,33000820,,768,-,,107,107,107,107,107,107,107,107,,0,0,-10,0,20,0,0,-20,,324,324,324,324,235,Immune,Immune,,1,1,1,1,1,,65,1,65,5,,1,1,1,1,1,1,1,1,1.5,0
"Liurnia of the Lakes - Ranni's Rise, Seluvis's Rise",Omenkiller,48200820,,972,-,,107,107,107,107,107,107,107,107,,0,0,0,0,20,40,20,20,,530,530,235,235,176,Immune,Immune,,1,1,1,1,1,,75,1,75,5.769,,1,1,1,1,1,1,1,1,1.5,0
"Liurnia of the Lakes - Ranni's Rise, Seluvis's Rise",Ranni the Witch,20500020,,"4,393",-,,107,107,107,107,107,107,107,107,,0,0,0,0,40,20,20,20,,Immune,Immune,Immune,Immune,Immune,Immune,Immune,,1,1,1,1,1,,70,1,70,5.385,,1,1,1,1,1,1,1,1,1.5,0
"Liurnia of the Lakes - Ranni's Rise, Seluvis's Rise",Troll Knight (Confessor),46040120,,"4,337",-,,107,107,107,107,107,107,107,107,,0,0,0,0,0,0,0,0,,235,235,235,324,"2,102",Immune,Immune,,1,1,1,1,1,,-1,1,∞,0,,1,1,1,1,1,1,1,1,1.5,1
Liurnia of the Lakes - Ravine-Veiled Village; Bellum Highway - Grand Lift of Dectus; Altus Plateau - Altus Plateau; Ruin-Strewn Precipice Entrance,Golem,46600030,,"14,074",-,,110,110,110,110,110,110,110,110,,10,0,10,10,20,40,40,40,,Immune,Immune,Immune,Immune,Immune,Immune,Immune,,1,1,1,1,1,,120,0.4096,292.969,9.231,,1,1,1,1,1,1,1,1,2.5,1
Liurnia of the Lakes - Ravine-Veiled Village; Bellum Highway - Grand Lift of Dectus; Altus Plateau - Altus Plateau; Ruin-Strewn Precipice Entrance,Golem,46601030,,"6,564",-,,110,110,110,110,110,110,110,110,,10,0,10,10,20,40,40,40,,Immune,Immune,Immune,Immune,Immune,Immune,Immune,,1,1,1,1,1,,120,0.4096,292.969,9.231,,1,1,1,1,1,1,1,1,2.5,1
Liurnia of the Lakes - Ravine-Veiled Village; Bellum Highway - Grand Lift of Dectus; Altus Plateau - Altus Plateau; Ruin-Strewn Precipice Entrance,Wandering Noble (Ghost),43009120,,192,-,,107,107,107,107,107,107,107,107,,-10,-10,-10,-10,-20,-20,-20,0,,Immune,Immune,Immune,Immune,Immune,Immune,Immune,,1,1,1,1,1,,30,1,30,2.308,,1,1,1,1,1,1,1,1,1.5,0
Liurnia of the Lakes - Revenger's Shack,Dragonfly,60800020,,17,-,,100,100,100,100,100,100,100,100,,-40,-40,-10,-40,-40,-100,-40,-40,,84,84,63,20,63,Immune,Immune,,1,1,1,1,1,,-1,1,∞,0,,1,1,1,1,1,1,1,1,1.5,0
Liurnia of the Lakes - Revenger's Shack,Giant Land Octopus,42200020,,"5,272",-,,107,107,107,107,107,107,107,107,,80,80,80,80,40,40,20,40,,235,235,235,132,176,Immune,Immune,,1,1,1,1,1,,65,0.4,162.5,5,,2,1,1,1,1,1,1,1,5,1
Liurnia of the Lakes - Revenger's Shack,Jellyfish,41800020,,505,-,,107,107,107,107,107,107,107,107,,0,35,0,0,20,20,-20,0,,Immune,Immune,Immune,Immune,Immune,Immune,Immune,,1,1,1,1,1,,30,1,30,2.308,,1,1,1,1,1,1,1,1,1.5,0
Liurnia of the Lakes - Revenger's Shack,Scaly Misbegotten,34519020,,"1,203",-,,107,107,107,107,107,107,107,107,,0,0,10,-10,0,-20,0,0,,235,235,235,235,235,Immune,Immune,,1,1,1,1,1,,65,1,65,5,,1,1,1,1,1,1,1,1,1.5,0
Liurnia of the Lakes - Revenger's Shack,Small Land Octopus,42300020,,260,-,,107,107,107,107,107,107,107,107,,0,10,0,0,-20,-20,-40,-20,,176,176,176,42,132,Immune,Immune,,1,1,1,1,1,,30,1,30,2.308,,1,1,1,1,1,1,1,1,1.5,0
Liurnia of the Lakes - Road to the Manor,Black Knife Assassin (Corpse),21009020,,"1,656",-,,107,107,107,107,107,107,107,107,,10,10,10,35,20,20,20,40,,Immune,Immune,Immune,324,Immune,Immune,Immune,,1,1,1,1,1,,80,1,80,6.154,,1,1,1,1,1,1,1,1,1.5,0
Liurnia of the Lakes - Road to the Manor,Small Fingercreeper,42500020,,237,-,,107,107,107,107,107,107,107,107,,-10,-10,-40,-10,0,0,0,0,,235,235,176,235,Immune,Immune,Immune,,1,1,1,1,1,,30,1,30,2.308,,1,1,1,1,1,1,1,1,1.5,0
Liurnia of the Lakes - Road to the Manor,Troll Knight (Confessor),46040020,,"4,337",-,,107,107,107,107,107,107,107,107,,0,0,0,0,0,0,0,0,,235,235,235,324,"2,102",Immune,Immune,,1,1,1,1,1,,-1,1,∞,0,,1,1,1,1,1,1,1,1,1.5,1
Liurnia of the Lakes - Road to the Manor,Troll Knight (Confessor),46040220,,"4,337",-,,107,107,107,107,107,107,107,107,,0,0,0,0,0,0,0,0,,235,235,235,324,"2,102",Immune,Immune,,1,1,1,1,1,,-1,1,∞,0,,1,1,1,1,1,1,1,1,1.5,1
"Liurnia of the Lakes - Ruined Labyrinth, Uld Palace Ruins",Orb of Many Faces,37300120,,"1,343",-,,107,107,107,107,107,107,107,107,,10,10,35,80,80,40,40,20,,Immune,Immune,Immune,Immune,Immune,Immune,Immune,,1,1,1,1,1,,80,1,80,6.154,,1,1,1,1,1,1,1,1,1.5,0
"Liurnia of the Lakes - Ruined Labyrinth, Uld Palace Ruins",Owl,60400020,,27,-,,100,100,100,100,100,100,100,100,,-40,-40,-40,-40,-40,-100,-40,-40,,63,63,63,63,63,Immune,Immune,,1,1,1,1,1,,-1,1,∞,0,,1,1,1,1,1,1,1,1,1.5,0
"Liurnia of the Lakes - Scenic Isle, Laskyar Ruins",Death Rite Bird [Boss],49800020,,"5,588",-,,110,110,110,110,110,110,110,110,,10,-40,10,35,20,20,40,-40,,Immune,539,Immune,Immune,Immune,Immune,Immune,,1,1,1,1,1,,120,1,120,9.231,,1,1,1,1,1,1,1,1,1.5,1
"Liurnia of the Lakes - Scenic Isle, Laskyar Ruins",Royal Revenant,40208020,,"1,538",-,,107,107,107,107,107,107,107,107,,0,0,-10,0,0,0,0,40,,324,324,324,324,Immune,Immune,Immune,,1,1,1,1,1,,70,1,70,5.385,,1,1,1,1,1,1,1,1,1.5,0
"Liurnia of the Lakes - Slumbering Wolf's Shack, Lakeside Crystal Cave Entrance",Bloodthorn Exile,43811020,,367,-,,107,107,107,107,107,107,107,107,,-10,-10,-10,-10,0,20,0,0,,132,132,530,235,235,Immune,Immune,,1,1,1,1,1,,30,1,30,2.308,,1,1,1,1,1,1,1,1,1.5,0
"Liurnia of the Lakes - Slumbering Wolf's Shack, Lakeside Crystal Cave Entrance",Direwolf,31809020,,"1,753",-,,107,107,107,107,107,107,107,107,,0,0,-10,0,0,-20,0,0,,235,235,324,530,Immune,Immune,Immune,,1,1,1,1,1,,50,1,50,3.846,,1,1,1,1,1,1,1,1,1.5,0
"Liurnia of the Lakes - Slumbering Wolf's Shack, Lakeside Crystal Cave Entrance",Fire Monk,39000020,,"1,346",-,,107,107,107,107,107,107,107,107,,0,0,10,0,0,40,20,-20,,324,324,235,530,235,Immune,Immune,,1,1,1,1,1,,65,1,65,5,,1,1,1,1,1,1,1,1,1.5,0
"Liurnia of the Lakes - Slumbering Wolf's Shack, Lakeside Crystal Cave Entrance",Latenna the Albinauric,31709020,,"1,103",-,,107,107,107,107,107,107,107,107,,0,10,0,0,20,0,0,-40,,Immune,235,324,530,235,Immune,Immune,,1,1,1,1,1,,50,1,50,3.846,,1,1,1,1,1,1,1,1,1.5,0
"Liurnia of the Lakes - Sorcerer's Isle West, East Belfry",Raya Lucaria Foot Soldier,43720020,,333,-,,107,107,107,107,107,107,107,107,,0,0,0,-10,20,0,-20,0,,132,132,176,176,176,Immune,Immune,,1,1,1,1,1,,30,1,30,2.308,,1,1,1,1,1,1,1,1,1.5,0
"Liurnia of the Lakes - Sorcerer's Isle West, East Belfry",Raya Lucaria Foot Soldier,43724020,,246,-,,107,107,107,107,107,107,107,107,,0,0,0,-10,20,0,-20,0,,132,132,176,176,176,Immune,Immune,,1,1,1,1,1,,30,1,30,2.308,,1,1,1,1,1,1,1,1,1.5,0
"Liurnia of the Lakes - South of Caria Manor, West of Ravine Entrance",Large Fingercreeper,42407020,,"1,692",-,,107,107,107,107,107,107,107,107,,-10,-10,-40,-10,0,0,0,0,,235,235,176,235,Immune,Immune,Immune,,1,1,1,1,1,,65,1,65,5,,1,1,1,1,1,1,1,1,1.5,1
"Liurnia of the Lakes - South of Caria Manor, West of Ravine Entrance",Wandering Noble,43000020,,192,-,,107,107,107,107,107,107,107,107,,-10,-10,-10,-10,-20,-20,-20,0,,132,132,176,176,176,Immune,Immune,,1,1,1,1,1,,30,1,30,2.308,,1,1,1,1,1,1,1,1,1.5,0
"Liurnia of the Lakes - South of Caria Manor, West of Ravine Entrance",Wandering Noble,43003020,,192,-,,107,107,107,107,107,107,107,107,,-10,-10,-10,-10,-20,-20,-20,0,,132,132,176,176,176,Immune,Immune,,1,1,1,1,1,,30,1,30,2.308,,1,1,1,1,1,1,1,1,1.5,0
"Liurnia of the Lakes - South of Mausoleum Compound, Raya Lucaria Crystal Tunnel Entrance",Ancestral Follower (Axe),33600020,,716,-,,107,107,107,107,107,107,107,107,,-10,0,-10,-10,0,0,0,0,,530,530,530,"1,140",530,Immune,Immune,,1,1,1,1,1,,40,1,40,3.077,,1,1,1,1,1,1,1,1,1.5,0
"Liurnia of the Lakes - South of Mausoleum Compound, Raya Lucaria Crystal Tunnel Entrance",Ancestral Follower (Axe),33600520,,716,-,,107,107,107,107,107,107,107,107,,-10,0,-10,-10,0,0,0,0,,530,530,530,"1,140",530,Immune,Immune,,1,1,1,1,1,,40,1,40,3.077,,1,1,1,1,1,1,1,1,1.5,0
"Liurnia of the Lakes - South of Scenic Isle, East of Slumbering Wolf's Shack",Vulgar Militia (Saw),43210020,,346,-,,107,107,107,107,107,107,107,107,,0,0,0,-10,0,0,-20,0,,Immune,176,235,176,235,Immune,Immune,,1,1,1,1,1,,30,1,30,2.308,,1,1,1,1,1,1,1,1,1.5,0
"Liurnia of the Lakes - South of Scenic Isle, East of Slumbering Wolf's Shack",Vulgar Militia (Shotel),43211020,,346,-,,107,107,107,107,107,107,107,107,,0,0,0,-10,0,0,-20,0,,Immune,176,235,176,235,Immune,Immune,,1,1,1,1,1,,30,1,30,2.308,,1,1,1,1,1,1,1,1,1.5,0
"Liurnia of the Lakes - South of Scenic Isle, East of Slumbering Wolf's Shack",Vulgar Militia (Chain),43212020,,346,-,,107,107,107,107,107,107,107,107,,0,0,0,-10,0,0,-20,0,,Immune,176,235,176,235,Immune,Immune,,1,1,1,1,1,,30,1,30,2.308,,1,1,1,1,1,1,1,1,1.5,0
"Liurnia of the Lakes - South of Scenic Isle, East of Slumbering Wolf's Shack",Wandering Noble,43001020,,192,-,,107,107,107,107,107,107,107,107,,-10,-10,-10,-10,-20,-20,-20,0,,132,132,176,176,176,Immune,Immune,,1,1,1,1,1,,30,1,30,2.308,,1,1,1,1,1,1,1,1,1.5,0
Liurnia of the Lakes - South Raya Lucaria Gate,Abductor Virgin (Scythe),44700020,,"3,213",-,,107,107,107,107,107,107,107,107,,10,0,10,10,0,20,-20,20,,Immune,Immune,Immune,Immune,Immune,Immune,Immune,,1,1,1,1,1,,65,0,∞,5,,1,1,1,1,1,1,1,1,2,1
Liurnia of the Lakes - South Raya Lucaria Gate,Bloodhound Knight,42900020,,992,-,,107,107,107,107,107,107,107,107,,10,10,10,0,0,0,-20,0,,324,324,324,324,235,Immune,Immune,,1,1,1,1,1,,65,1,65,5,,1,1,1,1,1,1,1,1,1.5,0
Liurnia of the Lakes - South Raya Lucaria Gate,Isolated Merchant,32001720,,"2,905",-,,107,107,107,107,107,107,107,107,,-10,0,-10,-10,0,0,0,0,,235,235,235,324,Immune,Immune,Immune,,1,1,1,1,1,,30,1,30,2.308,,1,1,1,1,1,1,1,1,1.5,0
Liurnia of the Lakes - South Raya Lucaria Gate,Nomad Mule,32101720,,"1,692",-,,107,107,107,107,107,107,107,107,,-10,0,-10,-10,0,-20,0,0,,235,235,324,324,Immune,Immune,Immune,,1,1,1,1,1,,30,1,30,2.308,,1,1,1,1,1,1,1,1,1.5,0
Liurnia of the Lakes - South Raya Lucaria Gate,Runebear,46300020,,"5,857",-,,107,107,107,107,107,107,107,107,,0,0,-10,0,0,-20,0,0,,324,324,530,530,176,Immune,Immune,,1,1,1,1,1,,80,1,80,6.154,,1,1,1,1,1,1,1,1,1.5,0
Liurnia of the Lakes - South Raya Lucaria Gate,Turtle,60900020,,378,-,,100,100,100,100,100,100,100,100,,35,0,35,0,-40,-100,-40,-40,,63,63,63,63,63,Immune,Immune,,1,1,1,1,1,,-1,1,∞,0,,2,1,1,1,1,1,1,1,1.5,1
Liurnia of the Lakes - South Raya Lucaria Gate,White Wolf,40710020,,926,-,,107,107,107,107,107,107,107,107,,-10,-10,-40,-10,-20,-40,-20,-20,,176,176,176,324,176,Immune,Immune,,1,1,1,1,1,,50,1,50,3.846,,1,1,1,1,1,1,1,1,1.5,0
"Liurnia of the Lakes - Southeast Ravine, Lake at Caria Manor Entrance; Bellum Highway - Bellum Church",Ash Huge Teardrop Scarab,41922020,,614,-,,107,107,107,107,107,107,107,107,,10,10,35,35,40,40,40,40,,Immune,Immune,Immune,Immune,Immune,Immune,Immune,,1,1,1,1,1,,80,1,80,6.154,,1,1,1,1,1,1,1,1,1.5,0
"Liurnia of the Lakes - Southeast Ravine, Lake at Caria Manor Entrance; Bellum Highway - Bellum Church",Giant Fungal Pod (Poison),44410020,,"3,238",-,,107,107,107,107,107,107,107,107,,-10,0,-10,0,-20,-20,-20,-20,,530,530,235,176,Immune,Immune,Immune,,1,1,1,1,1,,65,1,65,5,,1,1,1,1,1,1,1,1,1.5,1
"Liurnia of the Lakes - Southeast Ravine, Lake at Caria Manor Entrance; Bellum Highway - Bellum Church",Nomad Mule,32101820,,"1,692",-,,107,107,107,107,107,107,107,107,,-10,0,-10,-10,0,-20,0,0,,235,235,324,324,Immune,Immune,Immune,,1,1,1,1,1,,30,1,30,2.308,,1,1,1,1,1,1,1,1,1.5,0
"Liurnia of the Lakes - Southeast Ravine, Lake at Caria Manor Entrance; Bellum Highway - Bellum Church",Nomadic Merchant,32001820,,"2,905",-,,107,107,107,107,107,107,107,107,,-10,0,-10,-10,0,0,0,0,,235,235,235,324,Immune,Immune,Immune,,1,1,1,1,1,,30,1,30,2.308,,1,1,1,1,1,1,1,1,1.5,0
"Liurnia of the Lakes - Southeast Ravine, Lake at Caria Manor Entrance; Bellum Highway - Bellum Church",Tunnel Miner,43821020,,210,-,,107,107,107,107,107,107,107,107,,80,35,80,80,20,40,40,20,,530,324,324,324,235,Immune,Immune,,1,1,1,1,1,,65,1,65,5,,1,1,1,1,1,1,1,1,1.5,0
Liurnia of the Lakes - Temple Quarter,Albinauric,34701120,,382,-,,107,107,107,107,107,107,107,107,,-10,10,-10,-10,0,20,-20,-40,,Immune,324,176,176,176,Immune,Immune,,1,1,1,1,1,,30,1,30,2.308,,1,1,1,1,1,1,1,1,1.5,0
Liurnia of the Lakes - Temple Quarter,Albinauric Frog (Swampy Shield),34700120,,382,-,,107,107,107,107,107,107,107,107,,-10,10,-10,-10,0,20,-20,-40,,Immune,324,176,176,176,Immune,Immune,,1,1,1,1,1,,30,1,30,2.308,,1,1,1,1,1,1,1,1,1.5,0
Liurnia of the Lakes - Temple Quarter,Commoner (Ghost),36609020,,237,-,,107,107,107,107,107,107,107,107,,-10,-10,-10,-10,-20,-20,-20,0,,Immune,Immune,Immune,Immune,Immune,Immune,Immune,,1,1,1,1,1,,30,1,30,2.308,,1,1,1,1,1,1,1,1,1.5,0
Liurnia of the Lakes - Temple Quarter,Giant Miranda Sprout,44800220,,"4,393",-,,107,107,107,107,107,107,107,107,,0,35,-40,0,40,0,0,40,,"1,140",530,530,132,235,Immune,Immune,,1,1,1,1,1,,100,1,100,7.692,,1,1,1,1,1,1,1,1,1.5,1
Liurnia of the Lakes - Temple Quarter,Incantation Teardrop Scarab,41914020,,348,-,,107,107,107,107,107,107,107,107,,10,10,35,35,40,40,40,40,,Immune,Immune,Immune,Immune,Immune,Immune,Immune,,1,1,1,1,1,,30,1,30,2.308,,1,1,1,1,1,1,1,1,1.5,0
"Liurnia of the Lakes - Testu's Rise, East Gate Bridge Trestle",Ash Teardrop Scarab,41912220,,92,-,,107,107,107,107,107,107,107,107,,10,10,35,35,40,40,40,40,,Immune,Immune,Immune,Immune,Immune,Immune,Immune,,1,1,1,1,1,,30,1,30,2.308,,1,1,1,1,1,1,1,1,1.5,0
"Liurnia of the Lakes - Testu's Rise, East Gate Bridge Trestle",Giant Crayfish,44202020,,"1,985",-,,107,107,107,107,107,107,107,107,,10,0,35,10,20,20,20,20,,324,324,324,0,176,Immune,Immune,,1,1,1,1,1,,80,0.5,160,6.154,,1,1,1,1,1,1,1,1,4,1
"Liurnia of the Lakes - Testu's Rise, East Gate Bridge Trestle",Putrid Corpse,36610820,,852,-,,107,107,107,107,107,107,107,107,,-40,-40,-40,-40,-40,-40,-40,-40,,Immune,Immune,Immune,Immune,Immune,Immune,Immune,,1,1,1,1,1,,50,1,50,3.846,,1,1,1,1,1,1,1,1,1.5,0
"Liurnia of the Lakes - The Four Belfries, Giant's Caravan Below",Cuckoo Knight,43520020,,"1,305",-,,107,107,107,107,107,107,107,107,,10,10,35,0,40,20,0,20,,235,235,324,324,235,Immune,Immune,,1,1,1,1,1,,65,1,65,5,,1,1,1,1,1,1,1,1,1.5,0
"Liurnia of the Lakes - The Four Belfries, Giant's Caravan Below",Cuckoo Knight,43521120,,"1,305",-,,107,107,107,107,107,107,107,107,,10,10,35,0,40,20,0,20,,235,235,324,324,235,Immune,Immune,,1,1,1,1,1,,65,1,65,5,,1,1,1,1,1,1,1,1,1.5,0
"Liurnia of the Lakes - The Four Belfries, Giant's Caravan Below",Cuckoo Knight's Horse,43620020,,"1,015",-,,107,107,107,107,107,107,107,107,,0,0,-10,0,20,0,0,0,,235,235,235,235,235,Immune,Immune,,1,1,1,1,1,,65,1,65,5,,1,1,1,1,1,1,1,1,1.5,0
"Liurnia of the Lakes - The Four Belfries, Giant's Caravan Below",Large Starved Dog (Hairy),41601020,,765,-,,107,107,107,107,107,107,107,107,,-10,-10,-40,-10,-20,-40,-20,-20,,176,176,176,235,176,Immune,Immune,,1,1,1,1,1,,30,1,30,2.308,,1,1,1,1,1,1,1,1,1.5,0
"Liurnia of the Lakes - The Four Belfries, Giant's Caravan Below",Mad Pumpkin Head (Flail),43400020,,"1,318",-,,107,107,107,107,107,107,107,107,,0,10,-10,0,0,0,-20,0,,235,235,176,176,324,Immune,Immune,,1,1,1,1,1,,65,1,65,5,,1,1,1,1,1,1,1,1,0.2,1
"Liurnia of the Lakes - The Four Belfries, Giant's Caravan Below",Raya Lucaria Soldier,43120020,,435,-,,107,107,107,107,107,107,107,107,,0,0,10,-10,20,0,-20,0,,176,176,235,235,235,Immune,Immune,,1,1,1,1,1,,30,1,30,2.308,,1,1,1,1,1,1,1,1,1.5,0
"Liurnia of the Lakes - The Four Belfries, Giant's Caravan Below",Raya Lucaria Soldier,43121020,,435,-,,107,107,107,107,107,107,107,107,,0,0,10,-10,20,0,-20,0,,176,176,235,235,235,Immune,Immune,,1,1,1,1,1,,30,1,30,2.308,,1,1,1,1,1,1,1,1,1.5,0
"Liurnia of the Lakes - The Four Belfries, Giant's Caravan Below",Raya Lucaria Soldier,43121120,,435,-,,107,107,107,107,107,107,107,107,,0,0,10,-10,20,0,-20,0,,176,176,235,235,235,Immune,Immune,,1,1,1,1,1,,30,1,30,2.308,,1,1,1,1,1,1,1,1,1.5,0
"Liurnia of the Lakes - The Four Belfries, Giant's Caravan Below",Raya Lucaria Soldier,43123020,,435,-,,107,107,107,107,107,107,107,107,,0,0,10,-10,20,0,-20,0,,176,176,235,235,235,Immune,Immune,,1,1,1,1,1,,30,1,30,2.308,,1,1,1,1,1,1,1,1,1.5,0
"Liurnia of the Lakes - The Four Belfries, Giant's Caravan Below",Revenant,40000020,,346,-,,107,107,107,107,107,107,107,107,,0,0,-10,0,0,0,0,40,,324,324,324,324,Immune,Immune,Immune,,1,1,1,1,1,,30,1,30,2.308,,1,1,1,1,1,1,1,1,1.5,0
Liurnia of the Lakes - Village of the Albinaurics; Moonlight Altar - Moonfolk Ruins,Albinauric Lookout,36700120,,367,-,,107,107,107,107,107,107,107,107,,-10,-10,-10,-10,-20,-20,-20,-40,,Immune,176,176,176,235,Immune,Immune,,1,1,1,1,1,,30,1,30,2.308,,1,1,1,1,1,1,1,1,1.5,0
Liurnia of the Lakes - Village of the Albinaurics; Moonlight Altar - Moonfolk Ruins,Albinauric Lookout,36701120,,367,-,,107,107,107,107,107,107,107,107,,-10,-10,-10,-10,20,-20,-20,-40,,Immune,176,176,176,235,Immune,Immune,,1,1,1,1,1,,30,1,30,2.308,,1,1,1,1,1,1,1,1,1.5,0
Liurnia of the Lakes - Village of the Albinaurics; Moonlight Altar - Moonfolk Ruins,Albinauric Lookout,36704020,,367,-,,107,107,107,107,107,107,107,107,,-10,-10,-10,-10,-20,-20,-20,-40,,Immune,235,176,176,235,Immune,Immune,,1,1,1,1,1,,30,1,30,2.308,,1,1,1,1,1,1,1,1,1.5,0
Liurnia of the Lakes - Village of the Albinaurics; Moonlight Altar - Moonfolk Ruins,Commoner (Ghost),36609022,,575,-,,117,117,117,117,117,117,117,117,,-10,-10,-10,-10,-20,-20,-20,0,,Immune,Immune,Immune,Immune,Immune,Immune,Immune,,1,1,1,1,1,,30,1,30,2.308,,1,1,1,1,1,1,1,1,1.5,0
Liurnia of the Lakes - Village of the Albinaurics; Moonlight Altar - Moonfolk Ruins,Crab (Clean),22750020,,63,-,,107,107,107,107,107,107,107,107,,10,-40,10,10,0,0,0,-40,,Immune,176,235,132,132,Immune,Immune,,1,1,1,1,1,,30,1,30,2.308,,1,1,1,1,1,1,1,1,1.5,0
Liurnia of the Lakes - Village of the Albinaurics; Moonlight Altar - Moonfolk Ruins,Crab (Clean),22750120,,63,-,,107,107,107,107,107,107,107,107,,10,-40,10,10,0,0,0,-40,,Immune,176,235,132,132,Immune,Immune,,1,1,1,1,1,,30,1,30,2.308,,1,1,1,1,1,1,1,1,1.5,0
Liurnia of the Lakes - Village of the Albinaurics; Moonlight Altar - Moonfolk Ruins,Depraved Perfumer,37000020,,972,-,,107,107,107,107,107,107,107,107,,0,10,0,0,20,20,20,20,,530,530,176,235,235,Immune,Immune,,1,1,1,1,1,,65,1,65,5,,1,1,1,1,1,1,1,1,1.5,0
Liurnia of the Lakes - Village of the Albinaurics; Moonlight Altar - Moonfolk Ruins,Giant Crab (Clean),22740020,,808,-,,107,107,107,107,107,107,107,107,,35,0,35,35,20,20,20,-40,,Immune,324,324,176,176,Immune,Immune,,1,1,1,1,1,,80,1,80,6.154,,1,1,1,1,1,1,1,1,1.5,0
Liurnia of the Lakes - Village of the Albinaurics; Moonlight Altar - Moonfolk Ruins,Giant Crab (Clean),22740120,,808,-,,107,107,107,107,107,107,107,107,,35,0,35,35,20,20,20,-40,,Immune,324,324,176,176,Immune,Immune,,1,1,1,1,1,,80,1,80,6.154,,1,1,1,1,1,1,1,1,1.5,0
Liurnia of the Lakes - Village of the Albinaurics; Moonlight Altar - Moonfolk Ruins,Glintstone Dragon Adula [Boss],45021922,,"11,550",-,,121,121,121,121,121,121,121,121,,35,35,35,10,80,40,40,40,,627,627,627,627,Immune,Immune,Immune,,0.7,0.7,1,1,1,,120,1,120,9.231,,1,1,1,1,1,1,1,1,1.5,1
Liurnia of the Lakes - Village of the Albinaurics; Moonlight Altar - Moonfolk Ruins,Wandering Noble,43002322,,466,-,,117,117,117,117,117,117,117,117,,-10,-10,-10,-10,-20,-20,-20,0,,140,140,187,187,187,Immune,Immune,,1,1,1,1,1,,30,1,30,2.308,,1,1,1,1,1,1,1,1,1.5,0
Liurnia of the Lakes - West of Raya Lucaria Crystal Tunnel; Bellum Highway - South of East Raya Lucaria Gate,Mausoleum Knight,43550020,,"1,305",-,,107,107,107,107,107,107,107,107,,10,10,35,0,20,20,0,0,,Immune,Immune,Immune,Immune,Immune,Immune,Immune,,1,1,1,1,1,,65,1,65,5,,1,1,1,1,1,1,1,1,1.5,0
Liurnia of the Lakes - West of Raya Lucaria Crystal Tunnel; Bellum Highway - South of East Raya Lucaria Gate,Mausoleum Soldier,43150020,,435,-,,107,107,107,107,107,107,107,107,,0,0,10,-10,0,0,-20,-20,,Immune,Immune,Immune,Immune,Immune,Immune,Immune,,1,1,1,1,1,,30,1,30,2.308,,1,1,1,1,1,1,1,1,1.5,0
Liurnia of the Lakes - West of Raya Lucaria Crystal Tunnel; Bellum Highway - South of East Raya Lucaria Gate,Mausoleum Soldier,43150320,,435,-,,107,107,107,107,107,107,107,107,,0,0,10,-10,0,0,-20,-20,,Immune,Immune,Immune,Immune,Immune,Immune,Immune,,1,1,1,1,1,,30,1,30,2.308,,1,1,1,1,1,1,1,1,1.5,0
Liurnia of the Lakes - West of Raya Lucaria Crystal Tunnel; Bellum Highway - South of East Raya Lucaria Gate,Mausoleum Soldier,43151020,,435,-,,107,107,107,107,107,107,107,107,,0,0,10,-10,0,0,-20,-20,,Immune,Immune,Immune,Immune,Immune,Immune,Immune,,1,1,1,1,1,,30,1,30,2.308,,1,1,1,1,1,1,1,1,1.5,0
Liurnia of the Lakes - West of Scenic Isle,Albinauric,34701020,,559,-,,107,107,107,107,107,107,107,107,,-10,10,-10,-10,0,20,-20,-40,,Immune,324,176,176,176,Immune,Immune,,1,1,1,1,1,,30,1,30,2.308,,1,1,1,1,1,1,1,1,1.5,0
Liurnia of the Lakes - West of Scenic Isle,Wandering Noble,43007020,,192,-,,107,107,107,107,107,107,107,107,,-10,-10,-10,-10,-20,-20,-20,0,,Immune,Immune,Immune,Immune,Immune,Immune,Immune,,1,1,1,1,1,,30,1,30,2.308,,1,1,1,1,1,1,1,1,1.5,0
Minor Erdtree Catacombs,Burial Watchdog (Scepter) [Boss],42601940,,"2,531",-,,109,109,109,109,109,109,109,109,,35,10,35,35,40,40,40,40,,Immune,Immune,Immune,Immune,Immune,Immune,Immune,,1,1,1,1,1,,80,1,80,6.154,,1,1,1,1,1,1,1,1,1,0
Minor Erdtree Catacombs,Burial Watchdog (Sword) [Boss],42600940,,"2,531",-,,109,109,109,109,109,109,109,109,,35,10,35,35,40,40,40,40,,Immune,Immune,Immune,Immune,Immune,Immune,Immune,,1,1,1,1,1,,80,1,80,6.154,,1,1,1,1,1,1,1,1,1,0
Minor Erdtree Catacombs,Crab,22710040,,67,-,,109,109,109,109,109,109,109,109,,10,-40,10,10,0,0,0,0,,178,178,237,133,133,Immune,Immune,,1,1,1,1,1,,30,1,30,2.308,,1,1,1,1,1,1,1,1,1.5,0
Minor Erdtree Catacombs,Imp (Cat),30800040,,413,-,,109,109,109,109,109,109,109,109,,10,0,35,35,20,40,40,40,,Immune,Immune,Immune,Immune,Immune,Immune,Immune,,1,1,1,1,1,,30,1,30,2.308,,1,1,1,1,1,1,1,1,1.5,0
Minor Erdtree Catacombs,Imp (Fanged),30801040,,413,-,,109,109,109,109,109,109,109,109,,10,0,35,35,20,40,40,40,,Immune,Immune,Immune,Immune,Immune,Immune,Immune,,1,1,1,1,1,,30,1,30,2.308,,1,1,1,1,1,1,1,1,1.5,0
Minor Erdtree Catacombs,Imp (Wolf),30806040,,413,-,,109,109,109,109,109,109,109,109,,10,0,35,35,20,40,40,40,,Immune,Immune,Immune,Immune,Immune,Immune,Immune,,1,1,1,1,1,,35,1,35,2.692,,1,1,1,1,1,1,1,1,1.5,0
Minor Erdtree Catacombs,Small Living Mass,41700240,,661,-,,109,109,109,109,109,109,109,109,,80,80,80,80,40,-40,40,40,,"1,150",Immune,237,237,Immune,Immune,Immune,,1,1,1,1,1,,120,1,120,9.231,,1,1,1,1,1,1,1,1,1.5,1
Miquella's Haligtree,Ballista,81000056,,"4,975",-,,123,123,123,123,123,123,123,123,,0,-10,10,10,0,-20,0,0,,Immune,Immune,Immune,Immune,Immune,Immune,Immune,,1,1,1,1,1,,-1,1,∞,504.95,,1,1,1,1,1,1,1,1,1.5,0
Miquella's Haligtree,Battlemage,37040054,,"4,537",-,,122,122,122,122,122,122,122,122,,0,10,0,0,40,20,20,0,,217,217,290,290,290,Immune,Immune,,1,1,1,1,1,,65,1,65,5,,1,1,1,1,1,1,1,1,0.5,0
Miquella's Haligtree,Cerulean Teardrop Scarab,41911054,,"1,109",-,,122,122,122,122,122,122,122,122,,10,10,35,35,40,40,40,40,,Immune,Immune,Immune,Immune,Immune,Immune,Immune,,1,1,1,1,1,,30,1,30,2.308,,1,1,1,1,1,1,1,1,1.5,0
Miquella's Haligtree,Cerulean Teardrop Scarab,41911056,,"1,128",-,,123,123,123,123,123,123,123,123,,10,10,35,35,40,40,40,40,,Immune,Immune,Immune,Immune,Immune,Immune,Immune,,1,1,1,1,1,,30,1,30,2.308,,1,1,1,1,1,1,1,1,1.5,0
Miquella's Haligtree,Cleanrot Knight (Sickle),38001056,,"3,202",-,,123,123,123,123,123,123,123,123,,10,10,35,0,20,-20,0,40,,680,680,415,415,302,Immune,Immune,,1,1,1,1,1,,65,1,65,5,,1,1,1,1,1,1,1,1,1.5,0
Miquella's Haligtree,Cleanrot Knight (Spear),38000056,,"3,202",-,,123,123,123,123,123,123,123,123,,10,10,35,0,20,-20,0,40,,680,680,415,415,302,Immune,Immune,,1,1,1,1,1,,65,1,65,5,,1,1,1,1,1,1,1,1,1.5,0
Miquella's Haligtree,Crimson Teardrop Scarab,41910054,,"1,109",-,,122,122,122,122,122,122,122,122,,10,10,35,35,40,40,40,40,,Immune,Immune,Immune,Immune,Immune,Immune,Immune,,1,1,1,1,1,,30,1,30,2.308,,1,1,1,1,1,1,1,1,1.5,0
Miquella's Haligtree,Crimson Teardrop Scarab,41910056,,"1,128",-,,123,123,123,123,123,123,123,123,,10,10,35,35,40,40,40,40,,Immune,Immune,Immune,Immune,Immune,Immune,Immune,,1,1,1,1,1,,30,1,30,2.308,,1,1,1,1,1,1,1,1,1.5,0
Miquella's Haligtree,Crystalian (Ringblade),33500154,,"2,535",-,,122,122,122,122,122,122,122,122,,91,10,93.5,93.5,94,94,94,94,,Immune,Immune,Immune,Immune,Immune,Immune,Immune,,1,1,1,1,1,,70,1,70,5.385,,1,1,1,1,1,1,1,1,1.5,0
Miquella's Haligtree,Crystalian (Ringblade) [Cracked],33500154b,,"2,535",-,,122,122,122,122,122,122,122,122,,10,10,35,35,40,40,40,40,,Immune,Immune,Immune,Immune,Immune,Immune,Immune,,1,1,1,1,1,,70,1,70,5.385,,1,1,1,1,1,1,1,1,1.5,0
Miquella's Haligtree,Crystalian (Ringblade),33500556,,"5,114",-,,123,123,123,123,123,123,123,123,,91,10,93.5,93.5,94,94,94,94,,"1,463",Immune,Immune,680,Immune,Immune,Immune,,1,1,1,1,1,,70,1,70,5.385,,1,1,1,1,1,1,1,1,1.5,0
Miquella's Haligtree,Crystalian (Ringblade) [Cracked],33500556b,,"5,114",-,,123,123,123,123,123,123,123,123,,10,10,35,35,40,40,40,40,,"1,463",Immune,Immune,680,Immune,Immune,Immune,,1,1,1,1,1,,70,1,70,5.385,,1,1,1,1,1,1,1,1,1.5,0
Miquella's Haligtree,Crystalian (Spear),33501154,,"2,535",-,,122,122,122,122,122,122,122,122,,91,10,93.5,93.5,94,94,94,94,,Immune,Immune,Immune,Immune,Immune,Immune,Immune,,1,1,1,1,1,,70,1,70,5.385,,1,1,1,1,1,1,1,1,1.5,0
Miquella's Haligtree,Crystalian (Spear) [Cracked],33501154b,,"2,535",-,,122,122,122,122,122,122,122,122,,10,10,35,35,40,40,40,40,,Immune,Immune,Immune,Immune,Immune,Immune,Immune,,1,1,1,1,1,,70,1,70,5.385,,1,1,1,1,1,1,1,1,1.5,0
Miquella's Haligtree,Crystalian (Spear),33501556,,"5,114",-,,123,123,123,123,123,123,123,123,,91,10,93.5,93.5,94,94,94,94,,"1,463",Immune,Immune,680,Immune,Immune,Immune,,1,1,1,1,1,,70,1,70,5.385,,1,1,1,1,1,1,1,1,1.5,0
Miquella's Haligtree,Crystalian (Spear) [Cracked],33501556b,,"5,114",-,,123,123,123,123,123,123,123,123,,10,10,35,35,40,40,40,40,,"1,463",Immune,Immune,680,Immune,Immune,Immune,,1,1,1,1,1,,70,1,70,5.385,,1,1,1,1,1,1,1,1,1.5,0
Miquella's Haligtree,Crystalian (Staff),33502154,,"2,535",-,,122,122,122,122,122,122,122,122,,91,10,93.5,93.5,94,94,94,94,,Immune,Immune,Immune,Immune,Immune,Immune,Immune,,1,1,1,1,1,,70,1,70,5.385,,1,1,1,1,1,1,1,1,1.5,0
Miquella's Haligtree,Crystalian (Staff) [Cracked],33502154b,,"2,535",-,,122,122,122,122,122,122,122,122,,10,10,35,35,40,40,40,40,,Immune,Immune,Immune,Immune,Immune,Immune,Immune,,1,1,1,1,1,,70,1,70,5.385,,1,1,1,1,1,1,1,1,1.5,0
Miquella's Haligtree,Crystalian (Staff),33502556,,"5,114",-,,123,123,123,123,123,123,123,123,,91,10,93.5,93.5,94,94,94,94,,"1,463",Immune,Immune,680,Immune,Immune,Immune,,1,1,1,1,1,,70,1,70,5.385,,1,1,1,1,1,1,1,1,1.5,0
Miquella's Haligtree,Crystalian (Staff) [Cracked],33502556b,,"5,114",-,,123,123,123,123,123,123,123,123,,10,10,35,35,40,40,40,40,,"1,463",Immune,Immune,680,Immune,Immune,Immune,,1,1,1,1,1,,70,1,70,5.385,,1,1,1,1,1,1,1,1,1.5,0
Miquella's Haligtree,Fading Giant Miranda Sprout,44820054,,"13,966",-,,122,122,122,122,122,122,122,122,,0,35,-40,0,-20,-100,20,20,,"1,406","1,406",653,163,290,Immune,Immune,,1,1,1,1,1,,100,1,100,7.692,,1,1,1,1,1,1,1,1,1.5,1
Miquella's Haligtree,Fading Giant Miranda Sprout,44820056,,"14,208",-,,123,123,123,123,123,123,123,123,,0,35,-40,0,-20,-100,20,20,,"1,463","1,463",680,170,302,Immune,Immune,,1,1,1,1,1,,100,1,100,7.692,,1,1,1,1,1,1,1,1,1.5,1
Miquella's Haligtree,Fading Miranda Sprout,44830054,,864,-,,122,122,122,122,122,122,122,122,,-10,10,-40,-10,0,-100,40,40,,"1,406","1,406",653,163,290,Immune,Immune,,1,1,1,1,1,,30,1,30,2.308,,1,1,1,1,1,1,1,1,1.5,1
Miquella's Haligtree,Fading Miranda Sprout,44831054,,864,-,,122,122,122,122,122,122,122,122,,-10,10,-40,-10,0,-100,40,40,,"1,406","1,406",653,163,290,Immune,Immune,,1,1,1,1,1,,-1,1,∞,0,,1,1,1,1,1,1,1,1,1.5,1
Miquella's Haligtree,Fading Miranda Sprout,44831056,,879,-,,123,123,123,123,123,123,123,123,,-10,10,-40,-10,0,-100,40,40,,"1,463","1,463",680,170,302,Immune,Immune,,1,1,1,1,1,,-1,1,∞,0,,1,1,1,1,1,1,1,1,1.5,1
Miquella's Haligtree,Giant Ant,42800054,,"1,411",-,,122,122,122,122,122,122,122,122,,10,10,35,10,0,-20,0,0,,653,653,399,217,163,Immune,Immune,,1,1,1,1,1,,40,1,40,3.077,,1,1,1,1,1,1,1,1,1.5,0
Miquella's Haligtree,Giant Oracle Envoy,36300054,,"5,531",-,,122,122,122,122,122,122,122,122,,-10,35,-10,-10,0,20,20,20,,399,399,217,399,290,Immune,Immune,,1,1,1,1,1,,65,1,65,5,,1,1,1,1,1,1,1,1,1.5,0
Miquella's Haligtree,Haligtree Foot Soldier,43760056,,"1,077",-,,123,123,123,123,123,123,123,123,,0,0,0,-10,0,0,-20,20,,170,170,226,226,226,Immune,Immune,,1,1,1,1,1,,30,1,30,2.308,,1,1,1,1,1,1,1,1,1.5,0
Miquella's Haligtree,Haligtree Foot Soldier,43761756,,"1,077",-,,123,123,123,123,123,123,123,123,,0,0,0,-10,0,0,-20,20,,170,170,226,226,226,Immune,Immune,,1,1,1,1,1,,30,1,30,2.308,,1,1,1,1,1,1,1,1,1.5,0
Miquella's Haligtree,Haligtree Foot Soldier,43766056,,"1,077",-,,123,123,123,123,123,123,123,123,,0,0,0,-10,0,0,-20,20,,170,170,226,226,226,Immune,Immune,,1,1,1,1,1,,30,1,30,2.308,,1,1,1,1,1,1,1,1,1.5,0
Miquella's Haligtree,Haligtree Foot Soldier,43767056,,"1,077",-,,123,123,123,123,123,123,123,123,,0,0,0,-10,0,0,-20,20,,170,170,226,226,226,Immune,Immune,,1,1,1,1,1,,30,1,30,2.308,,1,1,1,1,1,1,1,1,1.5,0
Miquella's Haligtree,Haligtree Knight,43560556,,"4,220",-,,123,123,123,123,123,123,123,123,,10,10,35,0,20,0,0,40,,302,302,415,415,302,Immune,Immune,,1,1,1,1,1,,65,1,65,5,,1,1,1,1,1,1,1,1,1.5,0
Miquella's Haligtree,Haligtree Knight,43561056,,"4,220",-,,123,123,123,123,123,123,123,123,,10,10,35,0,20,0,0,40,,302,302,415,415,302,Immune,Immune,,1,1,1,1,1,,65,1,65,5,,1,1,1,1,1,1,1,1,1.5,0
Miquella's Haligtree,Haligtree Knight,43561556,,"4,220",-,,123,123,123,123,123,123,123,123,,10,10,35,0,20,0,0,40,,302,302,415,415,302,Immune,Immune,,1,1,1,1,1,,65,1,65,5,,1,1,1,1,1,1,1,1,1.5,0
Miquella's Haligtree,Haligtree Knight,43562056,,"4,220",-,,123,123,123,123,123,123,123,123,,10,10,35,0,20,0,0,40,,302,302,415,415,302,Immune,Immune,,1,1,1,1,1,,65,1,65,5,,1,1,1,1,1,1,1,1,1.5,0
Miquella's Haligtree,Haligtree Knight,43562556,,"4,220",-,,123,123,123,123,123,123,123,123,,10,10,35,0,20,0,0,40,,302,302,415,415,302,Immune,Immune,,1,1,1,1,1,,65,1,65,5,,1,1,1,1,1,1,1,1,1.5,0
Miquella's Haligtree,Haligtree Soldier,43160056,,"1,406",-,,123,123,123,123,123,123,123,123,,0,0,10,-10,0,-20,-20,20,,226,226,302,302,302,Immune,Immune,,1,1,1,1,1,,30,1,30,2.308,,1,1,1,1,1,1,1,1,1.5,0
Miquella's Haligtree,Haligtree Soldier,43160156,,"1,406",-,,123,123,123,123,123,123,123,123,,0,0,10,-10,0,-20,-20,20,,226,226,302,302,302,Immune,Immune,,1,1,1,1,1,,30,1,30,2.308,,1,1,1,1,1,1,1,1,1.5,0
Miquella's Haligtree,Haligtree Soldier,43160256,,"1,406",-,,123,123,123,123,123,123,123,123,,0,0,10,-10,0,-20,-20,20,,226,226,302,302,302,Immune,Immune,,1,1,1,1,1,,30,1,30,2.308,,1,1,1,1,1,1,1,1,1.5,0
Miquella's Haligtree,Haligtree Soldier,43160356,,"1,406",-,,123,123,123,123,123,123,123,123,,0,0,10,-10,0,-20,-20,20,,226,226,302,302,302,Immune,Immune,,1,1,1,1,1,,30,1,30,2.308,,1,1,1,1,1,1,1,1,1.5,0
Miquella's Haligtree,Haligtree Soldier,43160556,,"1,406",-,,123,123,123,123,123,123,123,123,,0,0,10,-10,0,-20,-20,20,,226,226,302,302,302,Immune,Immune,,1,1,1,1,1,,30,1,30,2.308,,1,1,1,1,1,1,1,1,1.5,0
Miquella's Haligtree,Haligtree Soldier,43160656,,"1,406",-,,123,123,123,123,123,123,123,123,,0,0,10,-10,0,-20,-20,20,,226,226,302,302,302,Immune,Immune,,1,1,1,1,1,,30,1,30,2.308,,1,1,1,1,1,1,1,1,1.5,0
Miquella's Haligtree,Haligtree Soldier,43160856,,"1,406",-,,123,123,123,123,123,123,123,123,,0,0,10,-10,0,-20,-20,20,,226,226,302,302,302,Immune,Immune,,1,1,1,1,1,,30,1,30,2.308,,1,1,1,1,1,1,1,1,1.5,0
Miquella's Haligtree,Haligtree Soldier,43161056,,"1,406",-,,123,123,123,123,123,123,123,123,,0,0,10,-10,0,-20,-20,20,,226,226,302,302,302,Immune,Immune,,1,1,1,1,1,,30,1,30,2.308,,1,1,1,1,1,1,1,1,1.5,0
Miquella's Haligtree,Haligtree Soldier,43161156,,"1,406",-,,123,123,123,123,123,123,123,123,,0,0,10,-10,0,-20,-20,20,,226,226,302,302,302,Immune,Immune,,1,1,1,1,1,,30,1,30,2.308,,1,1,1,1,1,1,1,1,1.5,0
Miquella's Haligtree,Haligtree Soldier,43161556,,"1,406",-,,123,123,123,123,123,123,123,123,,0,0,10,-10,0,-20,-20,20,,226,226,302,302,302,Immune,Immune,,1,1,1,1,1,,30,1,30,2.308,,1,1,1,1,1,1,1,1,1.5,0
Miquella's Haligtree,Haligtree Soldier,43161656,,"1,406",-,,123,123,123,123,123,123,123,123,,0,0,10,-10,0,-20,-20,20,,226,226,302,302,302,Immune,Immune,,1,1,1,1,1,,30,1,30,2.308,,1,1,1,1,1,1,1,1,1.5,0
Miquella's Haligtree,Haligtree Soldier,43162056,,"1,406",-,,123,123,123,123,123,123,123,123,,0,0,10,-10,0,-20,-20,20,,226,226,302,302,302,Immune,Immune,,1,1,1,1,1,,30,1,30,2.308,,1,1,1,1,1,1,1,1,1.5,0
Miquella's Haligtree,Haligtree Soldier,43162556,,"1,406",-,,123,123,123,123,123,123,123,123,,0,0,10,-10,0,-20,-20,20,,226,226,302,302,302,Immune,Immune,,1,1,1,1,1,,30,1,30,2.308,,1,1,1,1,1,1,1,1,1.5,0
Miquella's Haligtree,Haligtree Soldier,43163056,,"1,406",-,,123,123,123,123,123,123,123,123,,0,0,10,-10,0,-20,-20,20,,226,226,302,302,302,Immune,Immune,,1,1,1,1,1,,30,1,30,2.308,,1,1,1,1,1,1,1,1,1.5,0
Miquella's Haligtree,Haligtree Soldier,43163556,,"1,406",-,,123,123,123,123,123,123,123,123,,0,0,10,-10,0,-20,-20,20,,226,226,302,302,302,Immune,Immune,,1,1,1,1,1,,30,1,30,2.308,,1,1,1,1,1,1,1,1,1.5,0
Miquella's Haligtree,Kindred of Rot,38100056,,"2,293",-,,123,123,123,123,123,123,123,123,,0,0,10,0,0,-20,0,0,,680,Immune,226,226,226,Immune,Immune,,1,1,1,1,1,,30,1,30,2.308,,1,1,1,1,1,1,1,1,1.5,0
Miquella's Haligtree,Kindred of Rot,38103056,,"2,293",-,,123,123,123,123,123,123,123,123,,0,0,10,0,0,-20,0,0,,680,Immune,226,226,226,Immune,Immune,,1,1,1,1,1,,30,1,30,2.308,,1,1,1,1,1,1,1,1,1.5,0
Miquella's Haligtree,Large Oracle Envoy,36200054,,"3,392",-,,122,122,122,122,122,122,122,122,,-10,10,-10,-10,0,20,20,20,,399,399,217,290,290,Immune,Immune,,1,1,1,1,1,,65,1,65,5,,1,1,1,1,1,1,1,1,1.5,0
Miquella's Haligtree,Larval Kindred of Rot,20410056,,564,-,,123,123,123,123,123,123,123,123,,0,-10,10,0,0,-20,0,0,,302,Immune,226,170,170,Immune,Immune,,1,1,1,1,1,,30,1,30,2.308,,1,1,1,1,1,1,1,1,1.5,0
Miquella's Haligtree,"Loretta, Knight of the Haligtree [Boss]",32520054,,"13,397",-,,122,122,122,122,122,122,122,122,,10,10,10,10,40,40,0,20,,399,399,653,653,399,Immune,Immune,,0.7,0.7,1,1,1,,80,1,80,6.154,,1,1,1,1,1,1,1,1,1.5,0
Miquella's Haligtree,"Malenia, Blade of Miquella [Boss]",21200056,,"18,473",-,,123,123,123,123,123,123,123,123,,10,10,10,10,20,0,20,40,,"1,481","1,481",420,306,688,Immune,Immune,,0.7,0.7,1,1,1,,80,1,80,6.154,,1,1,1,1,1,1,1,1,1.5,0
Miquella's Haligtree,"Malenia, Goddess of Rot [Boss]",21202056,,"18,473",-,,123,123,123,123,123,123,123,123,,10,10,10,10,20,0,20,40,,"1,481","1,481",420,306,688,Immune,Immune,,0.7,0.7,1,1,1,,80,1,80,6.154,,1,1,1,1,1,1,1,1,1.5,0
Miquella's Haligtree,Misbegotten,34500054,,"1,382",-,,122,122,122,122,122,122,122,122,,0,0,0,0,0,-20,0,0,,290,290,290,290,290,Immune,Immune,,1,1,1,1,1,,30,1,30,2.308,,1,1,1,1,1,1,1,1,1.5,0
Miquella's Haligtree,Misbegotten Warrior,34600054,,"4,782",-,,122,122,122,122,122,122,122,122,,10,10,0,10,20,0,20,20,,399,399,399,399,399,Immune,Immune,,1,1,1,1,1,,80,1,80,6.154,,1,1,1,1,1,1,1,1,1.5,0
Miquella's Haligtree,Misbegotten Warrior,34600354,,"4,782",-,,122,122,122,122,122,122,122,122,,10,10,0,10,20,0,20,20,,399,399,399,399,399,Immune,Immune,,1,1,1,1,1,,80,1,80,6.154,,1,1,1,1,1,1,1,1,1.5,0
Miquella's Haligtree,Oracle Envoy,36100054,,"1,217",-,,122,122,122,122,122,122,122,122,,-10,10,-10,-10,0,20,20,20,,399,399,217,290,290,Immune,Immune,,1,1,1,1,1,,30,1,30,2.308,,1,1,1,1,1,1,1,1,1.5,0
Miquella's Haligtree,Putrid Avatar,48110056,,"12,787",-,,123,123,123,123,123,123,123,123,,10,0,10,10,20,-100,20,40,,Immune,Immune,Immune,415,Immune,Immune,Immune,,1,1,1,1,1,,120,1,120,9.231,,1,1,1,1,1,1,1,1,1.5,1
Miquella's Haligtree,Putrid Corpse,36613054,,"2,708",-,,122,122,122,122,122,122,122,122,,-40,-40,-40,-40,-40,-100,-40,-40,,217,290,163,163,163,Immune,Immune,,1,1,1,1,1,,50,1,50,3.846,,1,1,1,1,1,1,1,1,1.5,0
Miquella's Haligtree,Putrid Corpse (Mushroom & Cloth),36613254,,"2,708",-,,122,122,122,122,122,122,122,122,,-40,-40,-40,-40,-40,-100,-40,-40,,217,290,163,163,163,Immune,Immune,,1,1,1,1,1,,50,1,50,3.846,,1,1,1,1,1,1,1,1,1.5,0
Miquella's Haligtree,Putrid Corpse (Mushroom),36613154,,"2,708",-,,122,122,122,122,122,122,122,122,,-40,-40,-40,-40,-40,-100,-40,-40,,217,290,163,163,163,Immune,Immune,,1,1,1,1,1,,50,1,50,3.846,,1,1,1,1,1,1,1,1,1.5,0
Miquella's Haligtree,Royal Revenant,40208056,,"4,975",-,,123,123,123,123,123,123,123,123,,0,0,-10,0,0,0,0,40,,415,415,415,415,Immune,Immune,Immune,,1,1,1,1,1,,70,1,70,5.385,,1,1,1,1,1,1,1,1,1.5,0
Miquella's Haligtree,Royal Revenant,40208156,,"4,975",-,,123,123,123,123,123,123,123,123,,0,0,-10,0,0,0,0,40,,415,415,415,415,Immune,Immune,Immune,,1,1,1,1,1,,70,1,70,5.385,,1,1,1,1,1,1,1,1,1.5,0
Miquella's Haligtree,Royal Revenant,40208256,,"4,975",-,,123,123,123,123,123,123,123,123,,0,0,-10,0,0,0,0,40,,415,415,415,415,Immune,Immune,Immune,,1,1,1,1,1,,70,1,70,5.385,,1,1,1,1,1,1,1,1,1.5,0
Miquella's Haligtree,Royal Revenant,40208356,,"4,975",-,,123,123,123,123,123,123,123,123,,0,0,-10,0,0,0,0,40,,415,415,415,415,Immune,Immune,Immune,,1,1,1,1,1,,70,1,70,5.385,,1,1,1,1,1,1,1,1,1.5,0
Miquella's Haligtree,Royal Revenant,40208456,,"4,975",-,,123,123,123,123,123,123,123,123,,0,0,-10,0,0,0,0,40,,415,415,415,415,Immune,Immune,Immune,,1,1,1,1,1,,70,1,70,5.385,,1,1,1,1,1,1,1,1,1.5,0
Miquella's Haligtree,Scaly Misbegotten,34510054,,"3,824",-,,122,122,122,122,122,122,122,122,,0,0,10,-10,0,-20,0,0,,290,290,290,290,290,Immune,Immune,,1,1,1,1,1,,65,1,65,5,,1,1,1,1,1,1,1,1,1.5,0
Miquella's Haligtree,Scaly Misbegotten,34510354,,"3,824",-,,122,122,122,122,122,122,122,122,,0,0,10,-10,0,-20,0,0,,290,290,290,290,290,Immune,Immune,,1,1,1,1,1,,65,1,65,5,,1,1,1,1,1,1,1,1,1.5,0
Miquella's Haligtree,Spiritcaller Snail,41402054,,"1,368",-,,122,122,122,122,122,122,122,122,,-10,-10,-40,-10,40,0,-20,0,,217,217,217,163,163,Immune,Immune,,1,1,1,1,1,,30,1,30,2.308,,1,1,1,1,1,1,1,1,1.5,0
Miquella's Haligtree,Ulcerated Tree Spirit,46400156,,"19,880",-,,123,123,123,123,123,123,123,123,,0,0,0,0,20,-20,20,40,,"1,463",Immune,680,302,Immune,Immune,Immune,,1,1,1,1,1,,120,1,120,9.231,,1.5,1,1,1,1,1,1,1,1.5,1
Miquella's Haligtree,Winged Misbegotten,34501054,,"1,382",-,,122,122,122,122,122,122,122,122,,0,0,0,0,0,-20,0,0,,290,290,290,290,290,Immune,Immune,,1,1,1,1,1,,30,1,30,2.308,,1,1,1,1,1,1,1,1,1.5,0
Miquella's Haligtree,Winged Misbegotten,34501354,,"1,382",-,,122,122,122,122,122,122,122,122,,0,0,0,0,0,-20,0,0,,290,290,290,290,290,Immune,Immune,,1,1,1,1,1,,30,1,30,2.308,,1,1,1,1,1,1,1,1,1.5,0
Mohgwyn Palace,Albinauric,34701468,,"1,740",-,,121,121,121,121,121,121,121,121,,-10,10,-10,-10,0,40,-20,-40,,Immune,383,156,209,383,Immune,Immune,,1,1,1,1,1,,30,1,30,2.308,,1,1,1,1,1,1,1,1,1.5,0
Mohgwyn Palace,Albinauric,34702468,,"1,740",-,,121,121,121,121,121,121,121,121,,-10,10,-10,-10,0,40,-20,-40,,Immune,383,156,209,383,Immune,Immune,,1,1,1,1,1,,30,1,30,2.308,,1,1,1,1,1,1,1,1,1.5,0
Mohgwyn Palace,Albinauric,34703068,,"1,190",-,,121,121,121,121,121,121,121,121,,-10,10,-10,-10,0,20,-20,-40,,Immune,383,209,209,209,Immune,Immune,,1,1,1,1,1,,30,1,30,2.308,,1,1,1,1,1,1,1,1,1.5,0
Mohgwyn Palace,Albinauric,34704268,,"1,740",-,,121,121,121,121,121,121,121,121,,-10,10,-10,-10,0,40,-20,-40,,Immune,383,156,209,383,Immune,Immune,,1,1,1,1,1,,30,1,30,2.308,,1,1,1,1,1,1,1,1,1.5,0
Mohgwyn Palace,Albinauric,34715268,,"3,868",-,,121,121,121,121,121,121,121,121,,-10,10,-10,-10,0,40,-20,-40,,Immune,383,156,209,383,Immune,Immune,,1,1,1,1,1,,65,1,65,5,,1,1,1,1,1,1,1,1,1.5,0
Mohgwyn Palace,Albinauric Frog,34700268,,"1,740",-,,121,121,121,121,121,121,121,121,,-10,10,-10,-10,0,40,-20,-40,,Immune,383,156,209,383,Immune,Immune,,1,1,1,1,1,,30,1,30,2.308,,1,1,1,1,1,1,1,1,1.5,0
Mohgwyn Palace,Ash Teardrop Scarab,41912068,,"1,085",-,,121,121,121,121,121,121,121,121,,10,10,35,35,40,40,40,40,,Immune,Immune,Immune,Immune,Immune,Immune,Immune,,1,1,1,1,1,,30,1,30,2.308,,1,1,1,1,1,1,1,1,1.5,0
Mohgwyn Palace,Giant Living Mass,41710468,,"13,339",-,,121,121,121,121,121,121,121,121,,35,35,35,35,20,0,20,20,,627,627,156,278,Immune,Immune,Immune,,1,1,1,1,1,,180,1,180,13.846,,1,1,1,1,1,1,1,1,1.5,1
Mohgwyn Palace,Giant Skeleton Torso,49600168,,"13,516",-,,121,121,121,121,121,121,121,121,,10,-40,10,35,20,20,40,-40,,Immune,383,Immune,Immune,Immune,Immune,Immune,,1,1,1,1,1,,120,1,120,9.231,,1,1,1,1,1,1,1,1,1.5,1
Mohgwyn Palace,Imprisoned Merchant,32002968,,"9,034",-,,121,121,121,121,121,121,121,121,,-10,0,-10,-10,0,0,0,0,,278,278,278,383,Immune,Immune,Immune,,1,1,1,1,1,,30,1,30,2.308,,1,1,1,1,1,1,1,1,1.5,0
Mohgwyn Palace,"Mohg, Lord of Blood [Boss]",48000068,,"18,389",-,,122,122,122,122,122,122,122,122,,10,10,10,10,40,80,40,40,,653,653,290,653,"1,406",Immune,Immune,,0.5,0.7,1,1,1,,110,1,110,8.462,,1,1,1,1,1,1,1,1,1.5,1
Mohgwyn Palace,Monstrous Rotten Crow,45610068,,"11,113",-,,121,121,121,121,121,121,121,121,,-10,-10,-40,-10,-20,0,-20,-20,,278,278,209,278,383,Immune,Immune,,1,1,1,1,1,,65,1,65,5,,1,1,1,1,1,1,1,1,1.5,1
Mohgwyn Palace,Putrid Corpse (Blood),36615068,,"2,649",-,,121,121,121,121,121,121,121,121,,-40,-40,-40,-40,-40,0,-40,-40,,156,156,49,156,278,Immune,Immune,,1,1,1,1,1,,50,1,50,3.846,,1,1,1,1,1,1,1,1,1.5,0
Mohgwyn Palace,Rotten Dog,41650068,,"1,141",-,,121,121,121,121,121,121,121,121,,-10,-10,-40,-10,-20,0,-20,-20,,209,209,156,278,383,Immune,Immune,,1,1,1,1,1,,30,1,30,2.308,,1,1,1,1,1,1,1,1,1.5,0
Mohgwyn Palace,Sanguine Noble,35500068,,"4,101",-,,121,121,121,121,121,121,121,121,,0,0,-10,0,20,40,20,20,,278,278,209,278,383,Immune,Immune,,1,1,1,1,1,,65,1,65,5,,1,1,1,1,1,1,1,1,1.5,0
"Moonlight Altar - Altar South, Chelona's Rise",Deer,60100022,,55,-,,100,100,100,100,100,100,100,100,,-40,-40,-40,-40,-40,-100,-40,-40,,63,63,63,63,63,Immune,Immune,,1,1,1,1,1,,-1,1,∞,0,,1,1,1,1,1,1,1,1,1.5,0
"Moonlight Altar - Altar South, Chelona's Rise",Gull,60700022,,27,-,,100,100,100,100,100,100,100,100,,-40,-40,-40,-40,-40,-100,-40,-40,,63,63,63,63,63,Immune,Immune,,1,1,1,1,1,,-1,1,∞,0,,1,1,1,1,1,1,1,1,1.5,0
"Moonlight Altar - Altar South, Chelona's Rise",Springhare,61000022,,27,-,,100,100,100,100,100,100,100,100,,-40,-40,-40,-40,-40,-100,-40,-40,,63,63,63,63,63,Immune,Immune,,1,1,1,1,1,,-1,1,∞,0,,1,1,1,1,1,1,1,1,1.5,0
"Moonlight Altar - Altar South, Chelona's Rise",Turtle,60900022,,378,-,,100,100,100,100,100,100,100,100,,35,0,35,0,-40,-100,-40,-40,,63,63,63,63,63,Immune,Immune,,1,1,1,1,1,,-1,1,∞,0,,2,1,1,1,1,1,1,1,1.5,1
Moonlight Altar - Cathedral of Manus Celes,Albinauric Lookout,36708020,,716,-,,107,107,107,107,107,107,107,107,,-10,-10,-10,-10,-20,-20,-20,-40,,Immune,176,176,176,235,Immune,Immune,,1,1,1,1,1,,30,1,30,2.308,,1,1,1,1,1,1,1,1,1.5,0
Moonlight Altar - Cathedral of Manus Celes,Bear,60310022,,681,-,,100,100,100,100,100,100,100,100,,-40,-40,-40,-40,-40,-100,-40,-40,,63,63,63,63,63,Immune,Immune,,1,1,1,1,1,,-1,1,∞,0,,1,1,1,1,1,1,1,1,1.5,0
Moonlight Altar - Cathedral of Manus Celes,Crimson Teardrop Scarab,41910020,,348,-,,107,107,107,107,107,107,107,107,,10,10,35,35,40,40,40,40,,Immune,Immune,Immune,Immune,Immune,Immune,Immune,,1,1,1,1,1,,30,1,30,2.308,,1,1,1,1,1,1,1,1,1.5,0
Moonlight Altar - Cathedral of Manus Celes,Crystalian (Spear),33501020,,797,-,,107,107,107,107,107,107,107,107,,91,10,93.5,93.5,94,94,94,94,,530,530,Immune,530,Immune,Immune,Immune,,1,1,1,1,1,,70,1,70,5.385,,1,1,1,1,1,1,1,1,1.5,0
Moonlight Altar - Cathedral of Manus Celes,Crystalian (Spear) [Cracked],33501020b,,797,-,,107,107,107,107,107,107,107,107,,10,10,35,35,40,40,40,40,,530,530,Immune,530,Immune,Immune,Immune,,1,1,1,1,1,,70,1,70,5.385,,1,1,1,1,1,1,1,1,1.5,0
Moonlight Altar - Cathedral of Manus Celes,Omenkiller [Boss],48200920,,"2,306",-,,110,110,110,110,110,110,110,110,,0,0,0,0,20,40,20,20,,539,539,239,239,179,Immune,Immune,,0.7,0.7,1,1,1,,75,1,75,5.769,,1,1,1,1,1,1,1,1,1.5,0
Moonlight Altar - Cathedral of Manus Celes,Ranni the Witch,20500122,,"10,633",-,,117,117,117,117,117,117,117,117,,0,0,0,0,40,20,20,20,,Immune,Immune,Immune,Immune,Immune,Immune,Immune,,1,1,1,1,1,,70,1,70,5.385,,1,1,1,1,1,1,1,1,1.5,0
Moonlight Altar - Cathedral of Manus Celes,Starved Dog,41610020,,367,-,,107,107,107,107,107,107,107,107,,-10,-10,-40,-10,-20,-40,-20,-20,,176,176,176,235,176,Immune,Immune,,1,1,1,1,1,,30,1,30,2.308,,1,1,1,1,1,1,1,1,1.5,0
Moonlight Altar - Deep Ainsel Well,Bat Harpy,42011100,,809,-,,100,100,100,100,100,100,100,100,,-10,-10,-40,-10,0,0,0,0,,112,112,112,112,84,Immune,Immune,,1,1,1,1,1,,30,1,30,2.308,,1,1,1,1,1,1,1,1,1.5,0
Moonlight Altar - Deep Ainsel Well,Crystal Snail,41404022,,690,-,,117,117,117,117,117,117,117,117,,-10,-40,0,0,40,0,0,0,,561,561,Immune,Immune,249,Immune,Immune,,1,1,1,1,1,,30,1,30,2.308,,1,1,1,1,1,1,1,1,1.5,0
Moonlight Altar - Deep Ainsel Well,Owl,60400022,,27,-,,100,100,100,100,100,100,100,100,,-40,-40,-40,-40,-40,-100,-40,-40,,63,63,63,63,63,Immune,Immune,,1,1,1,1,1,,-1,1,∞,0,,1,1,1,1,1,1,1,1,1.5,0
Moonlight Altar - Deep Ainsel Well,White Wolf,40710022,,"2,242",-,,117,117,117,117,117,117,117,117,,-10,-10,-40,-10,-20,-40,-20,-20,,187,187,187,343,187,Immune,Immune,,1,1,1,1,1,,50,1,50,3.846,,1,1,1,1,1,1,1,1,1.5,0
Moonlight Altar - Lunar Estate Ruins,Revenant,40000022,,839,-,,117,117,117,117,117,117,117,117,,0,0,-10,0,0,0,0,40,,343,343,343,343,Immune,Immune,Immune,,1,1,1,1,1,,30,1,30,2.308,,1,1,1,1,1,1,1,1,1.5,0
Moonlight Altar - Lunar Estate Ruins,Royal Revenant,40208022,,"3,723",-,,117,117,117,117,117,117,117,117,,0,0,-10,0,0,0,0,40,,343,343,343,343,Immune,Immune,Immune,,1,1,1,1,1,,70,1,70,5.385,,1,1,1,1,1,1,1,1,1.5,0
Moonlight Altar - Lunar Estate Ruins,Royal Revenant,40208122,,"3,723",-,,117,117,117,117,117,117,117,117,,0,0,-10,0,0,0,0,40,,343,343,343,343,Immune,Immune,Immune,,1,1,1,1,1,,70,1,70,5.385,,1,1,1,1,1,1,1,1,1.5,0
Moonlight Altar - Ringleader's Evergaol,"Alecto, Black Knife Ringleader [Boss]",21002922,,"17,482",-,,120,120,120,120,120,120,120,120,,10,10,10,35,20,20,20,40,,Immune,Immune,Immune,351,Immune,Immune,Immune,,1,0.7,1,1,1,,80,1,80,6.154,,1,1,1,1,1,1,1,1,1.5,0
Moonlight Altar - Ringleader's Evergaol,Crystalian (Spear),33501022,,"1,930",-,,117,117,117,117,117,117,117,117,,91,10,93.5,93.5,94,94,94,94,,561,561,Immune,561,Immune,Immune,Immune,,1,1,1,1,1,,70,1,70,5.385,,1,1,1,1,1,1,1,1,1.5,0
Moonlight Altar - Ringleader's Evergaol,Crystalian (Spear) [Cracked],33501022b,,"1,930",-,,117,117,117,117,117,117,117,117,,10,10,35,35,40,40,40,40,,561,561,Immune,561,Immune,Immune,Immune,,1,1,1,1,1,,70,1,70,5.385,,1,1,1,1,1,1,1,1,1.5,0
Moonlight Altar - Ringleader's Evergaol,Lookout Stone,44300022,,954,-,,117,117,117,117,117,117,117,117,,35,10,35,35,40,40,40,40,,Immune,Immune,Immune,Immune,Immune,Immune,Immune,,1,1,1,1,1,,30,1,30,2.308,,1,1,1,1,1,1,1,1,2,0
Moonlight Altar - West of Deep Ainsel Well,Boar,60500022,,82,-,,100,100,100,100,100,100,100,100,,-40,-40,-40,-40,-40,-100,-40,-40,,63,63,63,63,63,Immune,Immune,,1,1,1,1,1,,-1,1,∞,0,,1,1,1,1,1,1,1,1,1.5,0
Moonlight Altar - West of Deep Ainsel Well,Crimson Teardrop Scarab,41910022,,844,-,,117,117,117,117,117,117,117,117,,10,10,35,35,40,40,40,40,,Immune,Immune,Immune,Immune,Immune,Immune,Immune,,1,1,1,1,1,,30,1,30,2.308,,1,1,1,1,1,1,1,1,1.5,0
Moonlight Altar - West of Deep Ainsel Well,Crystalian (Ringblade),33500022,,"1,930",-,,117,117,117,117,117,117,117,117,,91,10,93.5,93.5,94,94,94,94,,561,561,Immune,561,Immune,Immune,Immune,,1,1,1,1,1,,70,1,70,5.385,,1,1,1,1,1,1,1,1,1.5,0
Moonlight Altar - West of Deep Ainsel Well,Crystalian (Ringblade) [Cracked],33500022b,,"1,930",-,,117,117,117,117,117,117,117,117,,10,10,35,35,40,40,40,40,,561,561,Immune,561,Immune,Immune,Immune,,1,1,1,1,1,,70,1,70,5.385,,1,1,1,1,1,1,1,1,1.5,0
Moonlight Altar - West of Deep Ainsel Well,Dragon,45020022,,"8,988",-,,117,117,117,117,117,117,117,117,,35,35,35,10,80,40,40,40,,561,561,561,561,Immune,Immune,Immune,,1,1,1,1,1,,120,1,120,9.231,,1,1,1,1,1,1,1,1,1.5,1
Moonlight Altar - West of Deep Ainsel Well,Hawk,60010022,,27,-,,100,100,100,100,100,100,100,100,,-40,-40,-40,-40,-40,-100,-40,-40,,63,63,63,63,63,Immune,Immune,,1,1,1,1,1,,-1,1,∞,0,,1,1,1,1,1,1,1,1,1.5,0
Moonlight Altar - West of Deep Ainsel Well,Red Wolf,31810022,,"5,335",-,,117,117,117,117,117,117,117,117,,0,0,-10,0,40,20,20,20,,343,343,561,561,343,Immune,Immune,,1,1,1,1,1,,120,1,120,9.231,,1,1,1,1,1,1,1,1,1.5,0
Morne Tunnel,Misbegotten,34500012,,245,-,,102,102,102,102,102,102,102,102,,0,0,0,0,0,-20,0,0,,227,227,227,227,227,Immune,Immune,,1,1,1,1,1,,30,1,30,2.308,,1,1,1,1,1,1,1,1,1.5,0
Morne Tunnel,Scaly Misbegotten [Boss],34510912,,"1,360",-,,102,102,102,102,102,102,102,102,,0,0,10,-10,0,-20,0,0,,227,227,227,227,227,Immune,Immune,,0.7,0.7,0.7,1,1,,65,1,65,5,,1,1,1,1,1,1,1,1,1.5,0
Morne Tunnel,Tunnel Miner,43820012,,119,-,,102,102,102,102,102,102,102,102,,80,35,80,80,20,40,40,20,,512,313,313,313,227,Immune,Immune,,1,1,1,1,1,,65,1,65,5,,1,1,1,1,1,1,1,1,1.5,0
Morne Tunnel,Tunnel Miner,43821012,,119,-,,102,102,102,102,102,102,102,102,,80,35,80,80,20,40,40,20,,512,313,313,313,227,Immune,Immune,,1,1,1,1,1,,65,1,65,5,,1,1,1,1,1,1,1,1,1.5,0
Morne Tunnel,Tunnel Miner,43827012,,119,-,,102,102,102,102,102,102,102,102,,80,35,80,80,20,40,40,20,,512,313,313,313,227,Immune,Immune,,1,1,1,1,1,,65,1,65,5,,1,1,1,1,1,1,1,1,1.5,0
Morne Tunnel,Winged Misbegotten,34501012,,245,-,,102,102,102,102,102,102,102,102,,0,0,0,0,0,-20,0,0,,227,227,227,227,227,Immune,Immune,,1,1,1,1,1,,30,1,30,2.308,,1,1,1,1,1,1,1,1,1.5,0
"Mountaintops of the Giants - Ancient Snow Valley Ruins, Stargazers' Ruins",Demi-Human,41000050,,576,-,,115,115,115,115,115,115,115,115,,-10,-10,-40,-10,-20,-20,-20,-20,,185,185,185,247,185,Immune,Immune,,1,1,1,1,1,,30,1,30,2.308,,1,1,1,1,1,1,1,1,1.5,0
"Mountaintops of the Giants - Ancient Snow Valley Ruins, Stargazers' Ruins",Demi-Human Shaman,41100050,,411,-,,115,115,115,115,115,115,115,115,,-10,-10,-40,-10,-20,-20,-20,-20,,185,185,185,185,185,Immune,Immune,,1,1,1,1,1,,30,1,30,2.308,,1,1,1,1,1,1,1,1,1.5,0
"Mountaintops of the Giants - Ancient Snow Valley Ruins, Stargazers' Ruins",Giant Bat,42000050,,610,-,,115,115,115,115,115,115,115,115,,-10,-10,-40,-10,-20,-20,-20,-20,,185,185,185,185,44,Immune,Immune,,1,1,1,1,1,,30,1,30,2.308,,1,1,1,1,1,1,1,1,1.5,0
"Mountaintops of the Giants - Ancient Snow Valley Ruins, Stargazers' Ruins",Giant Bat,42000150,,610,-,,115,115,115,115,115,115,115,115,,-10,-10,-40,-10,-20,-20,-20,-20,,185,185,185,185,44,Immune,Immune,,1,1,1,1,1,,30,1,30,2.308,,1,1,1,1,1,1,1,1,1.5,0
"Mountaintops of the Giants - Ancient Snow Valley Ruins, Stargazers' Ruins",Giant Bat,42001150,,"2,082",-,,115,115,115,115,115,115,115,115,,-10,-10,-40,-10,-20,-20,-20,-20,,185,185,185,185,44,Immune,Immune,,1,1,1,1,1,,30,1,30,2.308,,1,1,1,1,1,1,1,1,1.5,0
"Mountaintops of the Giants - Ancient Snow Valley Ruins, Stargazers' Ruins",Golem,46602050,,"25,363",-,,115,115,115,115,115,115,115,115,,10,0,10,10,20,40,40,40,,Immune,Immune,Immune,Immune,Immune,Immune,Immune,,1,1,1,1,1,,120,0.4096,292.969,9.231,,1,1,1,1,1,1,1,1,2.5,1
"Mountaintops of the Giants - Ancient Snow Valley Ruins, Stargazers' Ruins",Hermit Merchant,32002650,,"6,210",-,,115,115,115,115,115,115,115,115,,-10,0,-10,-10,0,0,0,0,,247,247,247,340,Immune,Immune,Immune,,1,1,1,1,1,,30,1,30,2.308,,1,1,1,1,1,1,1,1,1.5,0
"Mountaintops of the Giants - Ancient Snow Valley Ruins, Stargazers' Ruins",Jellyfish (Aureliette),41809050,,"1,080",-,,115,115,115,115,115,115,115,115,,0,35,0,0,20,20,-20,0,,Immune,Immune,Immune,Immune,Immune,Immune,Immune,,1,1,1,1,1,,30,1,30,2.308,,1,1,1,1,1,1,1,1,1.5,0
"Mountaintops of the Giants - Ancient Snow Valley Ruins, Stargazers' Ruins",Large Demi-Human,41010050,,"1,128",-,,115,115,115,115,115,115,115,115,,-10,-10,-40,-10,-20,-20,-20,-20,,185,185,185,247,185,Immune,Immune,,1,1,1,1,1,,30,1,30,2.308,,1,1,1,1,1,1,1,1,1.5,0
"Mountaintops of the Giants - Ancient Snow Valley Ruins, Stargazers' Ruins",Latenna Dialogue,502280050,,"9,392",-,,115,115,115,115,115,115,115,115,,0,0,0,0,0,0,0,0,,Immune,Immune,Immune,Immune,Immune,Immune,Immune,,1,1,1,1,1,,-1,1,∞,0,,1,1,1,1,1,1,1,1,1.5,0
"Mountaintops of the Giants - Ancient Snow Valley Ruins, Stargazers' Ruins",Nomad Mule,32102650,,"3,618",-,,115,115,115,115,115,115,115,115,,-10,0,-10,-10,0,-20,0,0,,247,247,340,340,Immune,Immune,Immune,,1,1,1,1,1,,30,1,30,2.308,,1,1,1,1,1,1,1,1,1.5,0
"Mountaintops of the Giants - Ancient Snow Valley Ruins, Stargazers' Ruins",Springhare,61000050,,27,-,,100,100,100,100,100,100,100,100,,-40,-40,-40,-40,-40,-100,-40,-40,,63,63,63,63,63,Immune,Immune,,1,1,1,1,1,,-1,1,∞,0,,1,1,1,1,1,1,1,1,1.5,0
"Mountaintops of the Giants - Ancient Snow Valley Ruins, Stargazers' Ruins",Stone Large Teardrop Scarab,41905050,,"1,031",-,,115,115,115,115,115,115,115,115,,10,10,35,35,40,40,40,40,,Immune,Immune,Immune,Immune,Immune,Immune,Immune,,1,1,1,1,1,,65,1,65,5,,1,1,1,1,1,1,1,1,1.5,0
"Mountaintops of the Giants - Ancient Snow Valley Ruins, Stargazers' Ruins",Sunflower Commoner,36660050,,"5,047",-,,115,115,115,115,115,115,115,115,,-10,-10,-10,-10,-20,-20,-20,0,,Immune,Immune,Immune,Immune,Immune,Immune,Immune,,1,1,1,1,1,,30,1,30,2.308,,1,1,1,1,1,1,1,1,1.5,0
"Mountaintops of the Giants - Before Freezing Lake, Heretical Rise",Avionette,38600050,,838,-,,115,115,115,115,115,115,115,115,,0,-10,10,10,0,-20,0,0,,Immune,Immune,Immune,Immune,Immune,Immune,Immune,,1,1,1,1,1,,30,1,30,2.308,,1,1,1,1,1,1,1,1,1,0
"Mountaintops of the Giants - Before Freezing Lake, Heretical Rise",Avionette,38600150,,838,-,,115,115,115,115,115,115,115,115,,0,-10,10,10,0,-20,0,0,,Immune,Immune,Immune,Immune,Immune,Immune,Immune,,1,1,1,1,1,,30,1,30,2.308,,1,1,1,1,1,1,1,1,1,0
"Mountaintops of the Giants - Before Freezing Lake, Heretical Rise",Avionette,38601050,,838,-,,115,115,115,115,115,115,115,115,,0,-10,10,10,0,-20,0,0,,Immune,Immune,Immune,Immune,Immune,Immune,Immune,,1,1,1,1,1,,30,1,30,2.308,,1,1,1,1,1,1,1,1,1,0
"Mountaintops of the Giants - Before Freezing Lake, Heretical Rise",Demi-Human,41001050,,576,-,,115,115,115,115,115,115,115,115,,-10,-10,-40,-10,-20,-20,-20,-20,,185,185,185,247,185,Immune,Immune,,1,1,1,1,1,,30,1,30,2.308,,1,1,1,1,1,1,1,1,1.5,0
"Mountaintops of the Giants - Before Freezing Lake, Heretical Rise",Marionette,38501050,,867,-,,115,115,115,115,115,115,115,115,,0,-10,10,10,0,-20,0,0,,Immune,Immune,Immune,Immune,Immune,Immune,Immune,,1,1,1,1,1,,30,1,30,2.308,,1,1,1,1,1,1,1,1,1,0
"Mountaintops of the Giants - Before Freezing Lake, Heretical Rise",Marionette,38502050,,867,-,,115,115,115,115,115,115,115,115,,0,-10,10,10,0,-20,0,0,,Immune,Immune,Immune,Immune,Immune,Immune,Immune,,1,1,1,1,1,,30,1,30,2.308,,1,1,1,1,1,1,1,1,1,0
"Mountaintops of the Giants - Before Freezing Lake, Heretical Rise",Skeleton (Curved Sword),35000050,,716,-,,115,115,115,115,115,115,115,115,,0,-40,10,35,0,20,40,-40,,Immune,247,Immune,Immune,Immune,Immune,Immune,,1,1,1,1,1,,30,1,30,2.308,,0,1,1,1,1,1,1,1,1.5,0
"Mountaintops of the Giants - Before Freezing Lake, Heretical Rise",Skeleton (Curved Sword),35001050,,716,-,,115,115,115,115,115,115,115,115,,0,-40,10,35,0,20,40,-40,,Immune,247,Immune,Immune,Immune,Immune,Immune,,1,1,1,1,1,,30,1,30,2.308,,0,1,1,1,1,1,1,1,1.5,0
"Mountaintops of the Giants - Before Freezing Lake, Heretical Rise",Skeleton (Curved Sword),35002050,,716,-,,115,115,115,115,115,115,115,115,,0,-40,10,35,0,20,40,-40,,Immune,247,Immune,Immune,Immune,Immune,Immune,,1,1,1,1,1,,30,1,30,2.308,,0,1,1,1,1,1,1,1,1.5,0
"Mountaintops of the Giants - Before Freezing Lake, Heretical Rise",Skeleton (Curved Sword),35003050,,716,-,,115,115,115,115,115,115,115,115,,0,-40,10,35,0,20,40,-40,,Immune,247,Immune,Immune,Immune,Immune,Immune,,1,1,1,1,1,,35,1,35,2.692,,0,1,1,1,1,1,1,1,1.5,0
"Mountaintops of the Giants - Before Freezing Lake, Heretical Rise",Skeleton (Curved Sword),35004050,,716,-,,115,115,115,115,115,115,115,115,,0,-40,10,35,0,20,40,-40,,Immune,247,Immune,Immune,Immune,Immune,Immune,,1,1,1,1,1,,35,1,35,2.692,,0,1,1,1,1,1,1,1,1.5,0
Mountaintops of the Giants - Before Grand Lift of Rold,Black Blade Kindred (Greatsword) [Boss],47700250,,"8,452",-,,115,115,115,115,115,115,115,115,,10,0,35,35,20,40,40,80,,Immune,Immune,Immune,Immune,Immune,Immune,Immune,,1,1,1,1,1,,110,1,110,8.462,,1.5,1,1,1,1,1,1,1,1.5,1
Mountaintops of the Giants - East Zamor Ruins,Large Fingercreeper,42405050,,"3,618",-,,115,115,115,115,115,115,115,115,,-10,-10,-40,-10,0,0,0,0,,247,247,185,247,Immune,Immune,Immune,,1,1,1,1,1,,65,1,65,5,,1,1,1,1,1,1,1,1,1.5,1
Mountaintops of the Giants - East Zamor Ruins,Large Fingercreeper,42405150,,"3,618",-,,115,115,115,115,115,115,115,115,,-10,-10,-40,-10,0,0,0,0,,247,247,185,247,Immune,Immune,Immune,,1,1,1,1,1,,65,1,65,5,,1,1,1,1,1,1,1,1,1.5,1
Mountaintops of the Giants - East Zamor Ruins,Small Fingercreeper,42500150,,508,-,,115,115,115,115,115,115,115,115,,-10,-10,-40,-10,0,0,0,0,,247,247,185,247,Immune,Immune,Immune,,1,1,1,1,1,,30,1,30,2.308,,1,1,1,1,1,1,1,1,1.5,0
Mountaintops of the Giants - East Zamor Ruins,Stone Teardrop Scarab,41915050,,745,-,,115,115,115,115,115,115,115,115,,10,10,35,35,40,40,40,40,,Immune,Immune,Immune,Immune,Immune,Immune,Immune,,1,1,1,1,1,,30,1,30,2.308,,1,1,1,1,1,1,1,1,1.5,0
Mountaintops of the Giants - East Zamor Ruins,Troll Knight,46020050,,"9,208",-,,115,115,115,115,115,115,115,115,,0,10,-10,0,0,-20,0,0,,247,247,247,"1,197",44,Immune,Immune,,1,1,1,1,1,,65,1,65,5,,1,1,1,1,1,1,1,1,2,1
Mountaintops of the Giants - Forbidden Lands Midway,Cerulean Teardrop Scarab,41911050,,745,-,,115,115,115,115,115,115,115,115,,10,10,35,35,40,40,40,40,,Immune,Immune,Immune,Immune,Immune,Immune,Immune,,1,1,1,1,1,,30,1,30,2.308,,1,1,1,1,1,1,1,1,1.5,0
Mountaintops of the Giants - Forbidden Lands Midway,Crimson Teardrop Scarab,41910050,,745,-,,115,115,115,115,115,115,115,115,,10,10,35,35,40,40,40,40,,Immune,Immune,Immune,Immune,Immune,Immune,Immune,,1,1,1,1,1,,30,1,30,2.308,,1,1,1,1,1,1,1,1,1.5,0
Mountaintops of the Giants - Forbidden Lands Midway,Night's Cavalry (Glaive) [Boss],31500050,,"6,602",-,,118,118,118,118,118,118,118,118,,35,35,35,10,40,40,20,40,,345,345,565,565,Immune,Immune,Immune,,0.7,0.7,1,1,1,,80,1,80,6.154,,1,1,1,1,1,1,1,1,1.5,0
Mountaintops of the Giants - Forbidden Lands Midway,Night's Cavalry Horse,31600050,,"7,147",-,,118,118,118,118,118,118,118,118,,10,10,0,10,20,20,20,20,,345,345,345,345,Immune,Immune,Immune,,0.7,0.7,1,1,1,,80,1,80,6.154,,1,1,1,1,1,1,1,1,1.5,0
Mountaintops of the Giants - Guardians' Garrison,Ash Teardrop Scarab,41912050,,745,-,,115,115,115,115,115,115,115,115,,10,10,35,35,40,40,40,40,,Immune,Immune,Immune,Immune,Immune,Immune,Immune,,1,1,1,1,1,,30,1,30,2.308,,1,1,1,1,1,1,1,1,1.5,0
Mountaintops of the Giants - Guardians' Garrison,Bloodthorn Exile,43810250,,784,-,,115,115,115,115,115,115,115,115,,-10,-10,-10,-10,0,20,0,0,,139,139,556,247,247,Immune,Immune,,1,1,1,1,1,,30,1,30,2.308,,1,1,1,1,1,1,1,1,1.5,0
Mountaintops of the Giants - Guardians' Garrison,Bloodthorn Exile,43810350,,784,-,,115,115,115,115,115,115,115,115,,-10,-10,-10,-10,0,20,0,0,,139,139,556,247,247,Immune,Immune,,1,1,1,1,1,,30,1,30,2.308,,1,1,1,1,1,1,1,1,1.5,0
Mountaintops of the Giants - Guardians' Garrison,Fire Prelate,39100250,,"5,638",-,,115,115,115,115,115,115,115,115,,0,10,10,0,20,40,20,-20,,340,340,247,556,556,Immune,Immune,,1,1,1,1,1,,80,1,80,6.154,,1,1,1,1,1,1,1,1,0.5,0
Mountaintops of the Giants - Guardians' Garrison,Large Starved Dog,41602050,,"1,637",-,,115,115,115,115,115,115,115,115,,-10,-10,-40,-10,-20,-40,-20,-20,,185,185,185,247,185,Immune,Immune,,1,1,1,1,1,,30,1,30,2.308,,1,1,1,1,1,1,1,1,1.5,0
Mountaintops of the Giants - Guardians' Garrison,Rat,40800050,,784,-,,115,115,115,115,115,115,115,115,,-10,-10,-40,-10,-20,-40,-20,-20,,340,340,185,247,185,Immune,Immune,,1,1,1,1,1,,30,1,30,2.308,,1,1,1,1,1,1,1,1,1.5,0
Mountaintops of the Giants - Guardians' Garrison,Starved Dog,41610350,,784,-,,115,115,115,115,115,115,115,115,,-10,-10,-40,-10,-20,-40,-20,-20,,185,185,185,247,185,Immune,Immune,,1,1,1,1,1,,30,1,30,2.308,,1,1,1,1,1,1,1,1,1.5,0
Mountaintops of the Giants - North of Zamor Ruins,Bloodthorn Exile,43811150,,784,-,,115,115,115,115,115,115,115,115,,-10,-10,-10,-10,0,20,0,0,,139,139,556,247,247,Immune,Immune,,1,1,1,1,1,,30,1,30,2.308,,1,1,1,1,1,1,1,1,1.5,0
Mountaintops of the Giants - North of Zamor Ruins,Fire Prelate,39101150,,"5,638",-,,115,115,115,115,115,115,115,115,,0,10,10,0,20,40,20,-20,,340,340,247,556,556,Immune,Immune,,1,1,1,1,1,,80,1,80,6.154,,1,1,1,1,1,1,1,1,0.5,0
Mountaintops of the Giants - Northeast Giants' Gravepost,Large Fingercreeper,42406350,,"3,618",-,,115,115,115,115,115,115,115,115,,-10,-10,-40,-10,0,0,0,0,,247,247,185,247,Immune,Immune,Immune,,1,1,1,1,1,,65,1,65,5,,1,1,1,1,1,1,1,1,1.5,1
Mountaintops of the Giants - Northeast Giants' Gravepost,Large Fingercreeper,42406450,,"3,618",-,,115,115,115,115,115,115,115,115,,-10,-10,-40,-10,0,0,0,0,,247,247,185,247,Immune,Immune,Immune,,1,1,1,1,1,,65,1,65,5,,1,1,1,1,1,1,1,1,1.5,1
Mountaintops of the Giants - Northwest Giants' Gravepost,Large Fingercreeper,42405750,,"3,618",-,,115,115,115,115,115,115,115,115,,-10,-10,-40,-10,0,0,0,0,,247,247,185,247,Immune,Immune,Immune,,1,1,1,1,1,,65,1,65,5,,1,1,1,1,1,1,1,1,1.5,1
Mountaintops of the Giants - Northwest Giants' Gravepost,Large Fingercreeper,42405850,,"3,618",-,,115,115,115,115,115,115,115,115,,-10,-10,-40,-10,0,0,0,0,,247,247,185,247,Immune,Immune,Immune,,1,1,1,1,1,,65,1,65,5,,1,1,1,1,1,1,1,1,1.5,1
Mountaintops of the Giants - Northwest Giants' Gravepost,Large Fingercreeper,42406150,,"3,618",-,,115,115,115,115,115,115,115,115,,-10,-10,-40,-10,0,0,0,0,,247,247,185,247,Immune,Immune,Immune,,1,1,1,1,1,,65,1,65,5,,1,1,1,1,1,1,1,1,1.5,1
Mountaintops of the Giants - Northwest Giants' Gravepost,Large Fingercreeper,42406250,,"3,618",-,,115,115,115,115,115,115,115,115,,-10,-10,-40,-10,0,0,0,0,,247,247,185,247,Immune,Immune,Immune,,1,1,1,1,1,,65,1,65,5,,1,1,1,1,1,1,1,1,1.5,1
Mountaintops of the Giants - Northwest Giants' Gravepost,Monstrous Dog,45506050,,"3,235",-,,115,115,115,115,115,115,115,115,,-10,-10,-40,-10,-20,-40,-20,-20,,185,185,185,247,185,Immune,Immune,,1,1,1,1,1,,40,1,40,3.077,,1,1,1,1,1,1,1,1,1.5,1
"Mountaintops of the Giants - Northwest of Freezing Lake, East of Castle Sol",Skeleton (Curved Sword),35001000,,148,-,,100,100,100,100,100,100,100,100,,0,-40,10,35,0,20,40,-40,,Immune,112,Immune,Immune,Immune,Immune,Immune,,1,1,1,1,1,,30,1,30,2.308,,0,1,1,1,1,1,1,1,1.5,0
"Mountaintops of the Giants - Northwest of Freezing Lake, East of Castle Sol",Undead Mariner,30601050,,"2,969",-,,115,115,115,115,115,115,115,115,,0,-40,10,35,0,20,40,-40,,Immune,247,Immune,Immune,Immune,Immune,Immune,,1,1,1,1,1,,55,1,55,4.231,,1,1,1,1,1,1,1,1,1.5,0
"Mountaintops of the Giants - Shack of the Lofty; Consecrated Snowfield - Minor Erdtree, Albinauric Rise, Cave of the Forlorn Entrance",Albinauric,34701652,,"1,698",-,,120,120,120,120,120,120,120,120,,-10,10,-10,-10,0,20,-20,-40,,Immune,367,200,601,200,Immune,Immune,,1,1,1,1,1,,30,1,30,2.308,,1,1,1,1,1,1,1,1,1.5,0
"Mountaintops of the Giants - Shack of the Lofty; Consecrated Snowfield - Minor Erdtree, Albinauric Rise, Cave of the Forlorn Entrance",Demi-Human,41002050,,576,-,,115,115,115,115,115,115,115,115,,-10,-10,-40,-10,-20,-20,-20,-20,,185,185,185,247,185,Immune,Immune,,1,1,1,1,1,,30,1,30,2.308,,1,1,1,1,1,1,1,1,1.5,0
"Mountaintops of the Giants - Shack of the Lofty; Consecrated Snowfield - Minor Erdtree, Albinauric Rise, Cave of the Forlorn Entrance",Giant Bat,42001050,,"2,082",-,,115,115,115,115,115,115,115,115,,-10,-10,-40,-10,-20,-20,-20,-20,,185,185,185,185,44,Immune,Immune,,1,1,1,1,1,,30,1,30,2.308,,1,1,1,1,1,1,1,1,1.5,0
"Mountaintops of the Giants - Shack of the Lofty; Consecrated Snowfield - Minor Erdtree, Albinauric Rise, Cave of the Forlorn Entrance",Great Wyrm Theodorix [Boss],49110052,,"25,649",-,,122,122,122,122,122,122,122,122,,10,10,35,10,40,80,40,40,,653,653,653,"1,406",290,Immune,Immune,,0.7,0.7,1,1,1,,120,1,120,9.231,,1,1,1,1,1,1,1,1,1.5,1
"Mountaintops of the Giants - Shack of the Lofty; Consecrated Snowfield - Minor Erdtree, Albinauric Rise, Cave of the Forlorn Entrance",Imp (Cat),30800852,,"1,182",-,,120,120,120,120,120,120,120,120,,10,0,35,35,20,40,40,40,,Immune,Immune,Immune,Immune,Immune,Immune,Immune,,1,1,1,1,1,,30,1,30,2.308,,1,1,1,1,1,1,1,1,1.5,0
"Mountaintops of the Giants - Shack of the Lofty; Consecrated Snowfield - Minor Erdtree, Albinauric Rise, Cave of the Forlorn Entrance",Red Wolf,31811052,,"6,689",-,,120,120,120,120,120,120,120,120,,0,0,-10,0,40,20,20,20,,367,367,601,601,367,Immune,Immune,,1,1,1,1,1,,120,1,120,9.231,,1,1,1,1,1,1,1,1,1.5,0
"Mountaintops of the Giants - Shack of the Lofty; Consecrated Snowfield - Minor Erdtree, Albinauric Rise, Cave of the Forlorn Entrance",Slug (Fire),40403052,,721,-,,120,120,120,120,120,120,120,120,,-10,-10,-40,-10,-20,100,-40,-20,,150,150,Immune,150,Immune,Immune,Immune,,1,1,1,1,1,,30,1,30,2.308,,1,1,1,1,1,1,1,1,1.5,1
"Mountaintops of the Giants - Shack of the Lofty; Consecrated Snowfield - Minor Erdtree, Albinauric Rise, Cave of the Forlorn Entrance",Wandering Noble,43007150,,411,-,,115,115,115,115,115,115,115,115,,-10,-10,-10,-10,-20,-20,-20,0,,Immune,Immune,Immune,Immune,Immune,Immune,Immune,,1,1,1,1,1,,30,1,30,2.308,,1,1,1,1,1,1,1,1,1.5,0
"Mountaintops of the Giants - South Castle Sol, Snow Valley Ruins Overlook",Albinauric Lookout,36702051,,630,-,,117,117,117,117,117,117,117,117,,-10,-10,-10,-10,-20,-20,-20,-40,,Immune,187,187,187,249,Immune,Immune,,1,1,1,1,1,,30,1,30,2.308,,1,1,1,1,1,1,1,1,1.5,0
"Mountaintops of the Giants - South Castle Sol, Snow Valley Ruins Overlook",Albinauric Lookout,36702251,,630,-,,117,117,117,117,117,117,117,117,,-10,-10,-10,-10,-20,-20,-20,-40,,Immune,187,187,187,249,Immune,Immune,,1,1,1,1,1,,30,1,30,2.308,,0,1,1,1,1,1,1,1,1.5,1
"Mountaintops of the Giants - South Castle Sol, Snow Valley Ruins Overlook",Albinauric Lookout,36703051,,888,-,,117,117,117,117,117,117,117,117,,-10,-10,-10,-10,-20,-20,-20,-40,,Immune,187,187,187,140,Immune,Immune,,1,1,1,1,1,,30,1,30,2.308,,1,1,1,1,1,1,1,1,1.5,0
"Mountaintops of the Giants - South Castle Sol, Snow Valley Ruins Overlook",Ballista,81000051,,"3,723",-,,117,117,117,117,117,117,117,117,,0,-10,10,10,0,-20,0,0,,Immune,Immune,Immune,Immune,Immune,Immune,Immune,,1,1,1,1,1,,-1,1,∞,504.95,,1,1,1,1,1,1,1,1,1.5,0
"Mountaintops of the Giants - South Castle Sol, Snow Valley Ruins Overlook",Banished Knight (Draconic),30100451,,"2,615",-,,117,117,117,117,117,117,117,117,,10,10,35,0,20,20,0,20,,Immune,Immune,Immune,Immune,Immune,Immune,Immune,,1,1,1,1,1,,65,1,65,5,,1,1,1,1,1,1,1,1,1.5,0
"Mountaintops of the Giants - South Castle Sol, Snow Valley Ruins Overlook",Banished Knight (Draconic),30101451,,"2,615",-,,117,117,117,117,117,117,117,117,,10,10,35,0,20,20,0,20,,Immune,Immune,Immune,Immune,Immune,Immune,Immune,,1,1,1,1,1,,65,1,65,5,,1,1,1,1,1,1,1,1,1.5,0
"Mountaintops of the Giants - South Castle Sol, Snow Valley Ruins Overlook",Banished Knight (Draconic),30101651,,"3,509",-,,117,117,117,117,117,117,117,117,,10,10,35,0,20,20,0,20,,Immune,Immune,Immune,Immune,Immune,Immune,Immune,,1,1,1,1,1,,75,1,75,5.769,,1,1,1,1,1,1,1,1,1.5,0
"Mountaintops of the Giants - South Castle Sol, Snow Valley Ruins Overlook",Banished Knight (Draconic),30106051,,"1,967",-,,114,114,114,114,114,114,114,114,,10,10,35,0,20,20,0,20,,Immune,Immune,Immune,Immune,Immune,Immune,Immune,,1,1,1,1,1,,65,1,65,5,,1,1,1,1,1,1,1,1,1.5,0
"Mountaintops of the Giants - South Castle Sol, Snow Valley Ruins Overlook",Banished Knight (Draconic),30107051,,"1,967",-,,114,114,114,114,114,114,114,114,,10,10,35,0,20,20,0,20,,Immune,Immune,Immune,Immune,Immune,Immune,Immune,,1,1,1,1,1,,65,1,65,5,,1,1,1,1,1,1,1,1,1.5,0
"Mountaintops of the Giants - South Castle Sol, Snow Valley Ruins Overlook",Banished Knight (Hood),30102651,,"3,509",-,,117,117,117,117,117,117,117,117,,10,10,35,0,20,20,0,20,,Immune,Immune,Immune,Immune,Immune,Immune,Immune,,1,1,1,1,1,,75,1,75,5.769,,1,1,1,1,1,1,1,1,1.5,0
"Mountaintops of the Giants - South Castle Sol, Snow Valley Ruins Overlook","Castle Exile (Spear, Shield)",30006051,,734,-,,117,117,117,117,117,117,117,117,,0,0,10,-10,0,0,-20,0,,Immune,Immune,Immune,Immune,Immune,Immune,Immune,,1,1,1,1,1,,30,1,30,2.308,,1,1,1,1,1,1,1,1,1.5,0
"Mountaintops of the Giants - South Castle Sol, Snow Valley Ruins Overlook","Castle Exile (Sword, Crossbow)",30004051,,734,-,,117,117,117,117,117,117,117,117,,0,0,10,-10,0,0,-20,0,,Immune,Immune,Immune,Immune,Immune,Immune,Immune,,1,1,1,1,1,,30,1,30,2.308,,1,1,1,1,1,1,1,1,1.5,0
"Mountaintops of the Giants - South Castle Sol, Snow Valley Ruins Overlook","Castle Exile (Sword, Shield)",30005051,,734,-,,117,117,117,117,117,117,117,117,,0,0,10,-10,0,0,-20,0,,Immune,Immune,Immune,Immune,Immune,Immune,Immune,,1,1,1,1,1,,30,1,30,2.308,,1,1,1,1,1,1,1,1,1.5,0
"Mountaintops of the Giants - South Castle Sol, Snow Valley Ruins Overlook",Castle Exile (Sword),30004151,,734,-,,117,117,117,117,117,117,117,117,,0,0,10,-10,0,0,-20,0,,Immune,Immune,Immune,Immune,Immune,Immune,Immune,,1,1,1,1,1,,30,1,30,2.308,,1,1,1,1,1,1,1,1,1.5,0
"Mountaintops of the Giants - South Castle Sol, Snow Valley Ruins Overlook",Castle Exile (Sword),30004351,,734,-,,117,117,117,117,117,117,117,117,,0,0,10,-10,0,0,-20,0,,Immune,Immune,Immune,Immune,Immune,Immune,Immune,,1,1,1,1,1,,30,1,30,2.308,,1,1,1,1,1,1,1,1,1.5,0
"Mountaintops of the Giants - South Castle Sol, Snow Valley Ruins Overlook",Commander Niall [Boss],30500051,,"15,541",-,,117,117,117,117,117,117,117,117,,10,10,35,0,20,20,20,20,,343,343,343,343,343,Immune,Immune,,0.7,0.7,1,1,1,,90,1,90,6.923,,1,1,1,1,1,1,1,1,1.5,1
"Mountaintops of the Giants - South Castle Sol, Snow Valley Ruins Overlook",Grey Wolf,40700051,,427,-,,117,117,117,117,117,117,117,117,,-10,-10,-40,-10,-20,-40,-20,-20,,187,187,187,343,187,Immune,Immune,,1,1,1,1,1,,30,1,30,2.308,,1,1,1,1,1,1,1,1,1.5,0
"Mountaintops of the Giants - South Castle Sol, Snow Valley Ruins Overlook",Large Castle Exile,30200151,,"1,052",-,,117,117,117,117,117,117,117,117,,0,0,10,-10,0,0,-20,0,,Immune,Immune,Immune,Immune,Immune,Immune,Immune,,1,1,1,1,1,,50,1,50,3.846,,1,1,1,1,1,1,1,1,1.5,0
"Mountaintops of the Giants - South Castle Sol, Snow Valley Ruins Overlook",Lion Guardian,42701051,,"7,019",-,,117,117,117,117,117,117,117,117,,0,0,-10,0,0,-20,0,0,,343,343,561,Immune,249,Immune,Immune,,1,1,1,1,1,,80,1,80,6.154,,1,1,1,1,1,1,1,1,1.5,0
"Mountaintops of the Giants - South Castle Sol, Snow Valley Ruins Overlook",Rat,40800051,,888,-,,117,117,117,117,117,117,117,117,,-10,-10,-40,-10,-20,-40,-20,-20,,343,343,187,249,187,Immune,Immune,,1,1,1,1,1,,30,1,30,2.308,,1,1,1,1,1,1,1,1,1.5,0
"Mountaintops of the Giants - South Castle Sol, Snow Valley Ruins Overlook",Skull Snail,41403050,,920,-,,115,115,115,115,115,115,115,115,,-10,-40,0,0,-20,0,0,-40,,Immune,185,Immune,Immune,Immune,Immune,Immune,,1,1,1,1,1,,30,1,30,2.308,,1,1,1,1,1,1,1,1,1.5,0
"Mountaintops of the Giants - South Castle Sol, Snow Valley Ruins Overlook",Slug,40400051,,575,-,,117,117,117,117,117,117,117,117,,-10,-10,-40,-10,-20,-20,-40,-20,,140,140,140,140,Immune,Immune,Immune,,1,1,1,1,1,,30,1,30,2.308,,1,1,1,1,1,1,1,1,1.5,1
"Mountaintops of the Giants - South Castle Sol, Snow Valley Ruins Overlook",Tibia Mariner,49500050,,"9,290",-,,115,115,115,115,115,115,115,115,,10,-40,10,35,20,20,40,-40,,Immune,340,Immune,Immune,Immune,Immune,Immune,,1,1,1,1,1,,80,1,80,6.154,,1,1,1,1,1,1,1,1,1.5,0
"Mountaintops of the Giants - South Castle Sol, Snow Valley Ruins Overlook",Wandering Noble (Ghost),43009350,,411,-,,115,115,115,115,115,115,115,115,,-10,-10,-10,-10,-20,-20,-20,0,,Immune,Immune,Immune,Immune,Immune,Immune,Immune,,1,1,1,1,1,,30,1,30,2.308,,1,1,1,1,1,1,1,1,1.5,0
"Mountaintops of the Giants - South Castle Sol, Snow Valley Ruins Overlook",Warhawk,42104551,,"1,656",-,,117,117,117,117,117,117,117,117,,-10,-10,-10,-10,-20,-20,-20,-20,,187,187,187,249,187,Immune,Immune,,1,1,1,1,1,,50,1,50,3.846,,1,1,1,1,1,1,1,1,1.5,0
"Mountaintops of the Giants - South Castle Sol, Snow Valley Ruins Overlook",White Wolf,40710051,,"2,242",-,,117,117,117,117,117,117,117,117,,-10,-10,-40,-10,-20,-40,-20,-20,,187,187,187,343,187,Immune,Immune,,1,1,1,1,1,,50,1,50,3.846,,1,1,1,1,1,1,1,1,1.5,0
"Mountaintops of the Giants - Southwest Freezing Lake, Lord Contender's Evergaol, Spiritcaller Cave Entrance",Giant Crayfish,44203050,,"4,243",-,,115,115,115,115,115,115,115,115,,10,0,35,35,20,-20,0,20,,340,340,340,Immune,185,Immune,Immune,,1,1,1,1,1,,80,0.5,160,6.154,,1,1,1,1,1,1,1,1,4,1
"Mountaintops of the Giants - Southwest Freezing Lake, Lord Contender's Evergaol, Spiritcaller Cave Entrance",Jellyfish,41800050,,"1,080",-,,115,115,115,115,115,115,115,115,,0,35,0,0,20,20,-20,0,,Immune,Immune,Immune,Immune,Immune,Immune,Immune,,1,1,1,1,1,,30,1,30,2.308,,1,1,1,1,1,1,1,1,1.5,0
"Mountaintops of the Giants - Southwest Freezing Lake, Lord Contender's Evergaol, Spiritcaller Cave Entrance",Lookout Stone,44300050,,842,-,,115,115,115,115,115,115,115,115,,35,10,35,35,40,40,40,40,,Immune,Immune,Immune,Immune,Immune,Immune,Immune,,1,1,1,1,1,,30,1,30,2.308,,1,1,1,1,1,1,1,1,2,0
"Mountaintops of the Giants - Southwest Freezing Lake, Lord Contender's Evergaol, Spiritcaller Cave Entrance",Marionette,38500050,,867,-,,115,115,115,115,115,115,115,115,,0,-10,10,10,0,-20,0,0,,Immune,Immune,Immune,Immune,Immune,Immune,Immune,,1,1,1,1,1,,30,1,30,2.308,,1,1,1,1,1,1,1,1,1,0
Mountaintops of the Giants - Southwest Giants' Gravepost,Giant Fingercreeper,42410150,,"7,232",-,,115,115,115,115,115,115,115,115,,-10,-10,-40,-10,0,0,0,0,,247,247,185,247,Immune,Immune,Immune,,1,1,1,1,1,,120,1,120,9.231,,1,1,1,1,1,1,1,1,1.5,1
Mountaintops of the Giants - Southwest Giants' Gravepost,Large Fingercreeper,42405250,,"3,618",-,,115,115,115,115,115,115,115,115,,-10,-10,-40,-10,0,0,0,0,,247,247,185,247,Immune,Immune,Immune,,1,1,1,1,1,,65,1,65,5,,1,1,1,1,1,1,1,1,1.5,1
Mountaintops of the Giants - Southwest Giants' Gravepost,Large Fingercreeper,42405350,,"3,618",-,,115,115,115,115,115,115,115,115,,-10,-10,-40,-10,0,0,0,0,,247,247,185,247,Immune,Immune,Immune,,1,1,1,1,1,,65,1,65,5,,1,1,1,1,1,1,1,1,1.5,1
Mountaintops of the Giants - Southwest Giants' Gravepost,Large Fingercreeper,42405450,,"3,618",-,,115,115,115,115,115,115,115,115,,-10,-10,-40,-10,0,0,0,0,,247,247,185,247,Immune,Immune,Immune,,1,1,1,1,1,,65,1,65,5,,1,1,1,1,1,1,1,1,1.5,1
Mountaintops of the Giants - Southwest Giants' Gravepost,Large Fingercreeper,42405550,,"3,618",-,,115,115,115,115,115,115,115,115,,-10,-10,-40,-10,0,0,0,0,,247,247,185,247,Immune,Immune,Immune,,1,1,1,1,1,,65,1,65,5,,1,1,1,1,1,1,1,1,1.5,1
Mountaintops of the Giants - Southwest Giants' Gravepost,Large Fingercreeper,42405650,,"3,618",-,,115,115,115,115,115,115,115,115,,-10,-10,-40,-10,0,0,0,0,,247,247,185,247,Immune,Immune,Immune,,1,1,1,1,1,,65,1,65,5,,1,1,1,1,1,1,1,1,1.5,1
Mountaintops of the Giants - Southwest Giants' Gravepost,Monstrous Crow,45601050,,"5,832",-,,115,115,115,115,115,115,115,115,,-10,-10,-40,-10,-20,-40,-20,-20,,247,247,247,247,185,Immune,Immune,,1,1,1,1,1,,65,1,65,5,,1,1,1,1,1,1,1,1,1.5,1
Mountaintops of the Giants - Southwest Giants' Gravepost,Monstrous Crow,45601850,,"5,832",-,,115,115,115,115,115,115,115,115,,-10,-10,-40,-10,-20,-40,-20,-20,,247,247,247,247,185,Immune,Immune,,1,1,1,1,1,,65,1,65,5,,1,1,1,1,1,1,1,1,1.5,1
Mountaintops of the Giants - Southwest Giants' Gravepost,Slug (Fire),40403050,,508,-,,115,115,115,115,115,115,115,115,,-10,-10,-40,-10,-20,100,-40,-20,,139,139,Immune,139,Immune,Immune,Immune,,1,1,1,1,1,,30,1,30,2.308,,1,1,1,1,1,1,1,1,1.5,1
Mountaintops of the Giants - Southwest Giants' Gravepost,Stone Huge Teardrop Scarab,41925250,,745,-,,115,115,115,115,115,115,115,115,,10,10,35,35,40,40,40,40,,Immune,Immune,Immune,Immune,Immune,Immune,Immune,,1,1,1,1,1,,80,1,80,6.154,,1,1,1,1,1,1,1,1,1.5,0
Mountaintops of the Giants - West of Castle Sol; Consecrated Snowfield - North of Minor Erdtree,Death Rite Bird [Boss],49801050,,"16,059",-,,118,118,118,118,118,118,118,118,,10,-40,10,35,20,20,40,-40,,Immune,565,Immune,Immune,Immune,Immune,Immune,,1,1,1,1,1,,120,1,120,9.231,,1,1,1,1,1,1,1,1,1.5,1
Mountaintops of the Giants - West of Castle Sol; Consecrated Snowfield - North of Minor Erdtree,Giant Skeleton Torso,49600050,,"9,290",-,,115,115,115,115,115,115,115,115,,10,-40,10,35,20,20,40,-40,,Immune,340,Immune,Immune,Immune,Immune,Immune,,1,1,1,1,1,,120,1,120,9.231,,1,1,1,1,1,1,1,1,1.5,1
Mountaintops of the Giants - West of Castle Sol; Consecrated Snowfield - North of Minor Erdtree,Putrid Avatar [Boss],48110052,,"12,569",-,,122,122,122,122,122,122,122,122,,10,0,10,10,20,-100,20,40,,Immune,Immune,Immune,399,Immune,Immune,Immune,,1,0.7,1,1,1,,120,1,120,9.231,,1,1,1,1,1,1,1,1,1.5,1
Mountaintops of the Giants - West of First Church of Marika,Monstrous Dog,45506450,,"3,235",-,,115,115,115,115,115,115,115,115,,-10,-10,-40,-10,-20,-40,-20,-20,,185,185,185,247,185,Immune,Immune,,1,1,1,1,1,,40,1,40,3.077,,1,1,1,1,1,1,1,1,1.5,1
Mountaintops of the Giants - West of First Church of Marika,Starved Dog,41610050,,784,-,,115,115,115,115,115,115,115,115,,-10,-10,-40,-10,-20,-40,-20,-20,,185,185,185,247,185,Immune,Immune,,1,1,1,1,1,,30,1,30,2.308,,1,1,1,1,1,1,1,1,1.5,0
"Mountaintops of the Giants - West Zamor Ruins, Grand Lift of Rold",Ancient Hero of Zamor,71000150,,"4,122",-,,115,115,115,115,115,115,115,115,,10,10,10,0,0,-20,-20,0,,340,340,556,"1,197",247,Immune,Immune,,1,1,1,1,1,,80,1,80,6.154,,1,1,1,1,1,1,1,1,1.5,0
"Mountaintops of the Giants - West Zamor Ruins, Grand Lift of Rold",Deer,60100050,,55,-,,100,100,100,100,100,100,100,100,,-40,-40,-40,-40,-40,-100,-40,-40,,63,63,63,63,63,Immune,Immune,,1,1,1,1,1,,-1,1,∞,0,,1,1,1,1,1,1,1,1,1.5,0
"Mountaintops of the Giants - West Zamor Ruins, Grand Lift of Rold",Finger Reader Crone,21601050,,"4,369",-,,115,115,115,115,115,115,115,115,,0,0,0,0,0,-20,0,0,,247,247,247,247,Immune,Immune,Immune,,1,1,1,1,1,,-1,1,∞,0,,1,1,1,1,1,1,1,1,1.5,0
"Mountaintops of the Giants - West Zamor Ruins, Grand Lift of Rold",Goat,60600050,,55,-,,100,100,100,100,100,100,100,100,,-40,-40,-40,-40,-40,-100,-40,-40,,63,63,63,63,63,Immune,Immune,,1,1,1,1,1,,-1,1,∞,0,,1,1,1,1,1,1,1,1,1.5,0
"Mountaintops of the Giants - West Zamor Ruins, Grand Lift of Rold",Hawk,60010050,,27,-,,100,100,100,100,100,100,100,100,,-40,-40,-40,-40,-40,-100,-40,-40,,63,63,63,63,63,Immune,Immune,,1,1,1,1,1,,-1,1,∞,0,,1,1,1,1,1,1,1,1,1.5,0
"Mountaintops of the Giants - West Zamor Ruins, Grand Lift of Rold",Owl,60400050,,27,-,,100,100,100,100,100,100,100,100,,-40,-40,-40,-40,-40,-100,-40,-40,,63,63,63,63,63,Immune,Immune,,1,1,1,1,1,,-1,1,∞,0,,1,1,1,1,1,1,1,1,1.5,0
"Mountaintops of the Giants - West Zamor Ruins, Grand Lift of Rold",Springhare,61000150,,27,-,,100,100,100,100,100,100,100,100,,-40,-40,-40,-40,-40,-100,-40,-40,,63,63,63,63,63,Immune,Immune,,1,1,1,1,1,,-1,1,∞,0,,1,1,1,1,1,1,1,1,1.5,0
"Mountaintops of the Giants - West Zamor Ruins, Grand Lift of Rold",Warhawk,42103050,,750,-,,115,115,115,115,115,115,115,115,,-10,-10,-40,-10,-20,-40,-20,-20,,185,185,185,247,185,Immune,Immune,,1,1,1,1,1,,30,1,30,2.308,,1,1,1,1,1,1,1,1,1.5,0
"Mountaintops of the Giants - Whiteridge Road, Minor Erdtree",???,10006050,,"9,392",-,,115,115,115,115,115,115,115,115,,0,0,0,0,0,0,0,0,,Immune,Immune,Immune,Immune,Immune,Immune,Immune,,1,1,1,1,1,,-1,1,∞,0,,1,1,1,1,1,1,1,1,1.5,0
"Mountaintops of the Giants - Whiteridge Road, Minor Erdtree",Demi-Human Beastman,41200050,,"2,586",-,,115,115,115,115,115,115,115,115,,-10,-10,-40,-10,-20,-20,-20,-20,,185,185,247,247,185,Immune,Immune,,1,1,1,1,1,,65,1,65,5,,1,1,1,1,1,1,1,1,1.5,0
"Mountaintops of the Giants - Whiteridge Road, Minor Erdtree",Erdtree Avatar [Boss],48100150,,"11,452",-,,118,118,118,118,118,118,118,118,,10,0,10,10,20,-40,20,40,,345,345,Immune,251,Immune,Immune,Immune,,1,0.7,1,1,1,,120,1,120,9.231,,1,1,1,1,1,1,1,1,1.5,1
"Mountaintops of the Giants - Whiteridge Road, Minor Erdtree",Monstrous Dog,45506650,,"3,235",-,,115,115,115,115,115,115,115,115,,-10,-10,-40,-10,-20,-40,-20,-20,,185,185,185,247,Immune,Immune,Immune,,1,1,1,1,1,,40,1,40,3.077,,1,1,1,1,1,1,1,1,1.5,1
"Mt. Gelmir - Craftsman's Shack, Hermit's Shack",Bear,60310032,,681,-,,100,100,100,100,100,100,100,100,,-40,-40,-40,-40,-40,-100,-40,-40,,63,63,63,63,63,Immune,Immune,,1,1,1,1,1,,-1,1,∞,0,,1,1,1,1,1,1,1,1,1.5,0
"Mt. Gelmir - Craftsman's Shack, Hermit's Shack",Commoner (Spear),36601030,,282,-,,110,110,110,110,110,110,110,110,,-10,-10,-10,-10,-20,-20,-20,0,,134,134,179,179,179,Immune,Immune,,1,1,1,1,1,,30,1,30,2.308,,1,1,1,1,1,1,1,1,1.5,0
"Mt. Gelmir - Craftsman's Shack, Hermit's Shack",Crimson Teardrop Scarab,41910032,,500,-,,111,111,111,111,111,111,111,111,,10,10,35,35,40,40,40,40,,Immune,Immune,Immune,Immune,Immune,Immune,Immune,,1,1,1,1,1,,30,1,30,2.308,,1,1,1,1,1,1,1,1,1.5,0
"Mt. Gelmir - Craftsman's Shack, Hermit's Shack",Goat,60600032,,55,-,,100,100,100,100,100,100,100,100,,-40,-40,-40,-40,-40,-100,-40,-40,,63,63,63,63,63,Immune,Immune,,1,1,1,1,1,,-1,1,∞,0,,1,1,1,1,1,1,1,1,1.5,0
"Mt. Gelmir - Craftsman's Shack, Hermit's Shack",Runebear,46300032,,"8,401",-,,111,111,111,111,111,111,111,111,,0,0,-10,0,0,-20,0,0,,332,332,543,543,181,Immune,Immune,,1,1,1,1,1,,80,1,80,6.154,,1,1,1,1,1,1,1,1,1.5,0
"Mt. Gelmir - First Mt. Gelmir Campsite, Corpse-Stench Shack; Altus Plateau - West of Shaded Castle",Abductor Virgin (Scythe),44700032,,"4,608",-,,111,111,111,111,111,111,111,111,,10,0,10,10,0,20,-20,20,,Immune,Immune,Immune,Immune,Immune,Immune,Immune,,1,1,1,1,1,,65,0,∞,5,,1,1,1,1,1,1,1,1,2,1
"Mt. Gelmir - First Mt. Gelmir Campsite, Corpse-Stench Shack; Altus Plateau - West of Shaded Castle",Abductor Virgin (Wheel),44701032,,"4,608",-,,111,111,111,111,111,111,111,111,,10,0,10,10,0,20,-20,20,,Immune,Immune,Immune,Immune,Immune,Immune,Immune,,1,1,1,1,1,,65,0,∞,5,,1,1,1,1,1,1,1,1,2,1
"Mt. Gelmir - First Mt. Gelmir Campsite, Corpse-Stench Shack; Altus Plateau - West of Shaded Castle",Large Starved Dog,41600032,,"1,098",-,,111,111,111,111,111,111,111,111,,-10,-10,-40,-10,-20,-40,-20,-20,,181,181,181,241,181,Immune,Immune,,1,1,1,1,1,,30,1,30,2.308,,1,1,1,1,1,1,1,1,1.5,0
"Mt. Gelmir - First Mt. Gelmir Campsite, Corpse-Stench Shack; Altus Plateau - West of Shaded Castle",Leyndell Foot Soldier,43730532,,477,-,,111,111,111,111,111,111,111,111,,0,0,0,-10,0,0,20,0,,135,135,181,181,181,Immune,Immune,,1,1,1,1,1,,30,1,30,2.308,,1,1,1,1,1,1,1,1,1.5,0
"Mt. Gelmir - First Mt. Gelmir Campsite, Corpse-Stench Shack; Altus Plateau - West of Shaded Castle",Leyndell Foot Soldier,43736032,,477,-,,111,111,111,111,111,111,111,111,,0,0,0,-10,0,0,20,0,,135,135,181,181,181,Immune,Immune,,1,1,1,1,1,,30,1,30,2.308,,1,1,1,1,1,1,1,1,1.5,0
"Mt. Gelmir - First Mt. Gelmir Campsite, Corpse-Stench Shack; Altus Plateau - West of Shaded Castle",Leyndell Soldier,43132032,,624,-,,111,111,111,111,111,111,111,111,,0,0,10,-10,0,0,0,20,,181,181,241,241,241,Immune,Immune,,1,1,1,1,1,,30,1,30,2.308,,1,1,1,1,1,1,1,1,1.5,0
"Mt. Gelmir - First Mt. Gelmir Campsite, Corpse-Stench Shack; Altus Plateau - West of Shaded Castle",Mad Pumpkin Head (Hammer),43401032,,"1,891",-,,111,111,111,111,111,111,111,111,,0,10,-10,0,0,0,-20,0,,241,241,181,181,332,Immune,Immune,,1,1,1,1,1,,65,1,65,5,,1,1,1,1,1,1,1,1,0.2,1
"Mt. Gelmir - First Mt. Gelmir Campsite, Corpse-Stench Shack; Altus Plateau - West of Shaded Castle",Starved Dog,41610032,,526,-,,111,111,111,111,111,111,111,111,,-10,-10,-40,-10,-20,-40,-20,-20,,181,181,181,241,181,Immune,Immune,,1,1,1,1,1,,30,1,30,2.308,,1,1,1,1,1,1,1,1,1.5,0
Mt. Gelmir - Fort Laiedd,Fire Monk,39000032,,"1,930",-,,111,111,111,111,111,111,111,111,,0,0,10,0,0,40,20,-20,,332,332,241,543,241,Immune,Immune,,1,1,1,1,1,,65,1,65,5,,1,1,1,1,1,1,1,1,1.5,0
Mt. Gelmir - Fort Laiedd,Fire Prelate,39100032,,"2,837",-,,111,111,111,111,111,111,111,111,,0,0,10,0,0,40,20,-20,,332,332,241,543,543,Immune,Immune,,1,1,1,1,1,,80,1,80,6.154,,1,1,1,1,1,1,1,1,0.5,0
Mt. Gelmir - Fort Laiedd,Flamethrower Tank,44608032,,"1,423",-,,111,111,111,111,111,111,111,111,,10,0,10,10,20,40,20,20,,543,543,332,543,241,Immune,Immune,,1,1,1,1,1,,80,1,80,6.154,,1,0.1,0.1,0.1,0.1,0.1,0.1,0.1,1,1
Mt. Gelmir - Fort Laiedd,Hawk,60010032,,27,-,,100,100,100,100,100,100,100,100,,-40,-40,-40,-40,-40,-100,-40,-40,,63,63,63,63,63,Immune,Immune,,1,1,1,1,1,,-1,1,∞,0,,1,1,1,1,1,1,1,1,1.5,0
Mt. Gelmir - Fort Laiedd,Jellyfish,41800032,,724,-,,111,111,111,111,111,111,111,111,,0,35,0,0,20,20,-20,0,,Immune,Immune,Immune,Immune,Immune,Immune,Immune,,1,1,1,1,1,,30,1,30,2.308,,1,1,1,1,1,1,1,1,1.5,0
Mt. Gelmir - Fort Laiedd,Large Fingercreeper,42407032,,"2,427",-,,111,111,111,111,111,111,111,111,,-10,-10,-40,-10,0,0,0,0,,241,241,181,241,Immune,Immune,Immune,,1,1,1,1,1,,65,1,65,5,,1,1,1,1,1,1,1,1,1.5,1
Mt. Gelmir - Fort Laiedd,Large Fingercreeper,42407132,,"2,427",-,,111,111,111,111,111,111,111,111,,-10,-10,-40,-10,0,0,0,0,,241,241,181,241,Immune,Immune,Immune,,1,1,1,1,1,,65,1,65,5,,1,1,1,1,1,1,1,1,1.5,1
Mt. Gelmir - Fort Laiedd,Small Fingercreeper,42500032,,341,-,,111,111,111,111,111,111,111,111,,-10,-10,-40,-10,0,0,0,0,,241,241,181,241,Immune,Immune,Immune,,1,1,1,1,1,,30,1,30,2.308,,1,1,1,1,1,1,1,1,1.5,0
Mt. Gelmir - Fort Laiedd,Wandering Noble (Ghost),43009232,,276,-,,111,111,111,111,111,111,111,111,,-10,-10,-10,-10,-20,-20,-20,0,,Immune,Immune,Immune,Immune,Immune,Immune,Immune,,1,1,1,1,1,,30,1,30,2.308,,1,1,1,1,1,1,1,1,1.5,0
"Mt. Gelmir - Minor Erdtree, Seethewater Cave Entrance",Avionette,38600632,,562,-,,111,111,111,111,111,111,111,111,,0,-10,10,10,0,-20,0,0,,Immune,Immune,Immune,Immune,Immune,Immune,Immune,,1,1,1,1,1,,30,1,30,2.308,,1,1,1,1,1,1,1,1,1,0
"Mt. Gelmir - Minor Erdtree, Seethewater Cave Entrance",Basilisk,41500032,,"1,098",-,,111,111,111,111,111,111,111,111,,-10,-10,-40,-10,-20,-20,-20,-20,,181,181,135,135,135,Immune,Immune,,1,1,1,1,1,,30,1,30,2.308,,1,1,1,1,1,1,1,1,1.5,0
"Mt. Gelmir - Minor Erdtree, Seethewater Cave Entrance",Grafted Scion,46900032,,"3,724",-,,111,111,111,111,111,111,111,111,,0,0,-10,0,20,20,20,20,,332,332,241,241,241,Immune,Immune,,1,1,1,1,1,,80,1,80,6.154,,1,1,1,1,1,1,1,1,1.5,0
"Mt. Gelmir - Minor Erdtree, Seethewater Cave Entrance",Leyndell Foot Soldier,43737032,,477,-,,111,111,111,111,111,111,111,111,,0,0,0,-10,0,0,20,0,,135,135,181,181,181,Immune,Immune,,1,1,1,1,1,,30,1,30,2.308,,1,1,1,1,1,1,1,1,1.5,0
"Mt. Gelmir - Minor Erdtree, Seethewater Cave Entrance",Leyndell Foot Soldier,43738032,,477,-,,111,111,111,111,111,111,111,111,,0,0,0,-10,0,0,20,0,,135,135,181,181,Immune,Immune,Immune,,1,1,1,1,1,,30,1,30,2.308,,1,1,1,1,1,1,1,1,1.5,0
"Mt. Gelmir - Minor Erdtree, Seethewater Cave Entrance",Leyndell Knight,43530132,,"1,872",-,,111,111,111,111,111,111,111,111,,10,10,35,0,20,20,40,20,,241,241,332,332,Immune,Immune,Immune,,1,1,1,1,1,,65,1,65,5,,1,1,1,1,1,1,1,1,1.5,0
"Mt. Gelmir - Minor Erdtree, Seethewater Cave Entrance",Leyndell Knight,43531232,,"1,872",-,,111,111,111,111,111,111,111,111,,10,10,35,0,20,20,40,20,,241,241,332,332,Immune,Immune,Immune,,1,1,1,1,1,,65,1,65,5,,1,1,1,1,1,1,1,1,1.5,0
"Mt. Gelmir - Minor Erdtree, Seethewater Cave Entrance",Leyndell Soldier,43133032,,624,-,,111,111,111,111,111,111,111,111,,0,0,10,-10,0,0,0,20,,181,181,241,241,241,Immune,Immune,,1,1,1,1,1,,30,1,30,2.308,,1,1,1,1,1,1,1,1,1.5,0
"Mt. Gelmir - Minor Erdtree, Seethewater Cave Entrance",Leyndell Soldier,43134232,,624,-,,111,111,111,111,111,111,111,111,,0,0,10,-10,0,0,0,20,,181,181,241,241,Immune,Immune,Immune,,1,1,1,1,1,,30,1,30,2.308,,1,1,1,1,1,1,1,1,1.5,0
"Mt. Gelmir - Minor Erdtree, Seethewater Cave Entrance",Leyndell Soldier,43135032,,624,-,,111,111,111,111,111,111,111,111,,0,0,10,-10,0,0,0,20,,181,181,241,241,Immune,Immune,Immune,,1,1,1,1,1,,30,1,30,2.308,,1,1,1,1,1,1,1,1,1.5,0
"Mt. Gelmir - Minor Erdtree, Seethewater Cave Entrance",Leyndell Soldier,43136032,,624,-,,111,111,111,111,111,111,111,111,,0,0,10,-10,0,0,0,20,,181,181,241,241,Immune,Immune,Immune,,1,1,1,1,1,,30,1,30,2.308,,1,1,1,1,1,1,1,1,1.5,0
"Mt. Gelmir - Minor Erdtree, Seethewater Cave Entrance",Nomad Mule,32102132,,"2,427",-,,111,111,111,111,111,111,111,111,,-10,0,-10,-10,0,-20,0,0,,241,241,332,332,Immune,Immune,Immune,,1,1,1,1,1,,30,1,30,2.308,,1,1,1,1,1,1,1,1,1.5,0
"Mt. Gelmir - Minor Erdtree, Seethewater Cave Entrance",Nomadic Merchant,32002132,,"4,166",-,,111,111,111,111,111,111,111,111,,-10,0,-10,-10,0,0,0,0,,241,241,241,332,Immune,Immune,Immune,,1,1,1,1,1,,30,1,30,2.308,,1,1,1,1,1,1,1,1,1.5,0
"Mt. Gelmir - Minor Erdtree, Seethewater Cave Entrance",Ulcerated Tree Spirit [Boss],46400032,,"11,191",-,,114,114,114,114,114,114,114,114,,0,0,0,0,20,-20,20,40,,552,552,552,245,Immune,Immune,Immune,,0.7,0.7,1,1,1,,120,1,120,9.231,,1.5,1,1,1,1,1,1,1,1.5,1
"Mt. Gelmir - Ninth Mt. Gelmir Campsite, Road of Iniquity, Volcano Manor Entrance",Ash Teardrop Scarab,41912032,,500,-,,111,111,111,111,111,111,111,111,,10,10,35,35,40,40,40,40,,Immune,Immune,Immune,Immune,Immune,Immune,Immune,,1,1,1,1,1,,30,1,30,2.308,,1,1,1,1,1,1,1,1,1.5,0
"Mt. Gelmir - Ninth Mt. Gelmir Campsite, Road of Iniquity, Volcano Manor Entrance",Avionette,38601532,,562,-,,111,111,111,111,111,111,111,111,,0,-10,10,10,0,-20,0,0,,Immune,Immune,Immune,Immune,Immune,Immune,Immune,,1,1,1,1,1,,30,1,30,2.308,,1,1,1,1,1,1,1,1,1,0
"Mt. Gelmir - Ninth Mt. Gelmir Campsite, Road of Iniquity, Volcano Manor Entrance",Full-Grown Fallingstar Beast [Boss],46800032,,"13,010",-,,114,114,114,114,114,114,114,114,,35,35,35,35,20,20,20,20,,552,552,Immune,Immune,Immune,Immune,Immune,,1,1,1,1,1,,100,1,100,7.692,,1,1,1,1,1,1,1,1,1.5,1
"Mt. Gelmir - Ninth Mt. Gelmir Campsite, Road of Iniquity, Volcano Manor Entrance",Leyndell Foot Soldier,43730032,,477,-,,111,111,111,111,111,111,111,111,,0,0,0,-10,0,0,20,0,,135,135,181,181,181,Immune,Immune,,1,1,1,1,1,,30,1,30,2.308,,1,1,1,1,1,1,1,1,1.5,0
"Mt. Gelmir - Ninth Mt. Gelmir Campsite, Road of Iniquity, Volcano Manor Entrance",Marionette,38500032,,581,-,,111,111,111,111,111,111,111,111,,0,-10,10,10,0,-20,0,0,,Immune,Immune,Immune,Immune,Immune,Immune,Immune,,1,1,1,1,1,,30,1,30,2.308,,1,1,1,1,1,1,1,1,1,0
"Mt. Gelmir - Ninth Mt. Gelmir Campsite, Road of Iniquity, Volcano Manor Entrance",Marionette,38501032,,581,-,,111,111,111,111,111,111,111,111,,0,-10,10,10,0,-20,0,0,,Immune,Immune,Immune,Immune,Immune,Immune,Immune,,1,1,1,1,1,,30,1,30,2.308,,1,1,1,1,1,1,1,1,1,0
"Mt. Gelmir - Ninth Mt. Gelmir Campsite, Road of Iniquity, Volcano Manor Entrance",Marionette,38502032,,581,-,,111,111,111,111,111,111,111,111,,0,-10,10,10,0,-20,0,0,,Immune,Immune,Immune,Immune,Immune,Immune,Immune,,1,1,1,1,1,,30,1,30,2.308,,1,1,1,1,1,1,1,1,1,0
"Mt. Gelmir - Ninth Mt. Gelmir Campsite, Road of Iniquity, Volcano Manor Entrance",Putrid Corpse,36612132,,"1,222",-,,111,111,111,111,111,111,111,111,,-40,-40,-40,-40,-40,80,-40,-40,,135,135,135,181,135,Immune,Immune,,1,1,1,1,1,,50,1,50,3.846,,1,1,1,1,1,1,1,1,1.5,0
"Mt. Gelmir - Ninth Mt. Gelmir Campsite, Road of Iniquity, Volcano Manor Entrance",Troll Knight,46004032,,"5,138",-,,111,111,111,111,111,111,111,111,,0,0,-10,0,0,0,0,0,,241,241,241,332,Immune,Immune,Immune,,1,1,1,1,1,,65,1,65,5,,1,1,1,1,1,1,1,1,2,1
"Mt. Gelmir - Ninth Mt. Gelmir Campsite, Road of Iniquity, Volcano Manor Entrance",Wandering Noble (Ghost),43009332,,276,-,,111,111,111,111,111,111,111,111,,-10,-10,-10,-10,-20,-20,-20,0,,Immune,Immune,Immune,Immune,Immune,Immune,Immune,,1,1,1,1,1,,30,1,30,2.308,,1,1,1,1,1,1,1,1,1.5,0
"Mt. Gelmir - Ninth Mt. Gelmir Campsite, Road of Iniquity, Volcano Manor Entrance",Wormface,45802132,,"5,157",-,,111,111,111,111,111,111,111,111,,0,0,-10,0,0,0,0,40,,332,332,332,332,332,Immune,Immune,,1,1,1,1,1,,80,1,80,6.154,,1,1,1,1,1,1,1,1,2,1
"Mt. Gelmir - Primeval Sorcerer Azur, Gelmir Hero's Grave Entrance",Ash Large Teardrop Scarab,41902032,,692,-,,111,111,111,111,111,111,111,111,,10,10,35,35,40,40,40,40,,Immune,Immune,Immune,Immune,Immune,Immune,Immune,,1,1,1,1,1,,65,1,65,5,,1,1,1,1,1,1,1,1,1.5,0
"Mt. Gelmir - Primeval Sorcerer Azur, Gelmir Hero's Grave Entrance",Demi-Human Queen [Boss],41300032,,"7,515",-,,114,114,114,114,114,114,114,114,,0,0,-10,0,0,-20,0,0,,184,184,245,245,245,Immune,Immune,,0.7,0.7,0.7,1,1,,80,1,80,6.154,,1,1,1,1,1,1,1,1,1.5,0
"Mt. Gelmir - Primeval Sorcerer Azur, Gelmir Hero's Grave Entrance",Grey Wolf,40700032,,253,-,,111,111,111,111,111,111,111,111,,-10,-10,-40,-10,-20,-40,-20,-20,,181,181,181,332,181,Immune,Immune,,1,1,1,1,1,,30,1,30,2.308,,1,1,1,1,1,1,1,1,1.5,0
"Mt. Gelmir - Primeval Sorcerer Azur, Gelmir Hero's Grave Entrance",Master Azur,37100032,,"19,528",-,,106,106,106,106,106,106,106,106,,100,100,100,100,100,100,100,100,,Immune,Immune,Immune,Immune,Immune,Immune,Immune,,1,1,1,1,1,,-1,1,∞,0,,1,1,1,1,1,1,1,1,1.5,0
"Mt. Gelmir - Primeval Sorcerer Azur, Gelmir Hero's Grave Entrance",Springhare,61000032,,27,-,,100,100,100,100,100,100,100,100,,-40,-40,-40,-40,-40,-100,-40,-40,,63,63,63,63,63,Immune,Immune,,1,1,1,1,1,,-1,1,∞,0,,1,1,1,1,1,1,1,1,1.5,0
"Mt. Gelmir - Primeval Sorcerer Azur, Gelmir Hero's Grave Entrance",Raya Lucaria Scholar,37020032,,594,-,,111,111,111,111,111,111,111,111,,-10,0,-10,-10,40,20,20,0,,181,181,181,181,241,Immune,Immune,,1,1,1,1,1,,30,1,30,2.308,,1,1,1,1,1,1,1,1,1.5,0
"Mt. Gelmir - Primeval Sorcerer Azur, Gelmir Hero's Grave Entrance",White Wolf,40710032,,"1,329",-,,111,111,111,111,111,111,111,111,,-10,-10,-40,-10,-20,-40,-20,-20,,181,181,181,332,181,Immune,Immune,,1,1,1,1,1,,50,1,50,3.846,,1,1,1,1,1,1,1,1,1.5,0
"Mt. Gelmir - Seethewater River, Hermit Village, Wyndham Catacombs Entrance, Sage's Cave Entrance, Abductor Virgins Exit",Abductor Virgin (Wheel),44701132,,"2,694",-,,111,111,111,111,111,111,111,111,,10,0,10,10,0,20,-20,20,,Immune,Immune,Immune,Immune,Immune,Immune,Immune,,1,1,1,1,1,,30,0,∞,2.308,,1,1,1,1,1,1,1,1,2,1
"Mt. Gelmir - Seethewater River, Hermit Village, Wyndham Catacombs Entrance, Sage's Cave Entrance, Abductor Virgins Exit",Dragonfly,60800032,,17,-,,100,100,100,100,100,100,100,100,,-40,-40,-10,-40,-40,-100,-40,-40,,84,84,63,20,63,Immune,Immune,,1,1,1,1,1,,-1,1,∞,0,,1,1,1,1,1,1,1,1,1.5,0
"Mt. Gelmir - Seethewater River, Hermit Village, Wyndham Catacombs Entrance, Sage's Cave Entrance, Abductor Virgins Exit",Miranda Sprout,44811330,,319,-,,110,110,110,110,110,110,110,110,,-10,10,-40,-10,-20,-40,20,20,,"1,159",539,539,134,239,Immune,Immune,,1,1,1,1,1,,-1,1,∞,0,,1,1,1,1,1,1,1,1,1.5,1
"Mt. Gelmir - Seethewater River, Hermit Village, Wyndham Catacombs Entrance, Sage's Cave Entrance, Abductor Virgins Exit",Raya Lucaria Scholar,37021032,,594,-,,111,111,111,111,111,111,111,111,,-10,0,-10,-10,40,20,20,0,,181,181,181,181,241,Immune,Immune,,1,1,1,1,1,,30,1,30,2.308,,1,1,1,1,1,1,1,1,1.5,0
Mt. Gelmir - Seethewater Terminus,Bloodthorn Exile,43810032,,526,-,,111,111,111,111,111,111,111,111,,-10,-10,-10,-10,0,20,0,0,,135,135,543,241,241,Immune,Immune,,1,1,1,1,1,,30,1,30,2.308,,1,1,1,1,1,1,1,1,1.5,0
Mt. Gelmir - Seethewater Terminus,Bloodthorn Exile,43810132,,526,-,,111,111,111,111,111,111,111,111,,-10,-10,-10,-10,0,20,0,0,,135,135,543,241,241,Immune,Immune,,1,1,1,1,1,,30,1,30,2.308,,1,1,1,1,1,1,1,1,1.5,0
Mt. Gelmir - Seethewater Terminus,Deer,60100032,,55,-,,100,100,100,100,100,100,100,100,,-40,-40,-40,-40,-40,-100,-40,-40,,63,63,63,63,63,Immune,Immune,,1,1,1,1,1,,-1,1,∞,0,,1,1,1,1,1,1,1,1,1.5,0
Mt. Gelmir - Seethewater Terminus,Flamethrower Tank,44607032,,"1,423",-,,111,111,111,111,111,111,111,111,,10,0,10,10,20,40,20,20,,543,543,332,543,241,Immune,Immune,,1,1,1,1,1,,80,1,80,6.154,,1,0.1,0.1,0.1,0.1,0.1,0.1,0.1,1,1
Mt. Gelmir - Seethewater Terminus,Flamethrower Tank,44607132,,"1,423",-,,111,111,111,111,111,111,111,111,,10,0,10,10,20,40,20,20,,543,543,332,543,241,Immune,Immune,,1,1,1,1,1,,80,1,80,6.154,,1,0.1,0.1,0.1,0.1,0.1,0.1,0.1,1,1
Mt. Gelmir - Seethewater Terminus,Iron Fist Alexander (Cracked),44909732,,"1,459",-,,111,111,111,111,111,111,111,111,,10,-40,35,35,0,100,20,20,,Immune,Immune,Immune,Immune,Immune,Immune,Immune,,1,1,1,1,1,,80,1,80,6.154,,1,1,1,1,1,1,1,1,1.5,1
Mt. Gelmir - Seethewater Terminus,Leyndell Soldier,43131032,,624,-,,111,111,111,111,111,111,111,111,,0,0,10,-10,0,0,0,20,,181,181,241,241,241,Immune,Immune,,1,1,1,1,1,,30,1,30,2.308,,1,1,1,1,1,1,1,1,1.5,0
Mt. Gelmir - Seethewater Terminus,Magma Wyrm [Boss],49100032,,"12,243",-,,114,114,114,114,114,114,114,114,,10,10,35,10,40,100,40,40,,552,552,552,"1,188",245,Immune,Immune,,0.7,0.7,1,1,1,,120,1,120,9.231,,1,1,1,1,1,1,1,1,1.5,1
Murkwater Catacombs,Grave Warden Duelist [Boss],34001110,,"2,190",-,,101,101,101,101,101,101,101,101,,0,0,-10,0,0,0,0,0,,226,226,169,226,226,Immune,Immune,,0.7,0.7,1,1,1,,65,1,65,5,,1,1,1,1,1,1,1,1,1.5,0
Murkwater Catacombs,Imp (Cat),30800110,,196,-,,101,101,101,101,101,101,101,101,,10,0,35,35,20,40,40,40,,Immune,Immune,Immune,Immune,Immune,Immune,Immune,,1,1,1,1,1,,30,1,30,2.308,,1,1,1,1,1,1,1,1,1.5,0
Murkwater Cave,Highwayman,43770012,,188,-,,102,102,102,102,102,102,102,102,,0,0,0,-10,0,-20,-20,0,,170,170,170,170,170,Immune,Immune,,1,1,1,1,1,,30,1,30,2.308,,1,1,1,1,1,1,1,1,1.5,0
Murkwater Cave,Highwayman,43772012,,188,-,,102,102,102,102,102,102,102,102,,0,0,0,-10,0,-20,-20,0,,170,170,170,170,170,Immune,Immune,,1,1,1,1,1,,30,1,30,2.308,,1,1,1,1,1,1,1,1,1.5,0
Murkwater Cave,Highwayman,43772512,,188,-,,102,102,102,102,102,102,102,102,,0,0,0,-10,0,-20,-20,0,,512,170,170,170,170,Immune,Immune,,1,1,1,1,1,,30,1,30,2.308,,1,1,1,1,1,1,1,1,1.5,0
"Nokron, Eternal City - Boss",Ancestor Spirit [Boss],46700065,,"6,301",-,,111,111,111,111,111,111,111,111,,0,0,-10,0,20,-20,0,-20,,"1,169","1,169","1,169","1,169",Immune,Immune,Immune,,0.7,0.7,1,1,1,,120,1,120,9.231,,1,1,1,1,1,2,1,1,1.5,1
"Nokron, Eternal City - Boss",Boar,60500965,,82,-,,100,100,100,100,100,100,100,100,,-40,-40,-40,-40,-40,-100,-40,-40,,63,63,63,63,63,Immune,Immune,,1,1,1,1,1,,-1,1,∞,0,,1,1,1,1,1,1,1,1,1.5,0
"Nokron, Eternal City - Boss",Deer,60100965,,55,-,,100,100,100,100,100,100,100,100,,-40,-40,-40,-40,-40,-100,-40,-40,,63,63,63,63,63,Immune,Immune,,1,1,1,1,1,,-1,1,∞,0,,1,1,1,1,1,1,1,1,1.5,0
"Nokron, Eternal City - Boss",Goat,60600965,,55,-,,100,100,100,100,100,100,100,100,,-40,-40,-40,-40,-40,-100,-40,-40,,63,63,63,63,63,Immune,Immune,,1,1,1,1,1,,-1,1,∞,0,,1,1,1,1,1,1,1,1,1.5,0
"Nokron, Eternal City - Boss",Springhare,61000965,,27,-,,100,100,100,100,100,100,100,100,,-40,-40,-40,-40,-40,-100,-40,-40,,63,63,63,63,63,Immune,Immune,,1,1,1,1,1,,-1,1,∞,0,,1,1,1,1,1,1,1,1,1.5,0
North Atlus Plateau,Leyndell Foot Soldier,43736030,,395,-,,110,110,110,110,110,110,110,110,,0,0,0,-10,0,0,20,0,,134,134,179,179,179,Immune,Immune,,1,1,1,1,1,,30,1,30,2.308,,1,1,1,1,1,1,1,1,1.5,0
North Atlus Plateau,Leyndell Foot Soldier,43737030,,395,-,,110,110,110,110,110,110,110,110,,0,0,0,-10,0,0,20,0,,134,134,179,179,179,Immune,Immune,,1,1,1,1,1,,30,1,30,2.308,,1,1,1,1,1,1,1,1,1.5,0
North Atlus Plateau,Leyndell Soldier,43130330,,516,-,,110,110,110,110,110,110,110,110,,0,0,10,-10,0,0,0,20,,179,179,239,239,239,Immune,Immune,,1,1,1,1,1,,30,1,30,2.308,,1,1,1,1,1,1,1,1,1.5,0
North Atlus Plateau,Leyndell Soldier,43132030,,516,-,,110,110,110,110,110,110,110,110,,0,0,10,-10,0,0,0,20,,179,179,239,239,239,Immune,Immune,,1,1,1,1,1,,30,1,30,2.308,,1,1,1,1,1,1,1,1,1.5,0
North Atlus Plateau,Leyndell Soldier,43133030,,516,-,,110,110,110,110,110,110,110,110,,0,0,10,-10,0,0,0,20,,179,179,239,239,239,Immune,Immune,,1,1,1,1,1,,30,1,30,2.308,,1,1,1,1,1,1,1,1,1.5,0
North Atlus Plateau,Mad Pumpkin Head (Flail),43400430,,"1,564",-,,110,110,110,110,110,110,110,110,,0,10,-10,0,0,0,-20,0,,239,239,179,179,329,Immune,Immune,,1,1,1,1,1,,65,1,65,5,,1,1,1,1,1,1,1,1,0.2,1
North Atlus Plateau,Troll Knight,46001030,,"4,249",-,,110,110,110,110,110,110,110,110,,0,0,-10,0,0,0,0,0,,239,239,239,329,42,Immune,Immune,,1,1,1,1,1,,45,1,45,3.462,,1,1,1,1,1,1,1,1,2,1
Northeast Mountaintops,Borealis the Freezing Fog [Boss],45030050,,"11,268",-,,120,120,120,120,120,120,120,120,,35,10,80,80,40,40,40,40,,601,601,601,"1,292",Immune,Immune,Immune,,0.7,0.7,1,1,1,,120,1,120,9.231,,1,1,1,1,1,1,1,1,1.5,1
Northwest Mountaintops,Walking Mausoleum,44500050,,0,-,,115,115,115,115,115,115,115,115,,100,100,100,100,100,100,100,100,,Immune,Immune,Immune,Immune,Immune,Immune,Immune,,1,1,1,1,1,,-1,1,∞,0,,1,1,1,1,1,1,1,1,1.5,1
Old Altus Tunnel,Leyndell Knight,43530030,,"1,548",-,,110,110,110,110,110,110,110,110,,10,10,35,0,20,20,40,20,,239,239,329,329,239,Immune,Immune,,1,1,1,1,1,,65,1,65,5,,1,1,1,1,1,1,1,1,1.5,0
Old Altus Tunnel,Leyndell Soldier,43130030,,516,-,,110,110,110,110,110,110,110,110,,0,0,10,-10,0,0,0,20,,179,179,239,239,239,Immune,Immune,,1,1,1,1,1,,30,1,30,2.308,,1,1,1,1,1,1,1,1,1.5,0
Old Altus Tunnel,Leyndell Soldier,43130130,,516,-,,110,110,110,110,110,110,110,110,,0,0,10,-10,0,0,0,20,,179,179,239,239,239,Immune,Immune,,1,1,1,1,1,,30,1,30,2.308,,1,1,1,1,1,1,1,1,1.5,0
Old Altus Tunnel,Stonedigger Troll [Boss],46030930,,"3,050",-,,110,110,110,110,110,110,110,110,,35,10,35,35,0,20,20,0,,539,329,329,329,42,Immune,Immune,,0.7,0.7,1,1,1,,45,1,45,3.462,,1,1,1,1,1,1,1,1,2,1
Old Altus Tunnel,Tunnel Miner,43820030,,249,-,,110,110,110,110,110,110,110,110,,80,35,80,80,20,40,40,20,,539,329,329,329,239,Immune,Immune,,1,1,1,1,1,,65,1,65,5,,1,1,1,1,1,1,1,1,1.5,0
Old Altus Tunnel,Tunnel Miner,43821030,,249,-,,110,110,110,110,110,110,110,110,,80,35,80,80,20,40,40,20,,539,329,329,329,239,Immune,Immune,,1,1,1,1,1,,65,1,65,5,,1,1,1,1,1,1,1,1,1.5,0
Old Altus Tunnel,Tunnel Miner,43823030,,249,-,,110,110,110,110,110,110,110,110,,80,35,80,80,20,40,40,20,,539,329,329,329,239,Immune,Immune,,1,1,1,1,1,,65,1,65,5,,1,1,1,1,1,1,1,1,1.5,0
Old Altus Tunnel,Tunnel Miner,43829030,,249,-,,110,110,110,110,110,110,110,110,,80,35,80,80,20,40,40,20,,539,329,329,329,239,Immune,Immune,,1,1,1,1,1,,65,1,65,5,,1,1,1,1,1,1,1,1,1.5,0
Perfumer's Grotto,"Astel, Naturalborn of the Void",46202030,,"1,642",-,,110,110,110,110,110,110,110,110,,10,10,10,10,40,40,40,40,,539,539,539,Immune,Immune,Immune,Immune,,1,1,1,1,1,,20,1,20,1.538,,1.2,0.8,0.8,0.6,1,1,1,1,1.5,1
Perfumer's Grotto,Giant Miranda Sprout,44800430,,"5,212",-,,110,110,110,110,110,110,110,110,,0,35,-40,0,0,-40,40,40,,Immune,539,539,134,239,Immune,Immune,,1,1,1,1,1,,100,1,100,7.692,,1,1,1,1,1,1,1,1,1.5,1
Perfumer's Grotto,Miranda Sprout,44810430,,319,-,,110,110,110,110,110,110,110,110,,-10,10,-40,-10,-20,-40,20,20,,Immune,539,539,134,239,Immune,Immune,,1,1,1,1,1,,30,1,30,2.308,,1,1,1,1,1,1,1,1,1.5,1
Perfumer's Grotto,Miranda the Blighted Bloom [Boss],44800930,,"5,212",-,,110,110,110,110,110,110,110,110,,0,35,-40,0,0,-40,40,40,,"1,159",539,539,134,239,Immune,Immune,,0.7,0.7,1,1,1,,100,1,100,7.692,,1,1,1,1,1,1,1,1,1.5,1
Perfumer's Grotto,Omenkiller [Boss],48200930,,"2,306",-,,110,110,110,110,110,110,110,110,,0,0,0,0,20,40,20,20,,539,539,239,239,179,Immune,Immune,,0.7,0.7,1,1,1,,75,1,75,5.769,,1,1,1,1,1,1,1,1,1.5,0
Perfumer's Grotto,White Veil Perfumer,37010030,,494,-,,110,110,110,110,110,110,110,110,,0,10,0,0,40,40,40,0,,539,539,179,179,179,Immune,Immune,,1,1,1,1,1,,65,1,65,5,,1,1,1,1,1,1,1,1,1.5,0
Perfumer's Grotto,White Veil Perfumer,37011030,,494,-,,110,110,110,110,110,110,110,110,,0,10,0,0,40,40,40,0,,539,539,179,179,179,Immune,Immune,,1,1,1,1,1,,65,1,65,5,,1,1,1,1,1,1,1,1,1.5,0
Raya Lucaria Crystal Tunnel,Crystalian (Ringblade) [Boss],33500920,,"1,595",-,,107,107,107,107,107,107,107,107,,91,10,93.5,93.5,94,94,94,94,,530,530,Immune,530,Immune,Immune,Immune,,1,0.7,1,1,1,,70,1,70,5.385,,1,1,1,1,1,1,1,1,1.5,0
Raya Lucaria Crystal Tunnel,Crystalian (Ringblade) [Boss] [Cracked],33500920b,,"1,595",-,,107,107,107,107,107,107,107,107,,10,10,35,35,40,40,40,40,,530,530,Immune,530,Immune,Immune,Immune,,1,0.7,1,1,1,,70,1,70,5.385,,1,1,1,1,1,1,1,1,1.5,0
Raya Lucaria Crystal Tunnel,Glintstone Miner,43830020,,158,-,,107,107,107,107,107,107,107,107,,80,35,80,80,40,20,20,20,,530,324,324,324,235,Immune,Immune,,1,1,1,1,1,,65,1,65,5,,1,1,1,1,1,1,1,1,1.5,0
Raya Lucaria Crystal Tunnel,Glintstone Miner,43831020,,158,-,,107,107,107,107,107,107,107,107,,80,35,80,80,40,20,20,20,,530,324,324,324,235,Immune,Immune,,1,1,1,1,1,,65,1,65,5,,1,1,1,1,1,1,1,1,1.5,0
Raya Lucaria Crystal Tunnel,Glintstone Miner,43840020,,407,-,,107,107,107,107,107,107,107,107,,80,35,80,80,40,20,20,20,,530,324,324,324,235,Immune,Immune,,1,1,1,1,1,,80,1,80,6.154,,1,1,1,1,1,1,1,1,1.5,0
Raya Lucaria Crystal Tunnel,Marionette,38500020,,405,-,,107,107,107,107,107,107,107,107,,0,-10,10,10,0,-20,0,0,,Immune,Immune,Immune,Immune,Immune,Immune,Immune,,1,1,1,1,1,,30,1,30,2.308,,1,1,1,1,1,1,1,1,1,0
Raya Lucaria Crystal Tunnel,Marionette,38501020,,405,-,,107,107,107,107,107,107,107,107,,0,-10,10,10,0,-20,0,0,,Immune,Immune,Immune,Immune,Immune,Immune,Immune,,1,1,1,1,1,,30,1,30,2.308,,1,1,1,1,1,1,1,1,1,0
Road's End Catacombs,Crucible Knight (Greatsword),25006020,,"1,423",-,,107,107,107,107,107,107,107,107,,35,35,35,35,40,20,20,40,,Immune,Immune,Immune,Immune,Immune,Immune,Immune,,1,1,1,1,1,,80,1,80,6.154,,1,1,1,1,1,1,1,1,1.5,0
Road's End Catacombs,Crucible Knight (Greatsword),25006120,,"1,423",-,,107,107,107,107,107,107,107,107,,35,35,35,35,40,20,20,40,,Immune,Immune,Immune,Immune,Immune,Immune,Immune,,1,1,1,1,1,,80,1,80,6.154,,1,1,1,1,1,1,1,1,1.5,0
Road's End Catacombs,Crucible Knight (Tree Spear),25007020,,"1,423",-,,107,107,107,107,107,107,107,107,,35,35,35,35,40,20,20,40,,Immune,Immune,Immune,Immune,Immune,Immune,Immune,,1,1,1,1,1,,80,1,80,6.154,,1,1,1,1,1,1,1,1,1.5,0
Road's End Catacombs,Crucible Knight (Tree Spear),25007120,,"1,423",-,,107,107,107,107,107,107,107,107,,35,35,35,35,40,20,20,40,,Immune,Immune,Immune,Immune,Immune,Immune,Immune,,1,1,1,1,1,,80,1,80,6.154,,1,1,1,1,1,1,1,1,1.5,0
Road's End Catacombs,Imp (Cat),30800020,,389,-,,107,107,107,107,107,107,107,107,,10,0,35,35,20,40,40,40,,Immune,Immune,Immune,Immune,Immune,Immune,Immune,,1,1,1,1,1,,30,1,30,2.308,,1,1,1,1,1,1,1,1,1.5,0
Road's End Catacombs,Imp (Fanged),30801120,,389,-,,107,107,107,107,107,107,107,107,,10,0,35,35,20,40,40,40,,Immune,Immune,Immune,Immune,Immune,Immune,Immune,,1,1,1,1,1,,30,1,30,2.308,,1,1,1,1,1,1,1,1,1.5,0
Road's End Catacombs,Imp (Wolf),30806020,,389,-,,107,107,107,107,107,107,107,107,,10,0,35,35,20,40,40,40,,Immune,Immune,Immune,Immune,Immune,Immune,Immune,,1,1,1,1,1,,35,1,35,2.692,,1,1,1,1,1,1,1,1,1.5,0
Road's End Catacombs,Spiritcaller Snail [Boss],41402920,,"1,722",-,,107,107,107,107,107,107,107,107,,-10,-10,-40,-10,40,0,-20,0,,176,176,176,132,132,Immune,Immune,,0.7,0.7,1,1,1,,60,1,60,4.615,,1,1,1,1,1,1,1,1,1.5,0
Roundtable Hold,???,10005000,,"1,939",-,,100,100,100,100,100,100,100,100,,0,0,0,0,0,0,0,0,,Immune,Immune,Immune,Immune,Immune,Immune,Immune,,1,1,1,1,1,,-1,1,∞,0,,1,1,1,1,1,1,1,1,1.5,0
Roundtable Hold,???,506080079,,"1,939",-,,100,100,100,100,100,100,100,100,,0,0,0,0,0,0,0,0,,Immune,Immune,Immune,Immune,Immune,Immune,Immune,,1,1,1,1,1,,-1,1,∞,0,,1,1,1,1,1,1,1,1,1.5,0
Roundtable Hold,Finger Reader Enia,21700079,,902,-,,100,100,100,100,100,100,100,100,,0,0,0,0,0,-20,0,0,,112,112,112,112,Immune,Immune,Immune,,1,1,1,1,1,,-1,1,∞,0,,1,1,1,1,1,1,1,1,1.5,0
Roundtable Hold,Smithing Master Hewg,34510179,,531,-,,100,100,100,100,100,100,100,100,,0,0,10,-10,0,-20,0,0,,112,112,112,112,112,Immune,Immune,,1,1,1,1,1,,65,1,65,5,,1,1,1,1,1,1,1,1,1.5,0
Roundtable Hold,The Two Fingers,20600079,,"5,818",-,,100,100,100,100,100,100,100,100,,0,0,0,0,0,0,0,40,,542,252,112,154,Immune,Immune,Immune,,1,1,1,1,1,,100,1,100,7.692,,1,1,1,1,1,1,1,1,1.5,1
Roundtable Hold,Twin Maiden Husks,500020079,,"1,939",-,,100,100,100,100,100,100,100,100,,0,0,0,0,0,0,0,0,,Immune,Immune,Immune,Immune,Immune,Immune,Immune,,1,1,1,1,1,,-1,1,∞,0,,1,1,1,1,1,1,1,1,1.5,0
Ruin-Strewn Precipice,Bat Harpy,42017426,,"1,183",-,,109,109,109,109,109,109,109,109,,-10,-10,-40,-10,0,0,0,0,,237,237,237,237,178,Immune,Immune,,1,1,1,1,1,,30,1,30,2.308,,1,1,1,1,1,1,1,1,1.5,0
Ruin-Strewn Precipice,Bat Harpy,42017526,,"1,183",-,,109,109,109,109,109,109,109,109,,-10,-10,-40,-10,0,0,0,0,,237,237,237,237,178,Immune,Immune,,1,1,1,1,1,,30,1,30,2.308,,1,1,1,1,1,1,1,1,1.5,0
Ruin-Strewn Precipice,Bat Harpy,42018026,,"1,946",-,,109,109,109,109,109,109,109,109,,-10,-10,-40,-10,0,0,0,0,,237,237,237,237,178,Immune,Immune,,1,1,1,1,1,,30,1,30,2.308,,1,1,1,1,1,1,1,1,1.5,0
Ruin-Strewn Precipice,Giant Bat,42000026,,303,-,,109,109,109,109,109,109,109,109,,-10,-10,-40,-10,-20,-20,-20,-20,,178,178,178,178,42,Immune,Immune,,1,1,1,1,1,,30,1,30,2.308,,1,1,1,1,1,1,1,1,1.5,0
Ruin-Strewn Precipice,Giant Bat,42000126,,303,-,,109,109,109,109,109,109,109,109,,-10,-10,-40,-10,-20,-20,-20,-20,,178,178,178,178,42,Immune,Immune,,1,1,1,1,1,,30,1,30,2.308,,1,1,1,1,1,1,1,1,1.5,0
Ruin-Strewn Precipice,Giant Bat,42000226,,303,-,,109,109,109,109,109,109,109,109,,-10,-10,-40,-10,-20,-20,-20,-20,,178,178,178,178,42,Immune,Immune,,1,1,1,1,1,,30,1,30,2.308,,1,1,1,1,1,1,1,1,1.5,0
Ruin-Strewn Precipice,Giant Land Octopus,42200026,,"5,598",-,,109,109,109,109,109,109,109,109,,80,80,80,80,40,40,20,40,,237,237,237,133,178,Immune,Immune,,1,1,1,1,1,,65,0.4,162.5,5,,2,1,1,1,1,1,1,1,5,1
Ruin-Strewn Precipice,Magma Wyrm Makar [Boss],49100026,,"7,141",-,,109,109,109,109,109,109,109,109,,10,10,35,10,40,80,40,40,,534,534,534,"1,150",237,Immune,Immune,,0.7,0.7,1,1,1,,120,1,120,9.231,,1,1,1,1,1,1,1,1,1.5,1
Ruin-Strewn Precipice,Small Land Octopus,42300026,,276,-,,109,109,109,109,109,109,109,109,,0,10,0,0,-20,-20,-40,-20,,178,178,178,42,133,Immune,Immune,,1,1,1,1,1,,30,1,30,2.308,,1,1,1,1,1,1,1,1,1.5,0
Ruin-Strewn Precipice,Stone Teardrop Scarab,41915026,,370,-,,109,109,109,109,109,109,109,109,,10,10,35,35,40,40,40,40,,Immune,Immune,Immune,Immune,Immune,Immune,Immune,,1,1,1,1,1,,30,1,30,2.308,,1,1,1,1,1,1,1,1,1.5,0
Ruin-Strewn Precipice,Tunnel Miner,43820026,,223,-,,109,109,109,109,109,109,109,109,,80,35,80,80,20,40,40,20,,534,326,326,326,237,Immune,Immune,,1,1,1,1,1,,65,1,65,5,,1,1,1,1,1,1,1,1,1.5,0
Ruin-Strewn Precipice,Tunnel Miner,43821026,,223,-,,109,109,109,109,109,109,109,109,,80,35,80,80,20,40,40,20,,534,326,326,326,237,Immune,Immune,,1,1,1,1,1,,65,1,65,5,,1,1,1,1,1,1,1,1,1.5,0
Ruin-Strewn Precipice,Tunnel Miner,43822026,,223,-,,109,109,109,109,109,109,109,109,,80,35,80,80,20,40,40,20,,534,326,326,326,237,Immune,Immune,,1,1,1,1,1,,65,1,65,5,,1,1,1,1,1,1,1,1,1.5,0
Ruin-Strewn Precipice,Tunnel Miner,43825026,,223,-,,109,109,109,109,109,109,109,109,,80,35,80,80,20,40,40,20,,534,326,326,326,237,Immune,Immune,,1,1,1,1,1,,65,1,65,5,,1,1,1,1,1,1,1,1,1.5,0
Ruin-Strewn Precipice,Vulgar Militia (Saw),43210026,,368,-,,109,109,109,109,109,109,109,109,,0,0,0,-10,0,0,-20,0,,Immune,178,237,178,237,Immune,Immune,,1,1,1,1,1,,30,1,30,2.308,,1,1,1,1,1,1,1,1,1.5,0
Ruin-Strewn Precipice,Vulgar Militia (Shotel),43211026,,368,-,,109,109,109,109,109,109,109,109,,0,0,0,-10,0,0,-20,0,,Immune,178,237,178,237,Immune,Immune,,1,1,1,1,1,,30,1,30,2.308,,1,1,1,1,1,1,1,1,1.5,0
Ruin-Strewn Precipice,Vulgar Militia (Chain),43212026,,368,-,,109,109,109,109,109,109,109,109,,0,0,0,-10,0,0,-20,0,,Immune,178,237,178,237,Immune,Immune,,1,1,1,1,1,,30,1,30,2.308,,1,1,1,1,1,1,1,1,1.5,0
Sage's Cave,Black Knife Assassin [Boss],21000930,,"3,929",-,,110,110,110,110,110,110,110,110,,10,10,10,35,20,20,20,40,,Immune,Immune,Immune,Immune,Immune,Immune,Immune,,1,0.7,1,1,1,,80,1,80,6.154,,1,1,1,1,1,1,1,1,1.5,0
Sage's Cave,Skeleton (Curved Sword),35000030,,397,-,,110,110,110,110,110,110,110,110,,0,-40,10,35,0,20,40,-40,,Immune,239,Immune,Immune,Immune,Immune,Immune,,1,1,1,1,1,,30,1,30,2.308,,0,1,1,1,1,1,1,1,1.5,0
Sage's Cave,Skeleton (Curved Sword),35001030,,397,-,,110,110,110,110,110,110,110,110,,0,-40,10,35,0,20,40,-40,,Immune,239,Immune,Immune,Immune,Immune,Immune,,1,1,1,1,1,,30,1,30,2.308,,0,1,1,1,1,1,1,1,1.5,0
Sage's Cave,Skeleton (Curved Sword),35004030,,397,-,,110,110,110,110,110,110,110,110,,0,-40,10,35,0,20,40,-40,,Immune,239,Immune,Immune,Immune,Immune,Immune,,1,1,1,1,1,,35,1,35,2.692,,0,1,1,1,1,1,1,1,1.5,0
Sage's Cave,Skull Snail,41403930,,510,-,,110,110,110,110,110,110,110,110,,-10,-40,0,0,-20,0,0,-40,,Immune,179,Immune,Immune,Immune,Immune,Immune,,1,1,1,1,1,,30,1,30,2.308,,1,1,1,1,1,1,1,1,1.5,0
Sage's Cave,Undead Mariner,30600030,,"1,803",-,,110,110,110,110,110,110,110,110,,0,-40,10,35,0,20,40,-40,,Immune,239,Immune,Immune,Immune,Immune,Immune,,1,1,1,1,1,,55,1,55,4.231,,1,1,1,1,1,1,1,1,1.5,0
Sainted Hero's Grave,Ancient Hero of Zamor [Boss],71000030,,"3,811",-,,110,110,110,110,110,110,110,110,,10,10,10,0,0,-20,-20,0,,329,329,539,"1,159",239,Immune,Immune,,0.7,0.7,1,1,1,,80,1,80,6.154,,1,1,1,1,1,1,1,1,1.5,0
Sainted Hero's Grave,Grave Warden Duelist (Greataxe),34000030,,"3,440",-,,110,110,110,110,110,110,110,110,,0,0,-10,0,0,0,0,0,,239,239,179,239,239,Immune,Immune,,1,1,1,1,1,,65,1,65,5,,1,1,1,1,1,1,1,1,1.5,0
Sainted Hero's Grave,Imp (Cat),30800030,,462,-,,110,110,110,110,110,110,110,110,,10,0,35,35,20,40,40,40,,Immune,Immune,Immune,Immune,Immune,Immune,Immune,,1,1,1,1,1,,30,1,30,2.308,,1,1,1,1,1,1,1,1,1.5,0
Sainted Hero's Grave,Imp (Wolf),30806030,,462,-,,110,110,110,110,110,110,110,110,,10,0,35,35,20,40,40,40,,Immune,Immune,Immune,Immune,Immune,Immune,Immune,,1,1,1,1,1,,35,1,35,2.692,,1,1,1,1,1,1,1,1,1.5,0
Sainted Hero's Grave,Putrid Corpse,36610030,,"1,010",-,,110,110,110,110,110,110,110,110,,-40,-40,-40,-40,-40,-40,-40,-40,,134,134,134,134,134,Immune,Immune,,1,1,1,1,1,,50,1,50,3.846,,1,1,1,1,1,1,1,1,1.5,0
Sainted Hero's Grave,Revenant,40000030,,411,-,,110,110,110,110,110,110,110,110,,0,0,-10,0,0,0,0,40,,Immune,329,329,329,Immune,Immune,Immune,,1,1,1,1,1,,30,1,30,2.308,,1,1,1,1,1,1,1,1,1.5,0
Sainted Hero's Grave,Revenant (Horseback),40001030,,672,-,,110,110,110,110,110,110,110,110,,0,0,-10,0,0,0,0,40,,Immune,329,329,329,Immune,Immune,Immune,,1,1,1,1,1,,55,1,55,4.231,,1,1,1,1,1,1,1,1,1.5,0
Sainted Hero's Grave,Royal Revenant,40208030,,"1,825",-,,110,110,110,110,110,110,110,110,,0,0,-10,0,0,0,0,40,,329,329,329,329,Immune,Immune,Immune,,1,1,1,1,1,,70,1,70,5.385,,1,1,1,1,1,1,1,1,1.5,0
Sainted Hero's Grave,Royal Revenant,40208130,,"1,825",-,,110,110,110,110,110,110,110,110,,0,0,-10,0,0,0,0,40,,329,329,329,329,Immune,Immune,Immune,,1,1,1,1,1,,70,1,70,5.385,,1,1,1,1,1,1,1,1,1.5,0
Sainted Hero's Grave,Royal Revenant,40208230,,"1,825",-,,110,110,110,110,110,110,110,110,,0,0,-10,0,0,0,0,40,,329,329,329,329,Immune,Immune,Immune,,1,1,1,1,1,,70,1,70,5.385,,1,1,1,1,1,1,1,1,1.5,0
Seethewater Cave,Fungal Sorcerer,43850032,,526,-,,111,111,111,111,111,111,111,111,,-10,-10,-10,-10,0,-40,0,0,,Immune,543,181,181,241,Immune,Immune,,1,1,1,1,1,,30,1,30,2.308,,1,1,1,1,1,1,1,1,1.5,0
Seethewater Cave,Fungal Sorcerer,43850132,,526,-,,111,111,111,111,111,111,111,111,,-10,-10,-10,-10,0,-40,0,0,,Immune,543,181,181,241,Immune,Immune,,1,1,1,1,1,,30,1,30,2.308,,1,1,1,1,1,1,1,1,1.5,0
Seethewater Cave,Fungal Sorcerer,43850232,,526,-,,111,111,111,111,111,111,111,111,,-10,-10,-10,-10,0,-40,0,0,,Immune,543,181,181,241,Immune,Immune,,1,1,1,1,1,,30,1,30,2.308,,1,1,1,1,1,1,1,1,1.5,0
Seethewater Cave,Giant Miranda Sprout,44800032,,"6,301",-,,111,111,111,111,111,111,111,111,,0,35,-40,0,0,-40,40,40,,Immune,543,543,135,241,Immune,Immune,,1,1,1,1,1,,100,1,100,7.692,,1,1,1,1,1,1,1,1,1.5,1
Seethewater Cave,Giant Rat,40900032,,"1,807",-,,111,111,111,111,111,111,111,111,,-10,-10,-40,-10,-20,-40,-20,-20,,332,332,181,241,181,Immune,Immune,,1,1,1,1,1,,65,1,65,5,,1,1,1,1,1,1,1,1,1.5,0
Seethewater Cave,Kindred of Rot [Boss],38100932,,"2,034",-,,111,111,111,111,111,111,111,111,,0,0,10,0,0,-20,0,0,,543,543,181,181,181,Immune,Immune,,0.7,0.7,1,1,1,,30,1,30,2.308,,1,1,1,1,1,1,1,1,1.5,0
Seethewater Cave,Kindred of Rot [Boss],38102932,,"2,034",-,,111,111,111,111,111,111,111,111,,0,0,10,0,0,-20,0,0,,543,543,181,181,181,Immune,Immune,,0.7,0.7,1,1,1,,30,1,30,2.308,,1,1,1,1,1,1,1,1,1.5,0
Seethewater Cave,Leyndell Soldier,43130032,,624,-,,111,111,111,111,111,111,111,111,,0,0,10,-10,0,0,0,20,,181,181,241,241,241,Immune,Immune,,1,1,1,1,1,,30,1,30,2.308,,1,1,1,1,1,1,1,1,1.5,0
Seethewater Cave,Leyndell Soldier,43130132,,624,-,,111,111,111,111,111,111,111,111,,0,0,10,-10,0,0,0,20,,181,181,241,241,241,Immune,Immune,,1,1,1,1,1,,30,1,30,2.308,,1,1,1,1,1,1,1,1,1.5,0
Seethewater Cave,Rat,40800032,,526,-,,111,111,111,111,111,111,111,111,,-10,-10,-40,-10,-20,-40,-20,-20,,332,332,181,241,181,Immune,Immune,,1,1,1,1,1,,30,1,30,2.308,,1,1,1,1,1,1,1,1,1.5,0
Seethewater Cave,Small Living Mass,41700332,,893,-,,111,111,111,111,111,111,111,111,,80,80,80,80,40,-40,40,40,,Immune,"1,169",241,241,Immune,Immune,Immune,,1,1,1,1,1,,120,1,120,9.231,,1,1,1,1,1,1,1,1,1.5,1
Sellia Crystal Tunnel,Fallingstar Beast [Boss],46801940,,"4,554",-,,109,109,109,109,109,109,109,109,,35,35,35,35,20,20,20,20,,534,534,Immune,Immune,Immune,Immune,Immune,,1,1,1,1,1,,100,1,100,7.692,,1,1,1,1,1,1,1,1,1.5,1
Sellia Crystal Tunnel,Kindred of Rot,38100040,,753,-,,109,109,109,109,109,109,109,109,,0,0,10,0,0,-20,0,0,,534,534,178,178,178,Immune,Immune,,1,1,1,1,1,,30,1,30,2.308,,1,1,1,1,1,1,1,1,1.5,0
Sellia Crystal Tunnel,Kindred of Rot,38103040,,753,-,,109,109,109,109,109,109,109,109,,0,0,10,0,0,-20,0,0,,534,534,178,178,178,Immune,Immune,,1,1,1,1,1,,30,1,30,2.308,,1,1,1,1,1,1,1,1,1.5,0
Sellia Hideaway,Crystal Snail,41404040,,303,-,,109,109,109,109,109,109,109,109,,-10,-40,0,0,40,0,0,0,,534,534,Immune,Immune,237,Immune,Immune,,1,1,1,1,1,,30,1,30,2.308,,1,1,1,1,1,1,1,1,1.5,0
Sellia Hideaway,Glintstone Miner,43830040,,168,-,,109,109,109,109,109,109,109,109,,80,35,80,80,40,20,20,20,,534,326,326,326,237,Immune,Immune,,1,1,1,1,1,,65,1,65,5,,1,1,1,1,1,1,1,1,1.5,0
Sellia Hideaway,Glintstone Miner,43831040,,168,-,,109,109,109,109,109,109,109,109,,80,35,80,80,40,20,20,20,,534,326,326,326,237,Immune,Immune,,1,1,1,1,1,,65,1,65,5,,1,1,1,1,1,1,1,1,1.5,0
Sellia Hideaway,Glintstone Miner,43840040,,433,-,,109,109,109,109,109,109,109,109,,80,35,80,80,40,20,20,20,,534,326,326,326,237,Immune,Immune,,1,1,1,1,1,,80,1,80,6.154,,1,1,1,1,1,1,1,1,1.5,0
Sellia Hideaway,Master Lusat,37200040,,"24,057",-,,109,109,109,109,109,109,109,109,,100,100,100,100,100,100,100,100,,Immune,Immune,Immune,Immune,Immune,Immune,Immune,,1,1,1,1,1,,-1,1,∞,0,,1,1,1,1,1,1,1,1,1.5,0
Sellia Hideaway,Putrid Crystalian (Ringblade) [Boss],33500940,,"3,358",-,,109,109,109,109,109,109,109,109,,91,10,93.5,93.5,94,94,94,94,,"1,150",Immune,Immune,534,Immune,Immune,Immune,,1,0.7,1,1,1,,70,1,70,5.385,,1,1,1,1,1,1,1,1,1.5,0
Sellia Hideaway,Putrid Crystalian (Ringblade) [Boss] [Cracked],33500940b,,"3,358",-,,109,109,109,109,109,109,109,109,,10,10,35,35,40,40,40,40,,"1,150",Immune,Immune,534,Immune,Immune,Immune,,1,0.7,1,1,1,,70,1,70,5.385,,1,1,1,1,1,1,1,1,1.5,0
Sellia Hideaway,Putrid Crystalian (Spear) [Boss],33501940,,"3,358",-,,109,109,109,109,109,109,109,109,,91,10,93.5,93.5,94,94,94,94,,"1,150",Immune,Immune,534,Immune,Immune,Immune,,1,0.7,1,1,1,,70,1,70,5.385,,1,1,1,1,1,1,1,1,1.5,0
Sellia Hideaway,Putrid Crystalian (Spear) [Boss] [Cracked],33501940b,,"3,358",-,,109,109,109,109,109,109,109,109,,10,10,35,35,40,40,40,40,,"1,150",Immune,Immune,534,Immune,Immune,Immune,,1,0.7,1,1,1,,70,1,70,5.385,,1,1,1,1,1,1,1,1,1.5,0
Sellia Hideaway,Putrid Crystalian (Staff) [Boss],33502940,,"3,358",-,,109,109,109,109,109,109,109,109,,91,10,93.5,93.5,94,94,94,94,,"1,150",Immune,Immune,534,Immune,Immune,Immune,,1,0.7,1,1,1,,70,1,70,5.385,,1,1,1,1,1,1,1,1,1.5,0
Sellia Hideaway,Putrid Crystalian (Staff) [Boss] [Cracked],33502940b,,"3,358",-,,109,109,109,109,109,109,109,109,,10,10,35,35,40,40,40,40,,"1,150",Immune,Immune,534,Immune,Immune,Immune,,1,0.7,1,1,1,,70,1,70,5.385,,1,1,1,1,1,1,1,1,1.5,0
Sellia Hideaway,Raya Lucaria Scholar,37021040,,440,-,,109,109,109,109,109,109,109,109,,-10,0,-10,-10,40,20,20,0,,178,178,178,178,237,Immune,Immune,,1,1,1,1,1,,30,1,30,2.308,,1,1,1,1,1,1,1,1,1.5,0
Sellia Hideaway,Raya Lucaria Scholar,37022040,,642,-,,109,109,109,109,109,109,109,109,,-10,0,-10,-10,40,20,20,0,,178,178,178,178,237,Immune,Immune,,1,1,1,1,1,,30,1,30,2.308,,1,1,1,1,1,1,1,1,1.5,0
Sellia Hideaway,Raya Lucaria Scholar,37023040,,642,-,,109,109,109,109,109,109,109,109,,-10,0,-10,-10,40,20,20,0,,178,178,178,178,237,Immune,Immune,,1,1,1,1,1,,30,1,30,2.308,,1,1,1,1,1,1,1,1,1.5,0
Sellia Hideaway,Royal Revenant,40208040,,"1,633",-,,109,109,109,109,109,109,109,109,,0,0,-10,0,0,0,0,40,,326,326,326,326,Immune,Immune,Immune,,1,1,1,1,1,,70,1,70,5.385,,1,1,1,1,1,1,1,1,1.5,0
Siofra River,???,533190065,,"17,406",-,,114,114,114,114,114,114,114,114,,0,0,0,0,75,0,-25,0,,110,110,110,110,"1,104",0,999,,1,1,1,1,1,,100,1,100,7.692,,1,1,1,1,1,1,1,1,1.5,0
Siofra River,Abandoned Merchant,32002764,,"2,905",-,,107,107,107,107,107,107,107,107,,-10,0,-10,-10,0,0,0,0,,235,235,235,324,Immune,Immune,Immune,,1,1,1,1,1,,30,1,30,2.308,,1,1,1,1,1,1,1,1,1.5,0
Siofra River,"Ancestral Follower (Axe, Quiver)",33605064,,716,-,,107,107,107,107,107,107,107,107,,-10,0,-10,-10,0,0,0,0,,Immune,Immune,Immune,Immune,530,Immune,Immune,,1,1,1,1,1,,40,1,40,3.077,,1,1,1,1,1,1,1,1,1.5,0
Siofra River,"Ancestral Follower (Axe, Quiver)",33605264,,716,-,,107,107,107,107,107,107,107,107,,-10,0,-10,-10,0,0,0,0,,Immune,Immune,Immune,Immune,530,Immune,Immune,,1,1,1,1,1,,40,1,40,3.077,,1,1,1,1,1,1,1,1,1.5,0
Siofra River,Ancestral Follower (Axe),33600065,,"1,027",-,,111,111,111,111,111,111,111,111,,-10,0,-10,-10,0,0,0,0,,543,543,543,"1,169",543,Immune,Immune,,1,1,1,1,1,,40,1,40,3.077,,1,1,1,1,1,1,1,1,1.5,0
Siofra River,Ancestral Follower (Axe),33600265,,"1,027",-,,111,111,111,111,111,111,111,111,,-10,0,-10,-10,0,0,0,0,,543,543,543,"1,169",543,Immune,Immune,,1,1,1,1,1,,40,1,40,3.077,,1,1,1,1,1,1,1,1,1.5,0
Siofra River,Ancestral Follower (Axe),33600565,,"1,027",-,,111,111,111,111,111,111,111,111,,-10,0,-10,-10,0,0,0,0,,543,543,543,"1,169",543,Immune,Immune,,1,1,1,1,1,,40,1,40,3.077,,1,1,1,1,1,1,1,1,1.5,0
Siofra River,"Ancestral Follower (Bow, Quiver)",33605564,,716,-,,107,107,107,107,107,107,107,107,,-10,0,-10,-10,0,0,0,0,,Immune,Immune,Immune,Immune,530,Immune,Immune,,1,1,1,1,1,,40,1,40,3.077,,1,1,1,1,1,1,1,1,1.5,0
Siofra River,"Ancestral Follower (Bow, Quiver)",33605764,,716,-,,107,107,107,107,107,107,107,107,,-10,0,-10,-10,0,0,0,0,,Immune,Immune,Immune,Immune,530,Immune,Immune,,1,1,1,1,1,,40,1,40,3.077,,1,1,1,1,1,1,1,1,1.5,0
Siofra River,Ancestral Follower (Scythe),33601065,,"1,027",-,,111,111,111,111,111,111,111,111,,-10,0,-10,-10,0,0,0,0,,543,543,543,"1,169",543,Immune,Immune,,1,1,1,1,1,,40,1,40,3.077,,1,1,1,1,1,1,1,1,1.5,0
Siofra River,Ancestral Follower (Scythe),33601265,,"1,027",-,,111,111,111,111,111,111,111,111,,-10,0,-10,-10,0,0,0,0,,543,543,543,"1,169",543,Immune,Immune,,1,1,1,1,1,,40,1,40,3.077,,1,1,1,1,1,1,1,1,1.5,0
Siofra River,Ancestral Follower (Scythe),33601365,,"1,027",-,,111,111,111,111,111,111,111,111,,-10,0,-10,-10,0,0,0,0,,543,543,543,"1,169",543,Immune,Immune,,1,1,1,1,1,,40,1,40,3.077,,1,1,1,1,1,1,1,1,1.5,0
Siofra River,Ancestral Follower (Scythe),33606064,,716,-,,107,107,107,107,107,107,107,107,,-10,0,-10,-10,0,0,0,0,,Immune,Immune,Immune,Immune,530,Immune,Immune,,1,1,1,1,1,,40,1,40,3.077,,1,1,1,1,1,1,1,1,1.5,0
Siofra River,Ancestral Follower (Scythe),33606264,,716,-,,107,107,107,107,107,107,107,107,,-10,0,-10,-10,0,0,0,0,,Immune,Immune,Immune,Immune,530,Immune,Immune,,1,1,1,1,1,,40,1,40,3.077,,1,1,1,1,1,1,1,1,1.5,0
Siofra River,Ancestral Follower (Scythe),33607064,,716,-,,107,107,107,107,107,107,107,107,,-10,0,-10,-10,0,0,0,0,,Immune,Immune,Immune,Immune,530,Immune,Immune,,1,1,1,1,1,,40,1,40,3.077,,1,1,1,1,1,1,1,1,1.5,0
Siofra River,Ancestral Follower (Scythe),33607264,,716,-,,107,107,107,107,107,107,107,107,,-10,0,-10,-10,0,0,0,0,,Immune,Immune,Immune,Immune,530,Immune,Immune,,1,1,1,1,1,,40,1,40,3.077,,1,1,1,1,1,1,1,1,1.5,0
Siofra River,Ancestral Follower (Staff),33602265,,"1,027",-,,111,111,111,111,111,111,111,111,,-10,0,-10,-10,0,0,0,0,,543,543,543,"1,169",543,Immune,Immune,,1,1,1,1,1,,40,1,40,3.077,,1,1,1,1,1,1,1,1,1.5,0
Siofra River,Ancestral Follower (Staff),33602365,,"1,027",-,,111,111,111,111,111,111,111,111,,-10,0,-10,-10,0,0,0,0,,543,543,543,"1,169",543,Immune,Immune,,1,1,1,1,1,,40,1,40,3.077,,1,1,1,1,1,1,1,1,1.5,0
Siofra River,Ancestral Follower Shaman,33700065,,"1,462",-,,111,111,111,111,111,111,111,111,,-10,0,-10,-10,20,0,0,0,,543,543,543,"1,169",543,Immune,Immune,,1,1,1,1,1,,50,1,50,3.846,,1,1,1,1,1,1,1,1,1.5,0
Siofra River,Ancestral Follower Shaman,33700265,,"1,019",-,,107,107,107,107,107,107,107,107,,-10,0,-10,-10,20,0,0,0,,530,530,530,"1,140",530,Immune,Immune,,1,1,1,1,1,,50,1,50,3.846,,1,1,1,1,1,1,1,1,1.5,0
Siofra River,Ancestral Follower Shaman,33700865,,"1,019",-,,107,107,107,107,107,107,107,107,,-10,0,-10,-10,20,0,0,0,,530,530,530,"1,140",530,Immune,Immune,,1,1,1,1,1,,50,1,50,3.846,,1,1,1,1,1,1,1,1,1.5,0
Siofra River,Ash Teardrop Scarab,41912064,,348,-,,107,107,107,107,107,107,107,107,,10,10,35,35,40,40,40,40,,Immune,Immune,Immune,Immune,Immune,Immune,Immune,,1,1,1,1,1,,30,1,30,2.308,,1,1,1,1,1,1,1,1,1.5,0
Siofra River,Ash Teardrop Scarab,41912065,,500,-,,111,111,111,111,111,111,111,111,,10,10,35,35,40,40,40,40,,Immune,Immune,Immune,Immune,Immune,Immune,Immune,,1,1,1,1,1,,30,1,30,2.308,,1,1,1,1,1,1,1,1,1.5,0
Siofra River,Blaidd the Half-Wolf,20109064,,"2,991",-,,107,107,107,107,107,107,107,107,,10,10,10,0,40,0,20,20,,Immune,Immune,Immune,Immune,Immune,Immune,Immune,,1,1,1,1,1,,80,1,80,6.154,,1,1,1,1,1,1,1,1,1.5,0
Siofra River,Boar,60500064,,82,-,,100,100,100,100,100,100,100,100,,-40,-40,-40,-40,-40,-100,-40,-40,,63,63,63,63,63,Immune,Immune,,1,1,1,1,1,,-1,1,∞,0,,1,1,1,1,1,1,1,1,1.5,0
Siofra River,Cerulean Teardrop Scarab,41911065,,500,-,,111,111,111,111,111,111,111,111,,10,10,35,35,40,40,40,40,,Immune,Immune,Immune,Immune,Immune,Immune,Immune,,1,1,1,1,1,,30,1,30,2.308,,1,1,1,1,1,1,1,1,1.5,0
Siofra River,Clayman,37500065,,851,-,,111,111,111,111,111,111,111,111,,10,0,35,35,40,20,20,20,,Immune,Immune,543,543,181,Immune,Immune,,1,1,1,1,1,,65,1,65,5,,1,1,1,1,1,1,1,1,1.5,0
Siofra River,Clayman,37502065,,851,-,,111,111,111,111,111,111,111,111,,10,0,35,35,40,20,20,20,,Immune,Immune,543,543,181,Immune,Immune,,1,1,1,1,1,,65,1,65,5,,1,1,1,1,1,1,1,1,1.5,0
Siofra River,Commoner (Ghost),36609165,,341,-,,111,111,111,111,111,111,111,111,,-10,-10,-10,-10,-20,-20,-20,0,,Immune,Immune,Immune,Immune,Immune,Immune,Immune,,1,1,1,1,1,,30,1,30,2.308,,1,1,1,1,1,1,1,1,1.5,0
Siofra River,Crab,22710064,,63,-,,107,107,107,107,107,107,107,107,,10,-40,10,10,0,0,0,0,,176,176,235,132,132,Immune,Immune,,1,1,1,1,1,,30,1,30,2.308,,1,1,1,1,1,1,1,1,1.5,0
Siofra River,Crab,22710065,,91,-,,111,111,111,111,111,111,111,111,,10,-40,10,10,0,0,0,0,,181,181,241,135,135,Immune,Immune,,1,1,1,1,1,,30,1,30,2.308,,1,1,1,1,1,1,1,1,1.5,0
Siofra River,Crimson Teardrop Scarab,41910064,,348,-,,107,107,107,107,107,107,107,107,,10,10,35,35,40,40,40,40,,Immune,Immune,Immune,Immune,Immune,Immune,Immune,,1,1,1,1,1,,30,1,30,2.308,,1,1,1,1,1,1,1,1,1.5,0
Siofra River,Crimson Teardrop Scarab,41910065,,500,-,,111,111,111,111,111,111,111,111,,10,10,35,35,40,40,40,40,,Immune,Immune,Immune,Immune,Immune,Immune,Immune,,1,1,1,1,1,,30,1,30,2.308,,1,1,1,1,1,1,1,1,1.5,0
Siofra River,Crucible Knight (Greatsword),25000165,,"2,730",-,,111,111,111,111,111,111,111,111,,35,35,35,35,40,20,20,40,,543,543,Immune,543,543,Immune,Immune,,1,1,1,1,1,,80,1,80,6.154,,1,1,1,1,1,1,1,1,1.5,0
Siofra River,Crucible Knight (Greatsword),25000865,,"2,730",-,,111,111,111,111,111,111,111,111,,35,35,35,35,40,20,20,40,,543,543,Immune,543,543,Immune,Immune,,1,1,1,1,1,,80,1,80,6.154,,1,1,1,1,1,1,1,1,1.5,0
Siofra River,Crucible Knight (Tree Spear),25001165,,"2,730",-,,111,111,111,111,111,111,111,111,,35,35,35,35,40,20,20,40,,543,543,Immune,543,543,Immune,Immune,,1,1,1,1,1,,80,1,80,6.154,,1,1,1,1,1,1,1,1,1.5,0
Siofra River,Deer,60100064,,55,-,,100,100,100,100,100,100,100,100,,-40,-40,-40,-40,-40,-100,-40,-40,,63,63,63,63,63,Immune,Immune,,1,1,1,1,1,,-1,1,∞,0,,1,1,1,1,1,1,1,1,1.5,0
Siofra River,Deer,60100065,,55,-,,100,100,100,100,100,100,100,100,,-40,-40,-40,-40,-40,-100,-40,-40,,63,63,63,63,63,Immune,Immune,,1,1,1,1,1,,-1,1,∞,0,,1,1,1,1,1,1,1,1,1.5,0
Siofra River,Dragonfly,60800064,,17,-,,100,100,100,100,100,100,100,100,,-40,-40,-10,-40,-40,-100,-40,-40,,84,84,63,20,63,Immune,Immune,,1,1,1,1,1,,-1,1,∞,0,,1,1,1,1,1,1,1,1,1.5,0
Siofra River,Dragonkin Soldier [Boss],46500265,,"5,758",-,,114,114,114,114,114,114,114,114,,10,10,0,10,20,20,40,20,,552,552,552,"1,188",Immune,Immune,Immune,,0.7,0.7,1,1,1,,120,1,120,9.231,,1,1,1,1,1,1,1,1,1.5,1
Siofra River,Fallen Hawk Soldier,70000065,,373,-,,111,111,111,111,111,111,111,111,,0,0,-10,0,0,0,0,0,,181,181,181,241,43,Immune,Immune,,1,1,1,1,1,,30,1,30,2.308,,1,1,1,1,1,1,1,1,1.5,0
Siofra River,Fallen Hawk Soldier,70001065,,477,-,,111,111,111,111,111,111,111,111,,0,0,-10,0,0,0,0,0,,181,181,181,241,43,Immune,Immune,,1,1,1,1,1,,30,1,30,2.308,,1,1,1,1,1,1,1,1,1.5,0
Siofra River,Fallen Hawk Soldier,70002065,,373,-,,111,111,111,111,111,111,111,111,,0,0,-10,0,0,0,0,0,,181,181,181,241,43,Immune,Immune,,1,1,1,1,1,,30,1,30,2.308,,1,1,1,1,1,1,1,1,1.5,0
Siofra River,Fallen Hawk Soldier,70003165,,373,-,,111,111,111,111,111,111,111,111,,0,0,-10,0,0,0,0,0,,181,181,181,241,43,Immune,Immune,,1,1,1,1,1,,30,1,30,2.308,,1,1,1,1,1,1,1,1,1.5,0
Siofra River,Giant Crab,22700064,,808,-,,107,107,107,107,107,107,107,107,,35,0,35,35,20,20,20,20,,324,324,324,176,176,Immune,Immune,,1,1,1,1,1,,80,1,80,6.154,,1,1,1,1,1,1,1,1,1.5,0
Siofra River,Giant Land Octopus,42200064,,"5,272",-,,107,107,107,107,107,107,107,107,,80,80,80,80,40,40,20,40,,235,235,235,132,176,Immune,Immune,,1,1,1,1,1,,65,0.4,162.5,5,,2,1,1,1,1,1,1,1,5,1
Siofra River,Giant Miranda Sprout,44800064,,"4,393",-,,107,107,107,107,107,107,107,107,,0,35,-40,0,0,-40,40,40,,"1,140",530,530,132,235,Immune,Immune,,1,1,1,1,1,,100,1,100,7.692,,1,1,1,1,1,1,1,1,1.5,1
Siofra River,Giant Rat,40900064,,"1,259",-,,107,107,107,107,107,107,107,107,,-10,-10,-40,-10,-20,-40,-20,-20,,324,324,176,235,176,Immune,Immune,,1,1,1,1,1,,65,1,65,5,,1,1,1,1,1,1,1,1,1.5,0
Siofra River,Goat,60600064,,55,-,,100,100,100,100,100,100,100,100,,-40,-40,-40,-40,-40,-100,-40,-40,,63,63,63,63,63,Immune,Immune,,1,1,1,1,1,,-1,1,∞,0,,1,1,1,1,1,1,1,1,1.5,0
Siofra River,Goat,60600065,,55,-,,100,100,100,100,100,100,100,100,,-40,-40,-40,-40,-40,-100,-40,-40,,63,63,63,63,63,Immune,Immune,,1,1,1,1,1,,-1,1,∞,0,,1,1,1,1,1,1,1,1,1.5,0
Siofra River,Grey Wolf,40700165,,253,-,,111,111,111,111,111,111,111,111,,-10,-10,-40,-10,-20,-40,-20,-20,,181,181,181,332,181,Immune,Immune,,1,1,1,1,1,,30,1,30,2.308,,1,1,1,1,1,1,1,1,1.5,0
Siofra River,Hawk,60010064,,27,-,,100,100,100,100,100,100,100,100,,-40,-40,-40,-40,-40,-100,-40,-40,,63,63,63,63,63,Immune,Immune,,1,1,1,1,1,,-1,1,∞,0,,1,1,1,1,1,1,1,1,1.5,0
Siofra River,Hawk,60010065,,27,-,,100,100,100,100,100,100,100,100,,-40,-40,-40,-40,-40,-100,-40,-40,,63,63,63,63,63,Immune,Immune,,1,1,1,1,1,,-1,1,∞,0,,1,1,1,1,1,1,1,1,1.5,0
Siofra River,Incantation Teardrop Scarab,41914065,,500,-,,111,111,111,111,111,111,111,111,,10,10,35,35,40,40,40,40,,Immune,Immune,Immune,Immune,Immune,Immune,Immune,,1,1,1,1,1,,30,1,30,2.308,,1,1,1,1,1,1,1,1,1.5,0
Siofra River,Jellyfish,41800065,,724,-,,111,111,111,111,111,111,111,111,,0,35,0,0,20,20,-20,0,,Immune,Immune,Immune,Immune,Immune,Immune,Immune,,1,1,1,1,1,,30,1,30,2.308,,1,1,1,1,1,1,1,1,1.5,0
Siofra River,Miranda Sprout,44810064,,269,-,,107,107,107,107,107,107,107,107,,-10,10,-40,-10,-20,-40,20,20,,"1,140",530,530,132,235,Immune,Immune,,1,1,1,1,1,,30,1,30,2.308,,1,1,1,1,1,1,1,1,1.5,1
Siofra River,Nox Priest,33002065,,"1,101",-,,111,111,111,111,111,111,111,111,,0,0,-10,0,20,0,0,-20,,332,332,332,332,241,Immune,Immune,,1,1,1,1,1,,65,1,65,5,,1,1,1,1,1,1,1,1,1.5,0
Siofra River,Nox Swordstress,33001065,,"1,101",-,,111,111,111,111,111,111,111,111,,0,0,-10,0,20,0,0,-20,,332,332,332,332,241,Immune,Immune,,1,1,1,1,1,,65,1,65,5,,1,1,1,1,1,1,1,1,1.5,0
Siofra River,Springhare,61000064,,27,-,,100,100,100,100,100,100,100,100,,-40,-40,-40,-40,-40,-100,-40,-40,,63,63,63,63,63,Immune,Immune,,1,1,1,1,1,,-1,1,∞,0,,1,1,1,1,1,1,1,1,1.5,0
Siofra River,Springhare,61000065,,27,-,,100,100,100,100,100,100,100,100,,-40,-40,-40,-40,-40,-100,-40,-40,,63,63,63,63,63,Immune,Immune,,1,1,1,1,1,,-1,1,∞,0,,1,1,1,1,1,1,1,1,1.5,0
Siofra River,Rat,40800064,,367,-,,107,107,107,107,107,107,107,107,,-10,-10,-40,-10,-20,-40,-20,-20,,324,324,176,235,176,Immune,Immune,,1,1,1,1,1,,30,1,30,2.308,,1,1,1,1,1,1,1,1,1.5,0
Siofra River,Rat,40800065,,526,-,,111,111,111,111,111,111,111,111,,-10,-10,-40,-10,-20,-40,-20,-20,,332,332,181,241,181,Immune,Immune,,1,1,1,1,1,,30,1,30,2.308,,1,1,1,1,1,1,1,1,1.5,0
Siofra River,Red Wolf,31810065,,"3,162",-,,111,111,111,111,111,111,111,111,,0,0,-10,0,40,20,20,20,,332,332,543,543,332,Immune,Immune,,1,1,1,1,1,,120,1,120,9.231,,1,1,1,1,1,1,1,1,1.5,0
Siofra River,Silver Tear,33200265,,360,-,,111,111,111,111,111,111,111,111,,35,35,35,35,20,40,0,20,,Immune,Immune,Immune,543,Immune,Immune,Immune,,1,1,1,1,1,,65,1,65,5,,1,1,1,1,1,1,1,1,1.5,0
Siofra River,Silver Tear,33201065,,360,-,,111,111,111,111,111,111,111,111,,35,35,35,35,20,40,0,20,,Immune,Immune,Immune,543,Immune,Immune,Immune,,1,1,1,1,1,,65,1,65,5,,1,1,1,1,1,1,1,1,1.5,0
Siofra River,Silver Tear,33201165,,360,-,,111,111,111,111,111,111,111,111,,35,35,35,35,20,40,0,20,,Immune,Immune,Immune,543,Immune,Immune,Immune,,1,1,1,1,1,,65,1,65,5,,1,1,1,1,1,1,1,1,1.5,0
Siofra River,Silver Tear Boulder,33300665,,"1,794",-,,111,111,111,111,111,111,111,111,,35,10,35,35,20,40,0,20,,Immune,Immune,Immune,543,Immune,Immune,Immune,,1,1,1,1,1,,80,1,80,6.154,,1,1,1,1,1,1,1,1,1.5,0
Siofra River,Small Land Octopus,42300064,,260,-,,107,107,107,107,107,107,107,107,,0,10,0,0,-20,-20,-40,-20,,176,176,176,42,132,Immune,Immune,,1,1,1,1,1,,30,1,30,2.308,,1,1,1,1,1,1,1,1,1.5,0
Siofra River,Stone Teardrop Scarab,41913065,,500,-,,111,111,111,111,111,111,111,111,,10,10,35,35,40,40,40,40,,Immune,Immune,Immune,Immune,Immune,Immune,Immune,,1,1,1,1,1,,30,1,30,2.308,,1,1,1,1,1,1,1,1,1.5,0
Siofra River,Stone Teardrop Scarab,41915065,,500,-,,111,111,111,111,111,111,111,111,,10,10,35,35,40,40,40,40,,Immune,Immune,Immune,Immune,Immune,Immune,Immune,,1,1,1,1,1,,30,1,30,2.308,,1,1,1,1,1,1,1,1,1.5,0
Siofra River,Troll Knight,46000065,,"6,178",-,,111,111,111,111,111,111,111,111,,0,0,-10,0,0,0,0,0,,241,241,241,332,43,Immune,Immune,,1,1,1,1,1,,65,1,65,5,,1,1,1,1,1,1,1,1,2,1
Siofra River,Turtle,60900064,,378,-,,100,100,100,100,100,100,100,100,,35,0,35,0,-40,-100,-40,-40,,63,63,63,63,63,Immune,Immune,,1,1,1,1,1,,-1,1,∞,0,,2,1,1,1,1,1,1,1,1.5,1
Siofra River,Valiant Gargoyle (Greatsword) [Boss],47700165,,"5,671",-,,111,111,111,111,111,111,111,111,,10,0,35,35,20,40,40,40,,Immune,Immune,Immune,Immune,Immune,Immune,Immune,,1,1,1,1,1,,110,1,110,8.462,,1.5,1,1,1,1,1,1,1,1.5,1
Siofra River,Valiant Gargoyle (Twinblade) [Boss],47701165,,"5,671",-,,111,111,111,111,111,111,111,111,,10,0,35,35,20,40,40,40,,Immune,Immune,Immune,Immune,Immune,Immune,Immune,,1,1,1,1,1,,110,1,110,8.462,,1.5,1,1,1,1,1,1,1,1.5,1
Siofra River,Wisp,21500064,,423,-,,107,107,107,107,107,107,107,107,,35,35,35,35,40,40,40,40,,Immune,Immune,Immune,Immune,"2,102",Immune,Immune,,1,1,1,1,1,,-1,1,∞,0,,1,1,1,1,1,1,1,1,1.5,0
Siofra River - Boss,Ancestor Spirit [Boss],46700964,,"4,393",-,,107,107,107,107,107,107,107,107,,0,0,-10,0,20,-20,0,-20,,"1,140","1,140","1,140","1,140",Immune,Immune,Immune,,0.7,0.7,1,1,1,,120,1,120,9.231,,1,1,1,1,1,2,1,1,1.5,1
Siofra River Bank,Clayman,37500064,,593,-,,107,107,107,107,107,107,107,107,,10,0,35,35,40,20,20,20,,Immune,Immune,530,530,176,Immune,Immune,,1,1,1,1,1,,65,1,65,5,,1,1,1,1,1,1,1,1,1.5,0
Siofra River Bank,Clayman,37502064,,593,-,,107,107,107,107,107,107,107,107,,10,0,35,35,40,20,20,20,,Immune,Immune,530,530,176,Immune,Immune,,1,1,1,1,1,,65,1,65,5,,1,1,1,1,1,1,1,1,1.5,0
Siofra River Bank,Stone Teardrop Scarab,41913064,,348,-,,107,107,107,107,107,107,107,107,,10,10,35,35,40,40,40,40,,Immune,Immune,Immune,Immune,Immune,Immune,Immune,,1,1,1,1,1,,30,1,30,2.308,,1,1,1,1,1,1,1,1,1.5,0
Southeast Caelid,Blaidd the Half-Wolf (Summon),20109140,,"2,900",-,,100,100,100,100,100,100,100,100,,10,10,10,0,40,0,20,20,,112,112,154,252,252,Immune,Immune,,1,1,1,1,1,,80,1,80,6.154,,1,1,1,1,1,1,1,1,1.5,0
Southeast Caelid,Flame Pillars,10003000,,"1,939",-,,100,100,100,100,100,100,100,100,,0,0,0,0,0,0,0,0,,Immune,Immune,Immune,Immune,Immune,Immune,Immune,,1,1,1,1,1,,-1,1,∞,0,,1,1,1,1,1,1,1,1,1.5,0
Southeast Caelid,Iron Fist Alexander (Summon),44909040,,"3,600",-,,100,100,100,100,100,100,100,100,,10,-40,35,35,0,20,20,20,,Immune,Immune,Immune,Immune,Immune,Immune,Immune,,1,1,1,1,1,,80,1,80,6.154,,1,1,1,1,1,1,1,1,1.5,1
Southeast Caelid,Starscourge Radahn [Boss],47300040,,"9,572",-,,113,113,113,113,113,113,113,113,,10,10,10,0,20,20,20,40,,334,243,334,334,548,Immune,Immune,,0.7,0.7,1,1,1,,200,1,200,15.385,,1,1,1,1,1,1,1,1,1.5,0
Southeast Mountaintops,Fire Giant [Boss],47600050,,"22,898",-,,118,118,118,118,118,118,118,118,,0,0,-10,0,0,50,0,20,,565,565,565,"1,216",565,Immune,Immune,,0.7,0.7,1,1,1,,120,1,120,9.231,,2,0.5,1.2,0.6,1,1,1,1,1.5,1
Southeast Mountaintops,Fire Giant [Boss],47601050,,"43,263",-,,118,118,118,118,118,118,118,118,,0,0,-10,0,0,50,0,20,,565,565,565,"1,216",565,Immune,Immune,,0.7,0.7,1,1,1,,120,1,120,9.231,,2,0.5,1.2,0.6,1,1,1,1,1.5,1
Southeast Mountaintops,"Iron Fist Alexander (Cracked, Summon)",44909850,,"8,370",-,,115,115,115,115,115,115,115,115,,73,58,80.5,80.5,70,100,76,76,,Immune,Immune,Immune,Immune,Immune,Immune,Immune,,1,1,1,1,1,,80,1,80,6.154,,1,1,1,1,1,1,1,1,1.5,1
Southeast Weeping Peninsula Coast,Golem,46607012,,"3,128",-,,102,102,102,102,102,102,102,102,,10,0,10,10,20,40,40,40,,Immune,Immune,Immune,Immune,Immune,Immune,Immune,,1,1,1,1,1,,120,0.4096,292.969,9.231,,1,1,1,1,1,1,1,1,2.5,1
Southwest Liurnia,"Miriel, Pastor of Vows",60911022,,378,-,,100,100,100,100,100,100,100,100,,35,0,35,0,-40,-100,-40,-40,,63,63,63,63,63,Immune,Immune,,1,1,1,1,1,,-1,1,∞,0,,2,1,1,1,1,1,1,1,1.5,1
Southwest Mountaintops,Golem,46609050,,"11,829",-,,115,115,115,115,115,115,115,115,,10,0,10,10,20,40,40,40,,Immune,Immune,Immune,Immune,Immune,Immune,Immune,,1,1,1,1,1,,120,0.4096,292.969,9.231,,1,1,1,1,1,1,1,1,2.5,1
Southwest Mountaintops,Kaiden Sellsword,40500052,,"3,348",-,,120,120,120,120,120,120,120,120,,0,0,0,0,0,0,-20,0,,267,267,267,367,267,Immune,Immune,,1,1,1,1,1,,65,1,65,5,,1,1,1,1,1,1,1,1,1.5,0
Southwest Mountaintops,Night's Cavalry (Flail) [Boss],31501052,,"7,246",-,,122,122,122,122,122,122,122,122,,35,35,35,10,40,40,20,40,,399,399,653,653,Immune,Immune,Immune,,0.7,0.7,1,1,1,,80,1,80,6.154,,1,1,1,1,1,1,1,1,1.5,0
Southwest Mountaintops,Night's Cavalry (Glaive) [Boss],31500052,,"7,246",-,,122,122,122,122,122,122,122,122,,35,35,35,10,40,40,20,40,,399,399,653,653,Immune,Immune,Immune,,0.7,0.7,1,1,1,,80,1,80,6.154,,1,1,1,1,1,1,1,1,1.5,0
Southwest Mountaintops,Night's Cavalry Horse,31600052,,"7,844",-,,122,122,122,122,122,122,122,122,,10,10,0,10,20,20,20,20,,399,399,399,399,Immune,Immune,Immune,,0.7,0.7,1,1,1,,80,1,80,6.154,,1,1,1,1,1,1,1,1,1.5,0
Southwest Mountaintops,Noble's Page,37030052,,"2,426",-,,120,120,120,120,120,120,120,120,,0,10,0,0,0,0,0,0,,200,200,267,267,267,Immune,Immune,,1,1,1,1,1,,65,1,65,5,,1,1,1,1,1,1,1,1,1.5,0
Southwest Mountaintops,Starved Dog (Hairy),41610252,,"1,113",-,,120,120,120,120,120,120,120,120,,-10,-10,-40,-10,-20,-40,-20,-20,,200,200,200,267,200,Immune,Immune,,1,1,1,1,1,,30,1,30,2.308,,1,1,1,1,1,1,1,1,1.5,0
Southwest Mountaintops,Troll Knight,46021052,,"10,869",-,,120,120,120,120,120,120,120,120,,0,10,-10,0,0,-20,0,0,,267,267,267,"1,292",47,Immune,Immune,,1,1,1,1,1,,45,1,45,3.462,,1,1,1,1,1,1,1,1,2,1
Southwest Mountaintops,Wandering Noble,43000052,,584,-,,120,120,120,120,120,120,120,120,,-10,-10,-10,-10,-20,-20,-20,0,,150,150,200,200,200,Immune,Immune,,1,1,1,1,1,,30,1,30,2.308,,1,1,1,1,1,1,1,1,1.5,0
Southwest Mountaintops,Wandering Noble,43001052,,584,-,,120,120,120,120,120,120,120,120,,-10,-10,-10,-10,-20,-20,-20,0,,150,150,200,200,200,Immune,Immune,,1,1,1,1,1,,30,1,30,2.308,,1,1,1,1,1,1,1,1,1.5,0
Southwest Mountaintops,Wandering Noble,43003052,,584,-,,120,120,120,120,120,120,120,120,,-10,-10,-10,-10,-20,-20,-20,0,,150,150,200,200,200,Immune,Immune,,1,1,1,1,1,,30,1,30,2.308,,1,1,1,1,1,1,1,1,1.5,0
Southwest Mountaintops,Wandering Noble,43005052,,584,-,,120,120,120,120,120,120,120,120,,-10,-10,-10,-10,-20,-20,-20,0,,150,150,200,200,200,Immune,Immune,,1,1,1,1,1,,30,1,30,2.308,,1,1,1,1,1,1,1,1,1.5,0
Southwest Mountaintops,Wandering Noble,43005152,,584,-,,120,120,120,120,120,120,120,120,,-10,-10,-10,-10,-20,-20,-20,0,,150,150,200,200,200,Immune,Immune,,1,1,1,1,1,,30,1,30,2.308,,1,1,1,1,1,1,1,1,1.5,0
Southwest Mountaintops,Wandering Noble,43005252,,584,-,,120,120,120,120,120,120,120,120,,-10,-10,-10,-10,-20,-20,-20,0,,150,150,200,200,200,Immune,Immune,,1,1,1,1,1,,30,1,30,2.308,,1,1,1,1,1,1,1,1,1.5,0
Southwest Mountaintops,Wandering Noble,43006252,,584,-,,120,120,120,120,120,120,120,120,,-10,-10,-10,-10,-20,-20,-20,0,,150,150,200,200,200,Immune,Immune,,1,1,1,1,1,,30,1,30,2.308,,1,1,1,1,1,1,1,1,1.5,0
Spirit Summon,[Spirit Summon] Albinauric Ashes,134701300,,922,-,,100,100,100,100,100,100,100,100,,-10,10,-10,-10,0,20,-20,-40,,Immune,Immune,Immune,Immune,84,Immune,Immune,,1,1,1,1,1,,35,1,35,2.692,,1,1,1,1,1,1,1,1,1.5,0
Spirit Summon,[Spirit Summon] Ancestral Follower,133600500,,"1,070",-,,100,100,100,100,100,100,100,100,,-10,0,-10,-10,0,0,0,0,,Immune,Immune,Immune,Immune,252,Immune,Immune,,1,1,1,1,1,,45,1,45,3.462,,1,1,1,1,1,1,1,1,1.5,0
Spirit Summon,[Spirit Summon] Ancient Dragon Knight Kristoff,143531000,,"1,440",-,,100,100,100,100,100,100,100,100,,10,10,35,0,20,20,40,20,,Immune,Immune,Immune,Immune,112,Immune,Immune,,1,1,1,1,1,,65,1,65,5,,1,1,1,1,1,1,1,1,1.5,0
Spirit Summon,[Spirit Summon] Archer,170002000,,454,-,,100,100,100,100,100,100,100,100,,0,0,-10,0,0,0,0,0,,Immune,Immune,Immune,Immune,20,Immune,Immune,,1,1,1,1,1,,35,1,35,2.692,,1,1,1,1,1,1,1,1,1.5,0
Spirit Summon,[Spirit Summon] Avionette Soldier,138601100,,646,-,,100,100,100,100,100,100,100,100,,0,-10,10,10,0,-20,0,0,,Immune,Immune,Immune,Immune,Immune,Immune,Immune,,1,1,1,1,1,,35,1,35,2.692,,1,1,1,1,1,1,1,1,1,0
Spirit Summon,[Spirit Summon] Azula Beastman,139701100,,646,-,,100,100,100,100,100,100,100,100,,0,0,-10,0,0,-20,20,0,,Immune,Immune,Immune,Immune,84,Immune,Immune,,1,1,1,1,1,,65,1,65,5,,1,1,1,1,1,1,1,1,1.5,0
Spirit Summon,[Spirit Summon] Banished Knight Engvall,130102000,,"1,238",-,,100,100,100,100,100,100,100,100,,10,10,35,0,20,20,0,20,,Immune,Immune,Immune,Immune,112,Immune,Immune,,1,1,1,1,1,,65,1,65,5,,1,1,1,1,1,1,1,1,1.5,0
Spirit Summon,[Spirit Summon] Banished Knight Oleg,130101000,,"1,238",-,,100,100,100,100,100,100,100,100,,10,10,35,0,20,20,0,20,,Immune,Immune,Immune,Immune,112,Immune,Immune,,1,1,1,1,1,,65,1,65,5,,1,1,1,1,1,1,1,1,1.5,0
Spirit Summon,[Spirit Summon] Battlemage Hugues,137040000,,"1,165",-,,100,100,100,100,100,100,100,100,,0,10,0,0,40,20,20,0,,Immune,Immune,Immune,Immune,112,Immune,Immune,,1,1,1,1,1,,35,1,35,2.692,,1,1,1,1,1,1,1,1,0.5,0
Spirit Summon,[Spirit Summon] Black Knife Tiche,121000000,,876,-,,100,100,100,100,100,100,100,100,,10,10,10,35,20,20,20,40,,Immune,Immune,Immune,Immune,Immune,Immune,Immune,,1,1,1,1,1,,80,1,80,6.154,,1,1,1,1,1,1,1,1,1.5,0
Spirit Summon,[Spirit Summon] Blackflame Monk,139011000,,"1,158",-,,100,100,100,100,100,100,100,100,,0,0,10,0,0,40,20,20,,Immune,Immune,Immune,Immune,112,Immune,Immune,,1,1,1,1,1,,65,1,65,5,,1,1,1,1,1,1,1,1,1.5,0
Spirit Summon,[Spirit Summon] Bloodhound Knight Floh,142900000,,657,-,,100,100,100,100,100,100,100,100,,10,10,10,0,0,0,-20,0,,Immune,Immune,Immune,Immune,112,Immune,Immune,,1,1,1,1,1,,65,1,65,5,,1,1,1,1,1,1,1,1,1.5,0
Spirit Summon,[Spirit Summon] Clayman,137502000,,501,-,,100,100,100,100,100,100,100,100,,10,0,35,35,40,20,20,20,,Immune,Immune,Immune,Immune,84,Immune,Immune,,1,1,1,1,1,,65,1,65,5,,1,1,1,1,1,1,1,1,1.5,0
Spirit Summon,[Spirit Summon] Cleanrot Knight Finlay,138001000,,876,-,,100,100,100,100,100,100,100,100,,10,10,35,0,20,-20,0,40,,Immune,Immune,Immune,Immune,112,Immune,Immune,,1,1,1,1,1,,65,1,65,5,,1,1,1,1,1,1,1,1,1.5,0
Spirit Summon,[Spirit Summon] Crystalian,133500000,,933,-,,100,100,100,100,100,100,100,100,,91,10,93.5,93.5,94,94,94,94,,Immune,Immune,Immune,Immune,Immune,Immune,Immune,,1,1,1,1,1,,350,1,350,26.923,,1,1,1,1,1,1,1,1,1.5,0
Spirit Summon,[Spirit Summon] Crystalian [Cracked],133500000b,,933,-,,100,100,100,100,100,100,100,100,,10,10,35,35,40,40,40,40,,Immune,Immune,Immune,Immune,Immune,Immune,Immune,,1,1,1,1,1,,350,1,350,26.923,,1,1,1,1,1,1,1,1,1.5,0
Spirit Summon,[Spirit Summon] Demi-Human 1,141000000,,500,-,,100,100,100,100,100,100,100,100,,-10,-10,-40,-10,-20,-20,-20,-20,,Immune,Immune,Immune,Immune,84,Immune,Immune,,1,1,1,1,1,,35,1,35,2.692,,1,1,1,1,1,1,1,1,1.5,0
Spirit Summon,[Spirit Summon] Demi-Human 2,141001000,,500,-,,100,100,100,100,100,100,100,100,,-10,-10,-40,-10,-20,-20,-20,-20,,Immune,Immune,Immune,Immune,84,Immune,Immune,,1,1,1,1,1,,35,1,35,2.692,,1,1,1,1,1,1,1,1,1.5,0
Spirit Summon,[Spirit Summon] Demi-Human 3,141002000,,500,-,,100,100,100,100,100,100,100,100,,-10,-10,-40,-10,-20,-20,-20,-20,,Immune,Immune,Immune,Immune,84,Immune,Immune,,1,1,1,1,1,,35,1,35,2.692,,1,1,1,1,1,1,1,1,1.5,0
Spirit Summon,[Spirit Summon] Demi-Human 4,141010000,,711,-,,100,100,100,100,100,100,100,100,,-10,-10,-40,-10,-20,-20,-20,-20,,Immune,Immune,Immune,Immune,84,Immune,Immune,,1,1,1,1,1,,35,1,35,2.692,,1,1,1,1,1,1,1,1,1.5,0
Spirit Summon,[Spirit Summon] Demi-Human 5,141100000,,429,-,,100,100,100,100,100,100,100,100,,-10,-10,-40,-10,-20,-20,-20,-20,,Immune,Immune,Immune,Immune,84,Immune,Immune,,1,1,1,1,1,,35,1,35,2.692,,1,1,1,1,1,1,1,1,1.5,0
Spirit Summon,[Spirit Summon] Depraved Perfumer,137000000,,973,-,,100,100,100,100,100,100,100,100,,0,10,0,0,20,20,20,20,,Immune,Immune,Immune,Immune,112,Immune,Immune,,1,1,1,1,1,,65,1,65,5,,1,1,1,1,1,1,1,1,1.5,0
Spirit Summon,[Spirit Summon] Dolores the Sleeping Arrow,100000050,,"1,037",-,,100,100,100,100,100,100,100,100,,0,0,0,0,0,0,0,0,,Immune,Immune,Immune,Immune,112,Immune,112,,1,1,1,1,1,,100,1,100,7.692,,1,1,1,1,1,1,1,1,1.5,0
Spirit Summon,[Spirit Summon] Dung Eater Puppet,100000030,,"1,037",-,,100,100,100,100,100,100,100,100,,0,0,0,0,0,0,0,0,,Immune,Immune,Immune,Immune,112,Immune,112,,1,1,1,1,1,,100,1,100,7.692,,1,1,1,1,1,1,1,1,1.5,0
Spirit Summon,[Spirit Summon] Fanged Imps,130801100,,449,-,,100,100,100,100,100,100,100,100,,10,0,35,35,20,40,40,40,,Immune,Immune,Immune,Immune,Immune,Immune,Immune,,1,1,1,1,1,,35,1,35,2.692,,1,1,1,1,1,1,1,1,1.5,0
Spirit Summon,[Spirit Summon] Finger Maiden Therolina Puppet,100000040,,"1,037",-,,100,100,100,100,100,100,100,100,,0,0,0,0,0,0,0,0,,Immune,Immune,Immune,Immune,112,Immune,112,,1,1,1,1,1,,100,1,100,7.692,,1,1,1,1,1,1,1,1,1.5,0
Spirit Summon,[Spirit Summon] Fire Monk,139000000,,"1,306",-,,100,100,100,100,100,100,100,100,,0,0,10,0,0,40,20,-20,,Immune,Immune,Immune,Immune,112,Immune,Immune,,1,1,1,1,1,,65,1,65,5,,1,1,1,1,1,1,1,1,1.5,0
Spirit Summon,[Spirit Summon] Giant Rat,140800000,,429,-,,100,100,100,100,100,100,100,100,,-10,-10,-40,-10,-20,-40,-20,-20,,Immune,Immune,Immune,Immune,84,Immune,Immune,,1,1,1,1,1,,35,1,35,2.692,,1,1,1,1,1,1,1,1,1.5,0
Spirit Summon,[Spirit Summon] Glintstone Sorcerer,137021000,,781,-,,100,100,100,100,100,100,100,100,,-10,0,-10,-10,40,20,20,0,,Immune,Immune,Immune,Immune,112,Immune,Immune,,1,1,1,1,1,,35,1,35,2.692,,1,1,1,1,1,1,1,1,1.5,0
Spirit Summon,[Spirit Summon] Godrick Soldier 1,143111300,,710,-,,100,100,100,100,100,100,100,100,,0,0,10,-10,0,0,-20,0,,Immune,Immune,Immune,Immune,112,Immune,Immune,,1,1,1,1,1,,35,1,35,2.692,,1,1,1,1,1,1,1,1,1.5,0
Spirit Summon,[Spirit Summon] Godrick Soldier 2,143112000,,710,-,,100,100,100,100,100,100,100,100,,0,0,10,-10,0,0,-20,0,,Immune,Immune,Immune,Immune,112,Immune,Immune,,1,1,1,1,1,,35,1,35,2.692,,1,1,1,1,1,1,1,1,1.5,0
Spirit Summon,[Spirit Summon] Greatshield Soldier,170001000,,390,-,,100,100,100,100,100,100,100,100,,0,0,-10,0,0,0,0,0,,Immune,Immune,Immune,Immune,20,Immune,Immune,,1,1,1,1,1,,35,1,35,2.692,,1,1,1,1,1,1,1,1,1.5,0
Spirit Summon,[Spirit Summon] Haligtree Soldier,143760500,,646,-,,100,100,100,100,100,100,100,100,,0,0,0,-10,0,0,-20,20,,Immune,Immune,Immune,Immune,84,Immune,Immune,,1,1,1,1,1,,35,1,35,2.692,,1,1,1,1,1,1,1,1,1.5,0
Spirit Summon,[Spirit Summon] Haligtree Soldier,143762500,,646,-,,100,100,100,100,100,100,100,100,,0,0,0,-10,0,0,-20,20,,Immune,Immune,Immune,Immune,84,Immune,Immune,,1,1,1,1,1,,35,1,35,2.692,,1,1,1,1,1,1,1,1,1.5,0
Spirit Summon,[Spirit Summon] Jarwight Puppet,100000060,,"1,037",-,,100,100,100,100,100,100,100,100,,0,0,0,0,0,0,0,0,,Immune,Immune,Immune,Immune,112,Immune,112,,1,1,1,1,1,,100,1,100,7.692,,1,1,1,1,1,1,1,1,1.5,0
Spirit Summon,[Spirit Summon] Kaiden Sellsword,140500000,,"1,037",-,,100,100,100,100,100,100,100,100,,0,0,0,0,0,0,-20,0,,Immune,Immune,Immune,Immune,112,Immune,Immune,,1,1,1,1,1,,65,1,65,5,,1,1,1,1,1,1,1,1,1.5,0
Spirit Summon,[Spirit Summon] Kindred of Rot,138100000,,"1,133",-,,100,100,100,100,100,100,100,100,,0,0,10,0,0,-20,0,0,,Immune,Immune,Immune,Immune,84,Immune,Immune,,1,1,1,1,1,,35,1,35,2.692,,1,1,1,1,1,1,1,1,1.5,0
Spirit Summon,[Spirit Summon] Land Squirt,144400000,,"1,070",-,,100,100,100,100,100,100,100,100,,-10,0,-10,0,-20,-20,-20,-20,,84,84,Immune,Immune,Immune,Immune,Immune,,1,1,1,1,1,,35,1,35,2.692,,1,1,1,1,1,1,1,1,1.5,1
Spirit Summon,[Spirit Summon] Latenna the Albinauric,131700000,,390,-,,100,100,100,100,100,100,100,100,,0,10,0,0,20,0,0,-40,,Immune,Immune,Immune,Immune,112,Immune,Immune,,1,1,1,1,1,,50,1,50,3.846,,1,1,1,1,1,1,1,1,1.5,0
Spirit Summon,[Spirit Summon] Leyndell Soldier,143133000,,774,-,,100,100,100,100,100,100,100,100,,0,0,10,-10,0,0,0,20,,Immune,Immune,Immune,Immune,112,Immune,Immune,,1,1,1,1,1,,35,1,35,2.692,,1,1,1,1,1,1,1,1,1.5,0
Spirit Summon,[Spirit Summon] Lhutel the Headless,143551000,,829,-,,100,100,100,100,100,100,100,100,,10,10,35,0,20,20,0,0,,Immune,Immune,Immune,Immune,Immune,Immune,Immune,,1,1,1,1,1,,65,1,65,5,,1,1,1,1,1,1,1,1,1.5,0
Spirit Summon,[Spirit Summon] Lone Wolf,140700000,,500,-,,100,100,100,100,100,100,100,100,,-10,-10,-40,-10,-20,-40,-20,-20,,Immune,Immune,Immune,Immune,84,Immune,Immune,,1,1,1,1,1,,35,1,35,2.692,,1,1,1,1,1,1,1,1,1.5,0
Spirit Summon,[Spirit Summon] Mad Pumpkin Head,143410000,,"1,229",-,,100,100,100,100,100,100,100,100,,0,10,-10,0,0,0,-20,0,,Immune,Immune,Immune,Immune,84,Immune,Immune,,1,1,1,1,1,,65,1,65,5,,1,1,1,1,1,1,1,1,0.2,1
Spirit Summon,[Spirit Summon] Man-Serpent,139501000,,"1,037",-,,100,100,100,100,100,100,100,100,,0,10,-10,-10,0,20,0,0,,Immune,Immune,Immune,Immune,63,Immune,Immune,,1,1,1,1,1,,65,1,65,5,,1,1,1,1,1,1,1,1,1.5,0
Spirit Summon,[Spirit Summon] Marionette Soldier,138500000,,563,-,,100,100,100,100,100,100,100,100,,0,-10,10,10,0,-20,0,0,,Immune,Immune,Immune,Immune,Immune,Immune,Immune,,1,1,1,1,1,,35,1,35,2.692,,1,1,1,1,1,1,1,1,1,0
Spirit Summon,[Spirit Summon] Mausoleum Soldier 1,143150000,,326,-,,100,100,100,100,100,100,100,100,,0,0,10,-10,0,0,-20,-20,,Immune,Immune,Immune,Immune,Immune,Immune,Immune,,1,1,1,1,1,,35,1,35,2.692,,1,1,1,1,1,1,1,1,1.5,0
Spirit Summon,[Spirit Summon] Mausoleum Soldier 2,143151000,,326,-,,100,100,100,100,100,100,100,100,,0,0,10,-10,0,0,-20,-20,,Immune,Immune,Immune,Immune,Immune,Immune,Immune,,1,1,1,1,1,,35,1,35,2.692,,1,1,1,1,1,1,1,1,1.5,0
Spirit Summon,[Spirit Summon] Mausoleum Soldier 3,143152000,,326,-,,100,100,100,100,100,100,100,100,,0,0,10,-10,0,0,-20,-20,,Immune,Immune,Immune,Immune,Immune,Immune,Immune,,1,1,1,1,1,,35,1,35,2.692,,1,1,1,1,1,1,1,1,1.5,0
Spirit Summon,[Spirit Summon] Mimic Tear,100000010,,"1,037",-,,100,100,100,100,100,100,100,100,,0,0,0,0,0,0,0,0,,Immune,Immune,Immune,Immune,112,112,112,,1,1,1,1,1,,100,1,100,7.692,,1,1,1,1,1,1,1,1,1.5,0
Spirit Summon,[Spirit Summon] Mimic Tear - Blob,133201000,,"1,052",-,,100,100,100,100,100,100,100,100,,35,35,35,35,20,40,0,20,,Immune,Immune,Immune,Immune,Immune,Immune,Immune,,1,1,1,1,1,,65,1,65,5,,1,1,1,1,1,1,1,1,1.5,0
Spirit Summon,[Spirit Summon] Miranda Sprout,144810000,,500,-,,100,100,100,100,100,100,100,100,,-10,10,-40,-10,-20,-40,20,20,,Immune,Immune,Immune,Immune,112,Immune,Immune,,1,1,1,1,1,,35,1,35,2.692,,1,1,1,1,1,1,1,1,1.5,1
Spirit Summon,[Spirit Summon] Nepheli Loux Puppet,100000020,,"1,037",-,,100,100,100,100,100,100,100,100,,0,0,0,0,0,0,0,0,,Immune,Immune,Immune,Immune,112,Immune,112,,1,1,1,1,1,,100,1,100,7.692,,1,1,1,1,1,1,1,1,1.5,0
Spirit Summon,[Spirit Summon] Nightmaiden,133001000,,838,-,,100,100,100,100,100,100,100,100,,0,0,-10,0,20,0,0,-20,,Immune,Immune,Immune,Immune,112,Immune,Immune,,1,1,1,1,1,,65,1,65,5,,1,1,1,1,1,1,1,1,1.5,0
Spirit Summon,[Spirit Summon] Noble Sorcerer,143002000,,711,-,,100,100,100,100,100,100,100,100,,-10,-10,-10,-10,-20,-20,-20,0,,Immune,Immune,Immune,Immune,84,Immune,Immune,,1,1,1,1,1,,35,1,35,2.692,,1,1,1,1,1,1,1,1,1.5,0
Spirit Summon,[Spirit Summon] Nomad,132010000,,359,-,,100,100,100,100,100,100,100,100,,-10,0,-10,-10,0,0,0,0,,Immune,Immune,Immune,Immune,Immune,Immune,Immune,,1,1,1,1,1,,35,1,35,2.692,,1,1,1,1,1,1,1,1,1.5,0
Spirit Summon,[Spirit Summon] Omenkiller,148200000,,"1,037",-,,100,100,100,100,100,100,100,100,,0,0,0,0,20,40,20,20,,Immune,Immune,Immune,Immune,112,Immune,Immune,,1,1,1,1,1,,75,1,75,5.769,,1,1,1,1,1,1,1,1,1.5,0
Spirit Summon,[Spirit Summon] Oracle Envoy,136100000,,570,-,,100,100,100,100,100,100,100,100,,-10,10,-10,-10,0,20,20,20,,Immune,Immune,Immune,Immune,112,Immune,Immune,,1,1,1,1,1,,35,1,35,2.692,,1,1,1,1,1,1,1,1,1.5,0
Spirit Summon,[Spirit Summon] Page,137030000,,973,-,,100,100,100,100,100,100,100,100,,0,10,0,0,0,0,0,0,,Immune,Immune,Immune,Immune,112,Immune,Immune,,1,1,1,1,1,,65,1,65,5,,1,1,1,1,1,1,1,1,1.5,0
Spirit Summon,[Spirit Summon] Perfumer Tricia,137011000,,518,-,,100,100,100,100,100,100,100,100,,0,10,0,0,40,40,40,0,,Immune,Immune,Immune,Immune,84,Immune,Immune,,1,1,1,1,1,,65,1,65,5,,1,1,1,1,1,1,1,1,1.5,0
Spirit Summon,[Spirit Summon] Putrid Corpse,136610000,,"1,631",-,,100,100,100,100,100,100,100,100,,-40,-40,-40,-40,-40,-40,-40,-40,,Immune,Immune,Immune,Immune,63,Immune,Immune,,1,1,1,1,1,,50,1,50,3.846,,1,1,1,1,1,1,1,1,1.5,0
Spirit Summon,[Spirit Summon] Radahn Soldier 1,143140100,,646,-,,100,100,100,100,100,100,100,100,,0,0,10,-10,0,20,-20,0,,Immune,Immune,Immune,Immune,112,Immune,Immune,,1,1,1,1,1,,35,1,35,2.692,,1,1,1,1,1,1,1,1,1.5,0
Spirit Summon,[Spirit Summon] Radahn Soldier 2,143142000,,646,-,,100,100,100,100,100,100,100,100,,0,0,10,-10,0,20,-20,0,,Immune,Immune,Immune,Immune,112,Immune,Immune,,1,1,1,1,1,,35,1,35,2.692,,1,1,1,1,1,1,1,1,1.5,0
Spirit Summon,[Spirit Summon] Raya Lucaria Soldier 1,143122000,,582,-,,100,100,100,100,100,100,100,100,,0,0,10,-10,20,0,-20,0,,Immune,Immune,Immune,Immune,112,Immune,Immune,,1,1,1,1,1,,35,1,35,2.692,,1,1,1,1,1,1,1,1,1.5,0
Spirit Summon,[Spirit Summon] Raya Lucaria Soldier 2,143720500,,582,-,,100,100,100,100,100,100,100,100,,0,0,0,-10,20,0,-20,0,,Immune,Immune,Immune,Immune,84,Immune,Immune,,1,1,1,1,1,,35,1,35,2.692,,1,1,1,1,1,1,1,1,1.5,0
Spirit Summon,[Spirit Summon] Raya Lucaria Soldier 3,143722500,,582,-,,100,100,100,100,100,100,100,100,,0,0,0,-10,20,0,-20,0,,Immune,Immune,Immune,Immune,84,Immune,Immune,,1,1,1,1,1,,35,1,35,2.692,,1,1,1,1,1,1,1,1,1.5,0
Spirit Summon,[Spirit Summon] Redmane Knight Ogha,143542000,,"1,187",-,,100,100,100,100,100,100,100,100,,10,10,35,0,20,40,0,20,,Immune,Immune,Immune,Immune,112,Immune,Immune,,1,1,1,1,1,,65,1,65,5,,1,1,1,1,1,1,1,1,1.5,0
Spirit Summon,[Spirit Summon] Rotten Stray,141660000,,781,-,,100,100,100,100,100,100,100,100,,-10,-10,-40,-10,-20,-100,-20,-20,,Immune,Immune,Immune,Immune,84,Immune,Immune,,1,1,1,1,1,,35,1,35,2.692,,1,1,1,1,1,1,1,1,1.5,0
Spirit Summon,[Spirit Summon] Skeletal Bandit,135004000,,563,-,,100,100,100,100,100,100,100,100,,0,-40,10,35,0,20,40,-40,,Immune,Immune,Immune,Immune,Immune,Immune,Immune,,1,1,1,1,1,,40,1,40,3.077,,0,1,1,1,1,1,1,1,1.5,0
Spirit Summon,[Spirit Summon] Skeletal Militiaman,135000000,,365,-,,100,100,100,100,100,100,100,100,,0,-40,10,35,0,20,40,-40,,Immune,Immune,Immune,Immune,Immune,Immune,Immune,,1,1,1,1,1,,35,1,35,2.692,,0,1,1,1,1,1,1,1,1.5,0
Spirit Summon,[Spirit Summon] Soldjars of Fortune,144910200,,507,-,,100,100,100,100,100,100,100,100,,10,-40,35,35,0,20,20,20,,Immune,Immune,Immune,Immune,84,Immune,Immune,,1,1,1,1,1,,35,1,35,2.692,,1,1,1,1,1,1,1,1,1.5,1
Spirit Summon,[Spirit Summon] Spirit Jellyfish,141800000,,909,-,,100,100,100,100,100,100,100,100,,0,35,0,0,20,20,-20,0,,Immune,Immune,Immune,Immune,Immune,Immune,Immune,,1,1,1,1,1,,35,1,35,2.692,,1,1,1,1,1,1,1,1,1.5,0
Spirit Summon,[Spirit Summon] Stormhawk,142102000,,711,-,,100,100,100,100,100,100,100,100,,-10,-10,-40,-10,-20,-40,-20,-20,,Immune,Immune,Immune,Immune,84,Immune,Immune,,1,1,1,1,1,,35,1,35,2.692,,1,1,1,1,1,1,1,1,1.5,0
Spirit Summon,[Spirit Summon] Swordstress,133002000,,838,-,,100,100,100,100,100,100,100,100,,0,0,-10,0,20,0,0,-20,,Immune,Immune,Immune,Immune,112,Immune,Immune,,1,1,1,1,1,,65,1,65,5,,1,1,1,1,1,1,1,1,1.5,0
Spirit Summon,[Spirit Summon] Twinsage Sorcerer,137023000,,852,-,,100,100,100,100,100,100,100,100,,-10,0,-10,-10,40,20,20,0,,Immune,Immune,Immune,Immune,112,Immune,Immune,,1,1,1,1,1,,35,1,35,2.692,,1,1,1,1,1,1,1,1,1.5,0
Spirit Summon,[Spirit Summon] Vulgar Militia,143210000,,518,-,,100,100,100,100,100,100,100,100,,0,0,0,-10,0,0,-20,0,,Immune,Immune,Immune,Immune,112,Immune,Immune,,1,1,1,1,1,,35,1,35,2.692,,1,1,1,1,1,1,1,1,1.5,0
Spirit Summon,[Spirit Summon] Wandering Noble 1,143000000,,429,-,,100,100,100,100,100,100,100,100,,-10,-10,-10,-10,-20,-20,-20,0,,Immune,Immune,Immune,Immune,84,Immune,Immune,,1,1,1,1,1,,35,1,35,2.692,,1,1,1,1,1,1,1,1,1.5,0
Spirit Summon,[Spirit Summon] Wandering Noble 2,143000200,,429,-,,100,100,100,100,100,100,100,100,,-10,-10,-10,-10,-20,-20,-20,0,,Immune,Immune,Immune,Immune,84,Immune,Immune,,1,1,1,1,1,,35,1,35,2.692,,1,1,1,1,1,1,1,1,1.5,0
Spirit Summon,[Spirit Summon] Wandering Noble 3,143001000,,429,-,,100,100,100,100,100,100,100,100,,-10,-10,-10,-10,-20,-20,-20,0,,Immune,Immune,Immune,Immune,84,Immune,Immune,,1,1,1,1,1,,35,1,35,2.692,,1,1,1,1,1,1,1,1,1.5,0
Spirit Summon,[Spirit Summon] Wandering Noble 4,143005000,,429,-,,100,100,100,100,100,100,100,100,,-10,-10,-10,-10,-20,-20,-20,0,,Immune,Immune,Immune,Immune,84,Immune,Immune,,1,1,1,1,1,,35,1,35,2.692,,1,1,1,1,1,1,1,1,1.5,0
Spirit Summon,[Spirit Summon] Wandering Noble 5,143005100,,429,-,,100,100,100,100,100,100,100,100,,-10,-10,-10,-10,-20,-20,-20,0,,Immune,Immune,Immune,Immune,84,Immune,Immune,,1,1,1,1,1,,35,1,35,2.692,,1,1,1,1,1,1,1,1,1.5,0
Spirit Summon,[Spirit Summon] Warhawk,142100100,,993,-,,100,100,100,100,100,100,100,100,,-10,-10,-10,-10,-20,-20,-20,-20,,Immune,Immune,Immune,Immune,84,Immune,Immune,,1,1,1,1,1,,50,1,50,3.846,,1,1,1,1,1,1,1,1,1.5,0
Spirit Summon,[Spirit Summon] Winged Misbegotten,134502000,,646,-,,100,100,100,100,100,100,100,100,,0,0,0,0,0,-20,0,0,,Immune,Immune,Immune,Immune,112,Immune,Immune,,1,1,1,1,1,,35,1,35,2.692,,1,1,1,1,1,1,1,1,1.5,0
Spiritcaller Cave,Godskin Apostle [Boss],35600950,,"9,847",-,,115,115,115,115,115,115,115,115,,0,10,-10,0,20,40,20,40,,Immune,Immune,Immune,Immune,247,Immune,Immune,,1,1,0.7,1,1,,80,1,80,6.154,,1,1,1,1,1,1,1,1,1.5,0
Spiritcaller Cave,Godskin Noble [Boss],35700950,,"11,814",-,,115,115,115,115,115,115,115,115,,0,35,-10,0,20,40,20,40,,Immune,Immune,Immune,Immune,247,Immune,Immune,,1,1,0.7,1,1,,80,1,80,6.154,,1,1,1,1,1,1,1,1,1.5,0
Spiritcaller Cave,Grey Wolf,40700550,,377,-,,115,115,115,115,115,115,115,115,,-10,-10,-40,-10,-20,-40,-20,-20,,Immune,Immune,Immune,Immune,Immune,Immune,Immune,,1,1,1,1,1,,30,1,30,2.308,,1,1,1,1,1,1,1,1,1.5,0
Spiritcaller Cave,Spiritcaller Snail,41402050,,920,-,,115,115,115,115,115,115,115,115,,-10,-10,-40,-10,40,0,-20,0,,185,185,185,139,139,Immune,Immune,,1,1,1,1,1,,30,1,30,2.308,,1,1,1,1,1,1,1,1,1.5,0
Spiritcaller Cave,Spiritcaller Snail [Boss],41402950,,"1,840",-,,115,115,115,115,115,115,115,115,,-10,-10,-40,-10,40,0,-20,0,,185,185,185,139,139,Immune,Immune,,0.7,0.7,0.7,1,1,,30,1,30,2.308,,1,1,1,1,1,1,1,1,1.5,0
Spiritcaller Cave,White Wolf,40710550,,"1,981",-,,115,115,115,115,115,115,115,115,,-10,-10,-40,-10,-20,-40,-20,-20,,Immune,Immune,Immune,Immune,Immune,Immune,Immune,,1,1,1,1,1,,50,1,50,3.846,,1,1,1,1,1,1,1,1,1.5,0
Stillwater Cave,Bat Harpy,42017020,,"1,114",-,,107,107,107,107,107,107,107,107,,-10,-10,-40,-10,0,0,0,0,,235,235,235,235,176,Immune,Immune,,1,1,1,1,1,,30,1,30,2.308,,1,1,1,1,1,1,1,1,1.5,0
Stillwater Cave,Cleanrot Knight (Spear) [Boss],38000920,,"1,980",-,,107,107,107,107,107,107,107,107,,10,10,35,0,20,-20,0,40,,Immune,530,324,324,235,Immune,Immune,,0.7,0.7,1,1,1,,65,1,65,5,,1,1,1,1,1,1,1,1,1.5,0
Stillwater Cave,Fungal Sorcerer,43850020,,367,-,,107,107,107,107,107,107,107,107,,-10,-10,-10,-10,0,-40,0,0,,Immune,530,176,176,235,Immune,Immune,,1,1,1,1,1,,30,1,30,2.308,,1,1,1,1,1,1,1,1,1.5,0
Stillwater Cave,Fungal Sorcerer,43850120,,367,-,,107,107,107,107,107,107,107,107,,-10,-10,-10,-10,0,-40,0,0,,Immune,530,176,176,235,Immune,Immune,,1,1,1,1,1,,30,1,30,2.308,,1,1,1,1,1,1,1,1,1.5,0
Stillwater Cave,Fungal Sorcerer,43850220,,367,-,,107,107,107,107,107,107,107,107,,-10,-10,-10,-10,0,-40,0,0,,Immune,530,176,176,235,Immune,Immune,,1,1,1,1,1,,30,1,30,2.308,,1,1,1,1,1,1,1,1,1.5,0
Stillwater Cave,Giant Bat,42000020,,285,-,,107,107,107,107,107,107,107,107,,-10,-10,-40,-10,-20,-20,-20,-20,,176,176,176,176,42,Immune,Immune,,1,1,1,1,1,,30,1,30,2.308,,1,1,1,1,1,1,1,1,1.5,0
Stillwater Cave,Giant Bat,42000120,,285,-,,107,107,107,107,107,107,107,107,,-10,-10,-40,-10,-20,-20,-20,-20,,176,176,176,176,42,Immune,Immune,,1,1,1,1,1,,30,1,30,2.308,,1,1,1,1,1,1,1,1,1.5,0
Stillwater Cave,Giant Miranda Sprout,44800020,,"4,393",-,,107,107,107,107,107,107,107,107,,0,35,-40,0,0,-40,40,40,,Immune,530,530,132,235,Immune,Immune,,1,1,1,1,1,,100,1,100,7.692,,1,1,1,1,1,1,1,1,1.5,1
Stillwater Cave,Miranda Sprout,44810020,,269,-,,107,107,107,107,107,107,107,107,,-10,10,-40,-10,-20,-40,20,20,,Immune,530,530,132,235,Immune,Immune,,1,1,1,1,1,,30,1,30,2.308,,1,1,1,1,1,1,1,1,1.5,1
Stone Platform,???,506070078,,"13,330",-,,120,120,120,120,120,120,120,120,,0,0,0,0,0,0,0,0,,Immune,Immune,Immune,Immune,Immune,Immune,Immune,,1,1,1,1,1,,-1,1,∞,0,,1,1,1,1,1,1,1,1,1.5,0
Stone Platform,Elden Beast [Boss],22000078,,"22,127",-,,121,121,121,121,121,121,121,121,,10,10,10,10,40,40,40,80,,Immune,Immune,Immune,Immune,Immune,Immune,Immune,,1,1,1,1,1,,150,1,150,11.538,,1,1,1,1,1,1,1,1,1.5,1
Stone Platform,Miniature Ranni Dialogue (Unused),501060078,,"13,330",-,,120,120,120,120,120,120,120,120,,0,0,0,0,0,0,0,0,,Immune,Immune,Immune,Immune,Immune,Immune,Immune,,1,1,1,1,1,,-1,1,∞,0,,1,1,1,1,1,1,1,1,1.5,0
Stone Platform,Radagon of the Golden Order [Boss],21900078,,"13,339",-,,121,121,121,121,121,121,121,121,,35,10,35,35,20,0,20,80,,627,627,Immune,627,Immune,Immune,Immune,,1,0.7,1,1,1,,120,1,120,9.231,,1,1,1,1,1,1,1,1,1.5,0
Stormfoot Catacombs,Burial Watchdog (Sword) [Boss],42600110,,"1,200",-,,101,101,101,101,101,101,101,101,,35,10,35,35,40,40,40,40,,Immune,Immune,Immune,Immune,Immune,Immune,Immune,,1,1,1,1,1,,80,1,80,6.154,,1,1,1,1,1,1,1,1,1,0
Stormfoot Catacombs,Commoner (Ghost),36609010,,119,-,,101,101,101,101,101,101,101,101,,-10,-10,-10,-10,-20,-20,-20,0,,Immune,Immune,Immune,Immune,Immune,Immune,Immune,,1,1,1,1,1,,30,1,30,2.308,,1,1,1,1,1,1,1,1,1.5,0
Stormfoot Catacombs,Imp (Cat),30800010,,196,-,,101,101,101,101,101,101,101,101,,10,0,35,35,20,40,40,40,,Immune,Immune,Immune,Immune,Immune,Immune,Immune,,1,1,1,1,1,,30,1,30,2.308,,1,1,1,1,1,1,1,1,1.5,0
Stormhill - Forested West Cliffside,Boar,60500010,,82,-,,100,100,100,100,100,100,100,100,,-40,-40,-40,-40,-40,-100,-40,-40,,63,63,63,63,63,Immune,Immune,,1,1,1,1,1,,-1,1,∞,0,,1,1,1,1,1,1,1,1,1.5,0
Stormhill - Forested West Cliffside,Deer,60100010,,55,-,,100,100,100,100,100,100,100,100,,-40,-40,-40,-40,-40,-100,-40,-40,,63,63,63,63,63,Immune,Immune,,1,1,1,1,1,,-1,1,∞,0,,1,1,1,1,1,1,1,1,1.5,0
Stormhill - Forested West Cliffside,Jellyfish,41800010,,254,-,,101,101,101,101,101,101,101,101,,0,35,0,0,20,20,-20,0,,Immune,Immune,Immune,Immune,Immune,Immune,Immune,,1,1,1,1,1,,30,1,30,2.308,,1,1,1,1,1,1,1,1,1.5,0
Stormhill - Forested West Cliffside,Owl,60400010,,27,-,,100,100,100,100,100,100,100,100,,-40,-40,-40,-40,-40,-100,-40,-40,,63,63,63,63,63,Immune,Immune,,1,1,1,1,1,,-1,1,∞,0,,1,1,1,1,1,1,1,1,1.5,0
Stormhill - Forested West Cliffside,Springhare,61000010,,27,-,,100,100,100,100,100,100,100,100,,-40,-40,-40,-40,-40,-100,-40,-40,,63,63,63,63,63,Immune,Immune,,1,1,1,1,1,,-1,1,∞,0,,1,1,1,1,1,1,1,1,1.5,0
Stormhill - Forested West Cliffside,Skeleton (Curved Sword),35000010,,168,-,,101,101,101,101,101,101,101,101,,0,-40,10,35,0,20,40,-40,,Immune,226,Immune,Immune,Immune,Immune,Immune,,1,1,1,1,1,,30,1,30,2.308,,0,1,1,1,1,1,1,1,1.5,0
Stormhill - Forested West Cliffside,Skeleton (Curved Sword),35003010,,168,-,,101,101,101,101,101,101,101,101,,0,-40,10,35,0,20,40,-40,,Immune,226,Immune,Immune,Immune,Immune,Immune,,1,1,1,1,1,,35,1,35,2.692,,0,1,1,1,1,1,1,1,1.5,0
Stormhill - North of Stormhill Shack,Finger Reader Crone,21601010,,"2,212",-,,101,101,101,101,101,101,101,101,,0,0,0,0,0,-20,0,0,,226,226,226,226,Immune,Immune,Immune,,1,1,1,1,1,,-1,1,∞,0,,1,1,1,1,1,1,1,1,1.5,0
Stormhill - North of Warmaster's Shack,Godrick Foot Soldier,43712510,,167,-,,101,101,101,101,101,101,101,101,,0,0,0,-10,0,0,-20,0,,127,127,169,169,169,Immune,Immune,,1,1,1,1,1,,30,1,30,2.308,,1,1,1,1,1,1,1,1,1.5,0
Stormhill - North of Warmaster's Shack,Godrick Knight,43510010,,657,-,,101,101,101,101,101,101,101,101,,10,10,35,0,20,20,0,20,,226,226,310,310,226,Immune,Immune,,1,1,1,1,1,,65,1,65,5,,1,1,1,1,1,1,1,1,1.5,0
Stormhill - North of Warmaster's Shack,Large Starved Dog (Hairy),41601010,,385,-,,101,101,101,101,101,101,101,101,,-10,-10,-40,-10,-20,-40,-20,-20,,169,169,169,226,169,Immune,Immune,,1,1,1,1,1,,30,1,30,2.308,,1,1,1,1,1,1,1,1,1.5,0
Stormhill - North of Warmaster's Shack,Slug (Fire),40403010,,119,-,,101,101,101,101,101,101,101,101,,-10,-10,-40,-10,-20,100,-40,-20,,127,127,Immune,127,Immune,Immune,Immune,,1,1,1,1,1,,30,1,30,2.308,,1,1,1,1,1,1,1,1,1.5,1
Stormhill - North of Warmaster's Shack,Starved Dog (Hairy),41610210,,184,-,,101,101,101,101,101,101,101,101,,-10,-10,-40,-10,-20,-40,-20,-20,,169,169,169,226,169,Immune,Immune,,1,1,1,1,1,,30,1,30,2.308,,1,1,1,1,1,1,1,1,1.5,0
Stormhill - Northwest Cliffside,Ghost,500000010,,"1,939",-,,100,100,100,100,100,100,100,100,,0,0,0,0,0,0,0,0,,Immune,Immune,Immune,Immune,Immune,Immune,Immune,,1,1,1,1,1,,-1,1,∞,0,,1,1,1,1,1,1,1,1,1.5,0
Stormhill - Path to Liurnia,Ash Teardrop Scarab,41912010,,175,-,,101,101,101,101,101,101,101,101,,10,10,35,35,40,40,40,40,,Immune,Immune,Immune,Immune,Immune,Immune,Immune,,1,1,1,1,1,,30,1,30,2.308,,1,1,1,1,1,1,1,1,1.5,0
"Stormhill - Saintsbridge, Deathtouched Catacombs Entrance, Highroad Cave Entrance",Godrick Foot Soldier,43714010,,124,-,,101,101,101,101,101,101,101,101,,0,0,0,-10,0,0,-20,0,,127,127,169,169,169,Immune,Immune,,1,1,1,1,1,,30,1,30,2.308,,1,1,1,1,1,1,1,1,1.5,0
"Stormhill - Saintsbridge, Deathtouched Catacombs Entrance, Highroad Cave Entrance",Godrick Knight,43511110,,657,-,,101,101,101,101,101,101,101,101,,10,10,35,0,20,20,0,20,,226,226,310,310,226,Immune,Immune,,1,1,1,1,1,,65,1,65,5,,1,1,1,1,1,1,1,1,1.5,0
"Stormhill - Saintsbridge, Deathtouched Catacombs Entrance, Highroad Cave Entrance",Godrick Knight's Horse,43610010,,511,-,,101,101,101,101,101,101,101,101,,0,0,-10,0,0,0,0,0,,226,226,226,226,226,Immune,Immune,,1,1,1,1,1,,65,1,65,5,,1,1,1,1,1,1,1,1,1.5,0
"Stormhill - Saintsbridge, Deathtouched Catacombs Entrance, Highroad Cave Entrance",Iron Fist Alexander,44909310,,512,-,,101,101,101,101,101,101,101,101,,10,-40,35,35,0,20,20,20,,Immune,Immune,Immune,Immune,Immune,Immune,Immune,,1,1,1,1,1,,80,1,80,6.154,,1,1,1,1,1,1,1,1,1.5,1
"Stormhill - Saintsbridge, Deathtouched Catacombs Entrance, Highroad Cave Entrance",Mad Pumpkin Head (Hammer),43401110,,664,-,,101,101,101,101,101,101,101,101,,0,10,-10,0,0,0,-20,0,,226,226,169,169,310,Immune,Immune,,1,1,1,1,1,,65,1,65,5,,1,1,1,1,1,1,1,1,0.2,1
"Stormhill - Saintsbridge, Deathtouched Catacombs Entrance, Highroad Cave Entrance",Wandering Noble (Ghost),43009110,,96,-,,101,101,101,101,101,101,101,101,,-10,-10,-10,-10,-20,-20,-20,0,,Immune,Immune,Immune,Immune,Immune,Immune,Immune,,1,1,1,1,1,,30,1,30,2.308,,1,1,1,1,1,1,1,1,1.5,0
"Stormhill - Stormhill Shack, Stormveil Castle Entrance",Giant Ballista,81010010,,774,-,,101,101,101,101,101,101,101,101,,0,-10,10,10,0,-20,0,0,,Immune,Immune,Immune,Immune,Immune,Immune,Immune,,1,1,1,1,1,,-1,1,∞,504.95,,1,1,1,1,1,1,1,1,1.5,0
"Stormhill - Stormhill Shack, Stormveil Castle Entrance",Godrick Foot Soldier,43710010,,167,-,,101,101,101,101,101,101,101,101,,0,0,0,-10,0,0,-20,0,,127,127,169,169,169,Immune,Immune,,1,1,1,1,1,,30,1,30,2.308,,1,1,1,1,1,1,1,1,1.5,0
"Stormhill - Stormhill Shack, Stormveil Castle Entrance",Godrick Foot Soldier,43710510,,167,-,,101,101,101,101,101,101,101,101,,0,0,0,-10,0,0,-20,0,,127,127,169,169,169,Immune,Immune,,1,1,1,1,1,,30,1,30,2.308,,1,1,1,1,1,1,1,1,1.5,0
"Stormhill - Stormhill Shack, Stormveil Castle Entrance",Godrick Foot Soldier,43711510,,167,-,,101,101,101,101,101,101,101,101,,0,0,0,-10,0,0,-20,0,,127,127,169,169,169,Immune,Immune,,1,1,1,1,1,,30,1,30,2.308,,1,1,1,1,1,1,1,1,1.5,0
"Stormhill - Stormhill Shack, Stormveil Castle Entrance",Godrick Foot Soldier,43712010,,167,-,,101,101,101,101,101,101,101,101,,0,0,0,-10,0,0,-20,0,,127,127,169,169,169,Immune,Immune,,1,1,1,1,1,,30,1,30,2.308,,1,1,1,1,1,1,1,1,1.5,0
"Stormhill - Stormhill Shack, Stormveil Castle Entrance",Jellyfish,41800110,,254,-,,101,101,101,101,101,101,101,101,,0,35,0,0,20,20,-20,0,,Immune,Immune,Immune,Immune,Immune,Immune,Immune,,1,1,1,1,1,,30,1,30,2.308,,1,1,1,1,1,1,1,1,1.5,0
"Stormhill - Stormhill Shack, Stormveil Castle Entrance",Lookout Stone,44300010,,198,-,,101,101,101,101,101,101,101,101,,35,10,35,35,40,40,40,40,,Immune,Immune,Immune,Immune,Immune,Immune,Immune,,1,1,1,1,1,,30,1,30,2.308,,1,1,1,1,1,1,1,1,2,0
"Stormhill - Stormhill Shack, Stormveil Castle Entrance",Skeleton (Curved Sword),35001010,,168,-,,101,101,101,101,101,101,101,101,,0,-40,10,35,0,20,40,-40,,Immune,226,Immune,Immune,Immune,Immune,Immune,,1,1,1,1,1,,30,1,30,2.308,,0,1,1,1,1,1,1,1,1.5,0
"Stormhill - Stormhill Shack, Stormveil Castle Entrance",Skeleton (Curved Sword),35004010,,168,-,,101,101,101,101,101,101,101,101,,0,-40,10,35,0,20,40,-40,,Immune,226,Immune,Immune,Immune,Immune,Immune,,1,1,1,1,1,,35,1,35,2.692,,0,1,1,1,1,1,1,1,1.5,0
"Stormhill - Stormhill Shack, Stormveil Castle Entrance",Soldier of Godrick,43111110,,219,-,,101,101,101,101,101,101,101,101,,0,0,10,-10,0,0,-20,0,,169,169,226,226,226,Immune,Immune,,1,1,1,1,1,,30,1,30,2.308,,1,1,1,1,1,1,1,1,1.5,0
"Stormhill - Stormhill Shack, Stormveil Castle Entrance",Soldier of Godrick,43111210,,219,-,,101,101,101,101,101,101,101,101,,0,0,10,-10,0,0,-20,0,,169,169,226,226,226,Immune,Immune,,1,1,1,1,1,,30,1,30,2.308,,1,1,1,1,1,1,1,1,1.5,0
"Stormhill - Stormhill Shack, Stormveil Castle Entrance",Soldier of Godrick,43111310,,219,-,,101,101,101,101,101,101,101,101,,0,0,10,-10,0,0,-20,0,,169,169,226,226,226,Immune,Immune,,1,1,1,1,1,,30,1,30,2.308,,1,1,1,1,1,1,1,1,1.5,0
"Stormhill - Stormhill Shack, Stormveil Castle Entrance",Soldier of Godrick,43112010,,219,-,,101,101,101,101,101,101,101,101,,0,0,10,-10,0,0,-20,0,,169,169,226,226,226,Immune,Immune,,1,1,1,1,1,,30,1,30,2.308,,1,1,1,1,1,1,1,1,1.5,0
"Stormhill - Stormhill Shack, Stormveil Castle Entrance",Soldier of Godrick,43113010,,219,-,,101,101,101,101,101,101,101,101,,0,0,10,-10,0,0,-20,0,,169,169,226,226,226,Immune,Immune,,1,1,1,1,1,,30,1,30,2.308,,1,1,1,1,1,1,1,1,1.5,0
"Stormhill - Stormhill Shack, Stormveil Castle Entrance",Soldier of Godrick,43114010,,219,-,,101,101,101,101,101,101,101,101,,0,0,10,-10,0,0,-20,0,,169,169,226,226,226,Immune,Immune,,1,1,1,1,1,,30,1,30,2.308,,1,1,1,1,1,1,1,1,1.5,0
"Stormhill - Warmaster's Shack, Stormgate",Bell Bearing Hunter [Boss],31000010,,"2,495",-,,103,103,103,103,103,103,103,103,,35,35,35,10,40,40,20,40,,316,316,517,517,316,Immune,Immune,,0.7,0.7,1,1,1,,80,1,80,6.154,,1,1,1,1,1,1,1,1,1.5,0
"Stormhill - Warmaster's Shack, Stormgate",Death Rite Bird [Boss],49800010,,"3,442",-,,103,103,103,103,103,103,103,103,,10,-40,10,35,20,20,40,-40,,Immune,517,Immune,Immune,Immune,Immune,Immune,,1,1,1,1,1,,120,1,120,9.231,,1,1,1,1,1,1,1,1,1.5,1
"Stormhill - Warmaster's Shack, Stormgate",Lookout Stone,44301010,,198,-,,101,101,101,101,101,101,101,101,,35,10,35,35,40,40,40,40,,Immune,Immune,Immune,Immune,Immune,Immune,Immune,,1,1,1,1,1,,30,1,30,2.308,,1,1,1,1,1,1,1,1,2,0
Stormveil Castle,Ash Teardrop Scarab,41912014,,255,-,,103,103,103,103,103,103,103,103,,10,10,35,35,40,40,40,40,,Immune,Immune,Immune,Immune,Immune,Immune,Immune,,1,1,1,1,1,,30,1,30,2.308,,1,1,1,1,1,1,1,1,1.5,0
Stormveil Castle,Ballista,81000014,,"1,124",-,,103,103,103,103,103,103,103,103,,0,-10,10,10,0,-20,0,0,,Immune,Immune,Immune,Immune,Immune,Immune,Immune,,1,1,1,1,1,,-1,1,∞,504.95,,1,1,1,1,1,1,1,1,1.5,0
Stormveil Castle,Banished Knight (Draconic),30100014,,789,-,,103,103,103,103,103,103,103,103,,10,10,35,0,20,20,0,20,,229,229,316,316,229,Immune,Immune,,1,1,1,1,1,,65,1,65,5,,1,1,1,1,1,1,1,1,1.5,0
Stormveil Castle,Banished Knight (Draconic),30100214,,477,-,,100,100,100,100,100,100,100,100,,10,10,35,0,20,20,0,20,,112,112,154,154,112,Immune,Immune,,1,1,1,1,1,,65,1,65,5,,1,1,1,1,1,1,1,1,1.5,0
Stormveil Castle,Banished Knight (Draconic),30100814,,789,-,,103,103,103,103,103,103,103,103,,10,10,35,0,20,20,0,20,,229,229,316,316,229,Immune,Immune,,1,1,1,1,1,,65,1,65,5,,1,1,1,1,1,1,1,1,1.5,0
Stormveil Castle,Banished Knight (Draconic),30102014,,789,-,,103,103,103,103,103,103,103,103,,10,10,35,0,20,20,0,20,,229,229,316,316,229,Immune,Immune,,1,1,1,1,1,,65,1,65,5,,1,1,1,1,1,1,1,1,1.5,0
Stormveil Castle,Banished Knight (Hood),30100114,,741,-,,103,103,103,103,103,103,103,103,,10,10,35,0,20,20,-40,20,,229,229,316,316,229,Immune,Immune,,1,1,1,1,1,,65,1,65,5,,1,1,1,1,1,1,1,1,1.5,0
Stormveil Castle,"Castle Exile (Spear, Shield)",30002014,,221,-,,103,103,103,103,103,103,103,103,,0,0,10,-10,0,0,-20,0,,172,172,229,229,229,Immune,Immune,,1,1,1,1,1,,30,1,30,2.308,,1,1,1,1,1,1,1,1,1.5,0
Stormveil Castle,"Castle Exile (Sword, Crossbow)",30000014,,221,-,,103,103,103,103,103,103,103,103,,0,0,10,-10,0,0,-20,0,,172,172,229,229,229,Immune,Immune,,1,1,1,1,1,,30,1,30,2.308,,1,1,1,1,1,1,1,1,1.5,0
Stormveil Castle,"Castle Exile (Sword, Crossbow)",30000814,,221,-,,103,103,103,103,103,103,103,103,,0,0,10,-10,0,0,-20,0,,172,172,229,229,229,Immune,Immune,,1,1,1,1,1,,30,1,30,2.308,,1,1,1,1,1,1,1,1,1.5,0
Stormveil Castle,"Castle Exile (Sword, Shield)",30001014,,221,-,,103,103,103,103,103,103,103,103,,0,0,10,-10,0,0,-20,0,,172,172,229,229,229,Immune,Immune,,1,1,1,1,1,,30,1,30,2.308,,1,1,1,1,1,1,1,1,1.5,0
Stormveil Castle,"Castle Exile (Sword, Shield)",30001114,,221,-,,103,103,103,103,103,103,103,103,,0,0,10,-10,0,0,-20,0,,172,172,229,229,229,Immune,Immune,,1,1,1,1,1,,30,1,30,2.308,,1,1,1,1,1,1,1,1,1.5,0
Stormveil Castle,"Castle Exile (Sword, Shield)",30001214,,221,-,,103,103,103,103,103,103,103,103,,0,0,10,-10,0,0,-20,0,,172,172,229,229,229,Immune,Immune,,1,1,1,1,1,,30,1,30,2.308,,1,1,1,1,1,1,1,1,1.5,0
Stormveil Castle,"Castle Exile (Sword, Shield)",30001314,,221,-,,103,103,103,103,103,103,103,103,,0,0,10,-10,0,0,-20,0,,172,172,229,229,229,Immune,Immune,,1,1,1,1,1,,30,1,30,2.308,,1,1,1,1,1,1,1,1,1.5,0
Stormveil Castle,Castle Exile (Sword),30000114,,221,-,,103,103,103,103,103,103,103,103,,0,0,10,-10,0,0,-20,0,,172,172,229,229,229,Immune,Immune,,1,1,1,1,1,,30,1,30,2.308,,1,1,1,1,1,1,1,1,1.5,0
Stormveil Castle,Castle Exile (Sword),30000214,,221,-,,103,103,103,103,103,103,103,103,,0,0,10,-10,0,0,-20,0,,172,172,229,229,229,Immune,Immune,,1,1,1,1,1,,30,1,30,2.308,,1,1,1,1,1,1,1,1,1.5,0
Stormveil Castle,Castle Exile (Sword),30000614,,221,-,,103,103,103,103,103,103,103,103,,0,0,10,-10,0,0,-20,0,,172,172,229,229,229,Immune,Immune,,1,1,1,1,1,,30,1,30,2.308,,1,1,1,1,1,1,1,1,1.5,0
Stormveil Castle,Castle Exile (Sword),30000714,,221,-,,103,103,103,103,103,103,103,103,,0,0,10,-10,0,0,-20,0,,172,172,229,229,229,Immune,Immune,,1,1,1,1,1,,30,1,30,2.308,,1,1,1,1,1,1,1,1,1.5,0
Stormveil Castle,Castle Exile (Torchpole),30003014,,221,-,,103,103,103,103,103,103,103,103,,0,0,10,-10,0,0,-20,0,,172,172,229,229,229,Immune,Immune,,1,1,1,1,1,,30,1,30,2.308,,1,1,1,1,1,1,1,1,1.5,0
Stormveil Castle,Castle Exile (Torchpole),30003214,,221,-,,103,103,103,103,103,103,103,103,,0,0,10,-10,0,0,-20,0,,172,172,229,229,229,Immune,Immune,,1,1,1,1,1,,30,1,30,2.308,,1,1,1,1,1,1,1,1,1.5,0
Stormveil Castle,Castle Exile (Torchpole),30003514,,221,-,,103,103,103,103,103,103,103,103,,0,0,10,-10,0,0,-20,0,,172,172,229,229,229,Immune,Immune,,1,1,1,1,1,,30,1,30,2.308,,1,1,1,1,1,1,1,1,1.5,0
Stormveil Castle,Commoner (Ghost),36609114,,173,-,,103,103,103,103,103,103,103,103,,-10,-10,-10,-10,-20,-20,-20,0,,Immune,Immune,Immune,Immune,Immune,Immune,Immune,,1,1,1,1,1,,30,1,30,2.308,,1,1,1,1,1,1,1,1,1.5,0
Stormveil Castle,Commoner (Sword),36600014,,173,-,,103,103,103,103,103,103,103,103,,-10,-10,-10,-10,-20,-20,-20,0,,129,129,172,172,172,Immune,Immune,,1,1,1,1,1,,30,1,30,2.308,,1,1,1,1,1,1,1,1,1.5,0
Stormveil Castle,Commoner (Sword),36600114,,173,-,,103,103,103,103,103,103,103,103,,-10,-10,-10,-10,-20,-20,-20,0,,129,129,172,172,172,Immune,Immune,,1,1,1,1,1,,30,1,30,2.308,,1,1,1,1,1,1,1,1,1.5,0
Stormveil Castle,Crucible Knight (Greatsword),25000014,,"1,391",-,,103,103,103,103,103,103,103,103,,35,35,35,35,40,20,20,40,,517,517,Immune,517,517,Immune,Immune,,1,1,1,1,1,,80,1,80,6.154,,1,1,1,1,1,1,1,1,1.5,0
Stormveil Castle,Devious Commoner,36650014,,"2,599",-,,103,103,103,103,103,103,103,103,,-10,-10,-10,-10,-20,-20,-20,0,,129,129,172,172,Immune,Immune,Immune,,1,1,1,1,1,,30,1,30,2.308,,1,1,1,1,1,1,1,1,1.5,0
Stormveil Castle,Devious Commoner,36650114,,"2,599",-,,103,103,103,103,103,103,103,103,,-10,-10,-10,-10,-20,-20,-20,0,,129,129,172,172,Immune,Immune,Immune,,1,1,1,1,1,,30,1,30,2.308,,1,1,1,1,1,1,1,1,1.5,0
Stormveil Castle,Devious Commoner,36650214,,"2,599",-,,103,103,103,103,103,103,103,103,,-10,-10,-10,-10,-20,-20,-20,0,,129,129,172,172,Immune,Immune,Immune,,1,1,1,1,1,,30,1,30,2.308,,1,1,1,1,1,1,1,1,1.5,0
Stormveil Castle,Devious Commoner,36650314,,"2,599",-,,103,103,103,103,103,103,103,103,,-10,-10,-10,-10,-20,-20,-20,0,,129,129,172,172,Immune,Immune,Immune,,1,1,1,1,1,,30,1,30,2.308,,1,1,1,1,1,1,1,1,1.5,0
Stormveil Castle,Devious Commoner,36650414,,"2,599",-,,103,103,103,103,103,103,103,103,,-10,-10,-10,-10,-20,-20,-20,0,,129,129,172,172,Immune,Immune,Immune,,1,1,1,1,1,,30,1,30,2.308,,1,1,1,1,1,1,1,1,1.5,0
Stormveil Castle,Devious Commoner,36650514,,"2,599",-,,103,103,103,103,103,103,103,103,,-10,-10,-10,-10,-20,-20,-20,0,,129,129,172,172,Immune,Immune,Immune,,1,1,1,1,1,,30,1,30,2.308,,1,1,1,1,1,1,1,1,1.5,0
Stormveil Castle,Devious Commoner,36650614,,"2,599",-,,103,103,103,103,103,103,103,103,,-10,-10,-10,-10,-20,-20,-20,0,,129,129,172,172,Immune,Immune,Immune,,1,1,1,1,1,,30,1,30,2.308,,1,1,1,1,1,1,1,1,1.5,0
Stormveil Castle,Dragon-faced Flamethrower,81100014,,730,-,,103,103,103,103,103,103,103,103,,35,10,35,35,40,40,40,40,,Immune,Immune,Immune,Immune,Immune,Immune,Immune,,1,1,1,1,1,,-1,1,∞,504.95,,1,1,1,1,1,1,1,1,1.5,0
Stormveil Castle,Giant Bat,42000014,,208,-,,103,103,103,103,103,103,103,103,,-10,-10,-40,-10,-20,-20,-20,-20,,172,172,172,172,41,Immune,Immune,,1,1,1,1,1,,30,1,30,2.308,,1,1,1,1,1,1,1,1,1.5,0
Stormveil Castle,Giant Rat,40900014,,920,-,,103,103,103,103,103,103,103,103,,-10,-10,-40,-10,-20,-40,-20,-20,,316,316,172,229,172,Immune,Immune,,1,1,1,1,1,,65,1,65,5,,1,1,1,1,1,1,1,1,1.5,0
Stormveil Castle,Godrick - Head and Torso,47510014,,"4,174",-,,103,103,103,103,103,103,103,103,,0,0,0,0,0,0,0,0,,Immune,Immune,Immune,Immune,"2,050",Immune,Immune,,1,1,1,1,1,,-1,1,∞,0,,1,1,1,1,1,1,1,1,1.5,1
Stormveil Castle,Godrick the Grafted [Boss],47500014,,"6,080",-,,105,105,105,105,105,105,105,105,,0,0,0,0,20,20,20,40,,318,318,318,318,318,Immune,Immune,,0.7,0.7,1,1,1,,105,1,105,8.077,,1,1,1,1,1,1,1,1,1.5,1
Stormveil Castle,Grafted Scion,46900014,,"1,897",-,,103,103,103,103,103,103,103,103,,0,0,-10,0,20,20,20,20,,316,316,229,229,229,Immune,Immune,,1,1,1,1,1,,80,1,80,6.154,,1,1,1,1,1,1,1,1,1.5,0
Stormveil Castle,Hawk,60010014,,27,-,,100,100,100,100,100,100,100,100,,-40,-40,-40,-40,-40,-100,-40,-40,,63,63,63,63,63,Immune,Immune,,1,1,1,1,1,,-1,1,∞,0,,1,1,1,1,1,1,1,1,1.5,0
Stormveil Castle,Large Castle Exile,30200014,,317,-,,103,103,103,103,103,103,103,103,,0,0,10,-10,0,0,-20,0,,229,229,229,229,229,Immune,Immune,,1,1,1,1,1,,50,1,50,3.846,,1,1,1,1,1,1,1,1,1.5,0
Stormveil Castle,Large Starved Dog,41600014,,559,-,,103,103,103,103,103,103,103,103,,-10,-10,-40,-10,-20,-40,-20,-20,,172,172,172,229,172,Immune,Immune,,1,1,1,1,1,,30,1,30,2.308,,1,1,1,1,1,1,1,1,1.5,0
Stormveil Castle,Lion Guardian,42700014,,"2,119",-,,103,103,103,103,103,103,103,103,,0,0,-10,0,0,-20,0,0,,316,316,517,517,229,Immune,Immune,,1,1,1,1,1,,80,1,80,6.154,,1,1,1,1,1,1,1,1,1.5,0
Stormveil Castle,Living Jar,44910014,,248,-,,103,103,103,103,103,103,103,103,,10,-40,35,35,0,20,20,20,,Immune,Immune,Immune,Immune,172,Immune,Immune,,1,1,1,1,1,,30,1,30,2.308,,1,1,1,1,1,1,1,1,1.5,1
Stormveil Castle,Living Jar (Large),44907014,,743,-,,103,103,103,103,103,103,103,103,,10,-40,35,35,0,20,20,20,,Immune,Immune,Immune,Immune,229,Immune,Immune,,1,1,1,1,1,,65,1,65,5,,1,1,1,1,1,1,1,1,1.5,1
Stormveil Castle,"Margit, the Fell Omen [Boss]",21300014,,"4,174",-,,103,103,103,103,103,103,103,103,,0,0,-10,0,0,0,0,40,,316,316,316,316,Immune,Immune,Immune,,0.7,0.7,1,1,1,,80,1,80,6.154,,1,1,1,1,1,1,1,1,1.5,0
Stormveil Castle,Omen Monstrosity (Curved Sword),21400114,,"1,493",-,,103,103,103,103,103,103,103,103,,0,0,-10,0,0,0,0,20,,229,229,229,229,229,Immune,Immune,,1,1,1,1,1,,65,1,65,5,,1,1,1,1,1,1,1,1,1.5,0
Stormveil Castle,Rat,40800014,,268,-,,103,103,103,103,103,103,103,103,,-10,-10,-40,-10,-20,-40,-20,-20,,316,316,172,229,172,Immune,Immune,,1,1,1,1,1,,30,1,30,2.308,,1,1,1,1,1,1,1,1,1.5,0
Stormveil Castle,Rebirth Monuments,10001000,,"1,939",-,,100,100,100,100,100,100,100,100,,0,0,0,0,0,0,0,0,,Immune,Immune,Immune,Immune,Immune,Immune,Immune,,1,1,1,1,1,,-1,1,∞,0,,1,1,1,1,1,1,1,1,1.5,0
Stormveil Castle,Starved Dog,41610014,,268,-,,103,103,103,103,103,103,103,103,,-10,-10,-40,-10,-20,-40,-20,-20,,172,172,172,229,172,Immune,Immune,,1,1,1,1,1,,30,1,30,2.308,,1,1,1,1,1,1,1,1,1.5,0
Stormveil Castle,Stone Teardrop Scarab,41913014,,255,-,,103,103,103,103,103,103,103,103,,10,10,35,35,40,40,40,40,,Immune,Immune,Immune,Immune,Immune,Immune,Immune,,1,1,1,1,1,,30,1,30,2.308,,1,1,1,1,1,1,1,1,1.5,0
Stormveil Castle,Troll Knight,46000014,,"3,148",-,,103,103,103,103,103,103,103,103,,0,0,-10,0,0,0,0,0,,229,229,229,316,41,Immune,Immune,,1,1,1,1,1,,65,1,65,5,,1,1,1,1,1,1,1,1,2,1
Stormveil Castle,Ulcerated Tree Spirit,46400014,,"4,492",-,,103,103,103,103,103,103,103,103,,0,0,0,0,20,-20,20,40,,517,517,517,229,Immune,Immune,Immune,,1,1,1,1,1,,120,1,120,9.231,,1.5,1,1,1,1,1,1,1,1.5,1
Stormveil Castle,Warhawk,42100014,,500,-,,103,103,103,103,103,103,103,103,,-10,-10,-10,-10,-20,-20,-20,-20,,172,172,172,229,172,Immune,Immune,,1,1,1,1,1,,50,1,50,3.846,,1,1,1,1,1,1,1,1,1.5,0
Stormveil Castle,Warhawk,42100114,,500,-,,103,103,103,103,103,103,103,103,,-10,-10,-10,-10,-20,-20,-20,-20,,172,172,172,229,172,Immune,Immune,,1,1,1,1,1,,50,1,50,3.846,,1,1,1,1,1,1,1,1,1.5,0
Stormveil Castle,Warhawk,42101014,,256,-,,103,103,103,103,103,103,103,103,,-10,-10,-40,-10,-20,-40,-20,-20,,172,172,172,229,172,Immune,Immune,,1,1,1,1,1,,30,1,30,2.308,,1,1,1,1,1,1,1,1,1.5,0
Stormveil Castle,Warhawk,42101114,,256,-,,103,103,103,103,103,103,103,103,,-10,-10,-40,-10,-20,-40,-20,-20,,172,172,172,229,172,Immune,Immune,,1,1,1,1,1,,30,1,30,2.308,,1,1,1,1,1,1,1,1,1.5,0
Stormveil Castle,Warhawk,42101214,,256,-,,103,103,103,103,103,103,103,103,,-10,-10,-40,-10,-20,-40,-20,-20,,172,172,172,229,172,Immune,Immune,,1,1,1,1,1,,30,1,30,2.308,,1,1,1,1,1,1,1,1,1.5,0
Stranded Graveyard,???,10003100,,"1,939",-,,100,100,100,100,100,100,100,100,,0,0,0,0,0,0,0,0,,Immune,Immune,Immune,Immune,Immune,Immune,Immune,,1,1,1,1,1,,-1,1,∞,0,,1,1,1,1,1,1,1,1,1.5,0
Stranded Graveyard,Banished Knight (Draconic),30102507,,"1,015",-,,107,107,107,107,107,107,107,107,,10,10,35,0,20,20,-40,20,,Immune,Immune,Immune,Immune,Immune,Immune,Immune,,1,1,1,1,1,,65,1,65,5,,1,1,1,1,1,1,1,1,1.5,0
Stranded Graveyard,Banished Knight (Hood),30100507,,"1,015",-,,107,107,107,107,107,107,107,107,,10,10,35,0,20,20,0,20,,Immune,Immune,Immune,Immune,Immune,Immune,Immune,,1,1,1,1,1,,65,1,65,5,,1,1,1,1,1,1,1,1,1.5,0
Stranded Graveyard,"Castle Exile (Sword, Crossbow)",30004007,,303,-,,107,107,107,107,107,107,107,107,,0,0,10,-10,0,0,-20,0,,Immune,Immune,Immune,Immune,Immune,Immune,Immune,,1,1,1,1,1,,30,1,30,2.308,,1,1,1,1,1,1,1,1,1.5,0
Stranded Graveyard,"Castle Exile (Sword, Shield)",30005007,,303,-,,107,107,107,107,107,107,107,107,,0,0,10,-10,0,0,-20,0,,Immune,Immune,Immune,Immune,Immune,Immune,Immune,,1,1,1,1,1,,30,1,30,2.308,,1,1,1,1,1,1,1,1,1.5,0
Stranded Graveyard,Commoner (Ghost),36609006,,105,-,,100,100,100,100,100,100,100,100,,-10,-10,-10,-10,-20,-20,-20,0,,Immune,Immune,Immune,Immune,Immune,Immune,Immune,,1,1,1,1,1,,30,1,30,2.308,,1,1,1,1,1,1,1,1,1.5,0
Stranded Graveyard,Grafted Scion,46900007,,"2,596",-,,107,107,107,107,107,107,107,107,,0,0,-10,0,20,20,20,20,,324,324,235,235,235,Immune,Immune,,1,1,1,1,1,,80,1,80,6.154,,1,1,1,1,1,1,1,1,1.5,0
Stranded Graveyard,Imp (Cat),30800007,,389,-,,107,107,107,107,107,107,107,107,,10,0,35,35,20,40,40,40,,Immune,Immune,Immune,Immune,Immune,Immune,Immune,,1,1,1,1,1,,30,1,30,2.308,,1,1,1,1,1,1,1,1,1.5,0
Stranded Graveyard,Imp (Wolf),30806007,,389,-,,107,107,107,107,107,107,107,107,,10,0,35,35,20,40,40,40,,Immune,Immune,Immune,Immune,Immune,Immune,Immune,,1,1,1,1,1,,35,1,35,2.692,,1,1,1,1,1,1,1,1,1.5,0
Stranded Graveyard,Merciless Chariot,81200007,,0,-,,107,107,107,107,107,107,107,107,,100,100,100,100,100,100,100,100,,Immune,Immune,Immune,Immune,Immune,Immune,Immune,,1,1,1,1,1,,80,1,80,6.154,,0,0,0,0,0,0,0,0,1.5,1
Stranded Graveyard,Soldier of Godrick,43111306,,192,-,,100,100,100,100,100,100,100,100,,0,0,10,-10,0,0,-20,0,,168,168,224,224,224,Immune,Immune,,1,1,1,1,1,,30,1,30,2.308,,1,1,1,1,1,1,1,1,1.5,0
Stranded Graveyard,Soldier of Godrick,43114006,,192,-,,100,100,100,100,100,100,100,100,,0,0,10,-10,0,0,-20,0,,168,168,224,224,224,Immune,Immune,,1,1,1,1,1,,15,1,15,0,,1,1,1,1,1,1,1,1,1.5,0
Stranded Graveyard,Soldier of Godrick [Boss],43113906,,384,-,,100,100,100,100,100,100,100,100,,0,0,10,-10,0,0,-20,0,,168,168,224,224,224,Immune,Immune,,0.7,0.7,0.7,1,1,,15,1,15,0,,1,1,1,1,1,1,1,1,1.5,0
Stranded Graveyard,Ulcerated Tree Spirit [Boss],46400007,,"6,147",-,,107,107,107,107,107,107,107,107,,0,0,0,0,20,-20,20,40,,530,530,530,235,Immune,Immune,Immune,,0.7,0.7,1,1,1,,120,1,120,9.231,,1.5,1,1,1,1,1,1,1,1.5,1
Stranded Graveyard,Wandering Noble,43000006,,85,-,,100,100,100,100,100,100,100,100,,-10,-10,-10,-10,-20,-20,-20,0,,126,126,168,168,168,Immune,Immune,,1,1,1,1,1,,15,1,15,1.154,,1,1,1,1,1,1,1,1,1.5,0
Subterranean Shunning-Grounds,Basilisk,41500035,,"1,853",-,,117,117,117,117,117,117,117,117,,-10,-10,-40,-10,-20,-20,-20,-20,,187,187,140,140,140,Immune,Immune,,1,1,1,1,1,,30,1,30,2.308,,1,1,1,1,1,1,1,1,1.5,0
Subterranean Shunning-Grounds,Cerulean Teardrop Scarab,41911035,,844,-,,117,117,117,117,117,117,117,117,,10,10,35,35,40,40,40,40,,Immune,Immune,Immune,Immune,Immune,Immune,Immune,,1,1,1,1,1,,30,1,30,2.308,,1,1,1,1,1,1,1,1,1.5,0
Subterranean Shunning-Grounds,Commoner (Sword),36600035,,575,-,,117,117,117,117,117,117,117,117,,-10,-10,-10,-10,-20,-20,-20,0,,140,140,187,187,187,Immune,Immune,,1,1,1,1,1,,30,1,30,2.308,,1,1,1,1,1,1,1,1,1.5,0
Subterranean Shunning-Grounds,Crimson Teardrop Scarab,41910035,,844,-,,117,117,117,117,117,117,117,117,,10,10,35,35,40,40,40,40,,Immune,Immune,Immune,Immune,Immune,Immune,Immune,,1,1,1,1,1,,30,1,30,2.308,,1,1,1,1,1,1,1,1,1.5,0
Subterranean Shunning-Grounds,Giant Crayfish,44200035,,"4,803",-,,117,117,117,117,117,117,117,117,,10,0,35,10,20,20,20,20,,343,343,343,187,187,Immune,Immune,,1,1,1,1,1,,80,0.5,160,6.154,,1,1,1,1,1,1,1,1,4,1
Subterranean Shunning-Grounds,Giant Miranda Sprout,44800035,,"10,633",-,,117,117,117,117,117,117,117,117,,0,35,-40,0,0,-40,40,40,,"1,207",561,561,140,249,Immune,Immune,,1,1,1,1,1,,100,1,100,7.692,,1,1,1,1,1,1,1,1,1.5,1
Subterranean Shunning-Grounds,Giant Rat,40900035,,"3,049",-,,117,117,117,117,117,117,117,117,,-10,-10,-40,-10,-20,-40,-20,-20,,343,343,187,249,187,Immune,Immune,,1,1,1,1,1,,65,1,65,5,,1,1,1,1,1,1,1,1,1.5,0
Subterranean Shunning-Grounds,Imp (Cat),30800035,,943,-,,117,117,117,117,117,117,117,117,,10,0,35,35,20,40,40,40,,Immune,Immune,Immune,Immune,Immune,Immune,Immune,,1,1,1,1,1,,30,1,30,2.308,,1,1,1,1,1,1,1,1,1.5,0
Subterranean Shunning-Grounds,Imp (Fanged),30801035,,943,-,,117,117,117,117,117,117,117,117,,10,0,35,35,20,40,40,40,,Immune,Immune,Immune,Immune,Immune,Immune,Immune,,1,1,1,1,1,,30,1,30,2.308,,1,1,1,1,1,1,1,1,1.5,0
Subterranean Shunning-Grounds,Imp (Long-Tongued),30802035,,943,-,,117,117,117,117,117,117,117,117,,10,0,35,35,20,40,40,40,,Immune,Immune,Immune,Immune,Immune,Immune,Immune,,1,1,1,1,1,,30,1,30,2.308,,1,1,1,1,1,1,1,1,1.5,0
Subterranean Shunning-Grounds,Imp (Wolf),30806035,,943,-,,117,117,117,117,117,117,117,117,,10,0,35,35,20,40,40,40,,Immune,Immune,Immune,Immune,Immune,Immune,Immune,,1,1,1,1,1,,35,1,35,2.692,,1,1,1,1,1,1,1,1,1.5,0
Subterranean Shunning-Grounds,Large Fingercreeper,42407035,,"4,096",-,,117,117,117,117,117,117,117,117,,-10,-10,-40,-10,0,0,0,0,,249,249,187,249,Immune,Immune,Immune,,1,1,1,1,1,,65,1,65,5,,1,1,1,1,1,1,1,1,1.5,1
Subterranean Shunning-Grounds,Leyndell Foot Soldier,43734535,,597,-,,117,117,117,117,117,117,117,117,,0,0,0,-10,0,0,20,0,,Immune,Immune,Immune,Immune,Immune,Immune,Immune,,1,1,1,1,1,,30,1,30,2.308,,1,1,1,1,1,1,1,1,1.5,0
Subterranean Shunning-Grounds,Leyndell Soldier,43130435,,"1,052",-,,117,117,117,117,117,117,117,117,,0,0,10,-10,0,0,0,20,,Immune,Immune,Immune,Immune,Immune,Immune,Immune,,1,1,1,1,1,,30,1,30,2.308,,1,1,1,1,1,1,1,1,1.5,0
Subterranean Shunning-Grounds,Living Jar,44910035,,822,-,,117,117,117,117,117,117,117,117,,10,-40,35,35,0,20,20,20,,Immune,Immune,Immune,Immune,187,Immune,Immune,,1,1,1,1,1,,30,1,30,2.308,,1,1,1,1,1,1,1,1,1.5,1
Subterranean Shunning-Grounds,Living Jar (Large),44907035,,"1,662",-,,113,113,113,113,113,113,113,113,,10,-40,35,35,0,20,20,20,,Immune,Immune,Immune,Immune,243,Immune,Immune,,1,1,1,1,1,,65,1,65,5,,1,1,1,1,1,1,1,1,1.5,1
Subterranean Shunning-Grounds,Miranda Sprout,44810035,,652,-,,117,117,117,117,117,117,117,117,,-10,10,-40,-10,-20,-40,20,20,,"1,207",561,561,140,249,Immune,Immune,,1,1,1,1,1,,30,1,30,2.308,,1,1,1,1,1,1,1,1,1.5,1
Subterranean Shunning-Grounds,"Mohg, The Omen [Boss]",48001935,,"14,000",-,,117,117,117,117,117,117,117,117,,10,10,10,10,40,80,40,40,,Immune,Immune,Immune,Immune,Immune,Immune,Immune,,1,1,1,1,1,,110,1,110,8.462,,1,1,1,1,1,1,1,1,1.5,1
Subterranean Shunning-Grounds,Nomad Trader,32010035,,926,-,,117,117,117,117,117,117,117,117,,-10,0,-10,-10,0,0,0,0,,249,249,187,187,Immune,Immune,Immune,,1,1,1,1,1,,30,1,30,2.308,,1,1,1,1,1,1,1,1,1.5,0
Subterranean Shunning-Grounds,Omen Monstrosity (Axe),21401035,,"4,946",-,,117,117,117,117,117,117,117,117,,0,0,-10,0,0,0,0,20,,249,249,249,249,249,Immune,Immune,,1,1,1,1,1,,65,1,65,5,,1,1,1,1,1,1,1,1,1.5,0
Subterranean Shunning-Grounds,Omen Monstrosity (Axe),21401235,,"5,933",-,,117,117,117,117,117,117,117,117,,0,0,-10,0,0,0,0,40,,249,249,249,249,249,Immune,Immune,,1,1,1,1,1,,65,1,65,5,,1,1,1,1,1,1,1,1,1.5,0
Subterranean Shunning-Grounds,Omen Monstrosity (Axe),21401435,,"5,933",-,,117,117,117,117,117,117,117,117,,0,0,-10,0,0,0,0,20,,249,249,249,249,249,Immune,Immune,,1,1,1,1,1,,65,1,65,5,,1,1,1,1,1,1,1,1,1.5,0
Subterranean Shunning-Grounds,Omen Monstrosity (Curved Sword),21400035,,"4,946",-,,117,117,117,117,117,117,117,117,,0,0,-10,0,0,0,0,20,,249,249,249,249,249,Immune,Immune,,1,1,1,1,1,,65,1,65,5,,1,1,1,1,1,1,1,1,1.5,0
Subterranean Shunning-Grounds,Omen Monstrosity (Curved Sword),21400135,,"4,946",-,,117,117,117,117,117,117,117,117,,0,0,-10,0,0,0,0,20,,249,249,249,249,249,Immune,Immune,,1,1,1,1,1,,65,1,65,5,,1,1,1,1,1,1,1,1,1.5,0
Subterranean Shunning-Grounds,Omen Monstrosity (Curved Sword),21400235,,"5,933",-,,117,117,117,117,117,117,117,117,,0,0,-10,0,0,0,0,40,,249,249,249,249,249,Immune,Immune,,1,1,1,1,1,,65,1,65,5,,1,1,1,1,1,1,1,1,1.5,0
Subterranean Shunning-Grounds,Omen Monstrosity (Curved Sword),21400335,,"5,933",-,,117,117,117,117,117,117,117,117,,0,0,-10,0,0,0,0,40,,249,249,249,249,249,Immune,Immune,,1,1,1,1,1,,65,1,65,5,,1,1,1,1,1,1,1,1,1.5,0
Subterranean Shunning-Grounds,Omen Monstrosity (Curved Sword),21400435,,"5,933",-,,117,117,117,117,117,117,117,117,,0,0,-10,0,0,0,0,20,,249,249,249,249,249,Immune,Immune,,1,1,1,1,1,,65,1,65,5,,1,1,1,1,1,1,1,1,1.5,0
Subterranean Shunning-Grounds,Putrid Corpse,36610035,,"2,061",-,,117,117,117,117,117,117,117,117,,-40,-40,-40,-40,-40,-40,-40,-40,,140,140,140,140,140,Immune,Immune,,1,1,1,1,1,,50,1,50,3.846,,1,1,1,1,1,1,1,1,1.5,0
Subterranean Shunning-Grounds,Putrid Corpse,36612035,,"2,061",-,,117,117,117,117,117,117,117,117,,-40,-40,-40,-40,-40,80,-40,-40,,140,140,140,187,140,Immune,Immune,,1,1,1,1,1,,50,1,50,3.846,,1,1,1,1,1,1,1,1,1.5,0
Subterranean Shunning-Grounds,Putrid Corpse (Maggots),36611035,,"2,061",-,,117,117,117,117,117,117,117,117,,-40,-40,-40,-40,-40,-40,-40,-40,,561,249,140,140,140,Immune,Immune,,1,1,1,1,1,,50,1,50,3.846,,1,1,1,1,1,1,1,1,1.5,0
Subterranean Shunning-Grounds,Rat,40800035,,888,-,,117,117,117,117,117,117,117,117,,-10,-10,-40,-10,-20,-40,-20,-20,,343,343,187,249,187,Immune,Immune,,1,1,1,1,1,,30,1,30,2.308,,1,1,1,1,1,1,1,1,1.5,0
Subterranean Shunning-Grounds,Revenant,40000035,,839,-,,117,117,117,117,117,117,117,117,,0,0,-10,0,0,0,0,40,,343,343,343,343,Immune,Immune,Immune,,1,1,1,1,1,,30,1,30,2.308,,1,1,1,1,1,1,1,1,1.5,0
Subterranean Shunning-Grounds,Rotten Dog,41650935,,888,-,,117,117,117,117,117,117,117,117,,-10,-10,-40,-10,-20,0,-20,-20,,187,187,140,249,343,Immune,Immune,,0.7,0.7,1,1,1,,30,1,30,2.308,,1,1,1,1,1,1,1,1,1.5,0
Subterranean Shunning-Grounds,Royal Revenant,40208035,,"3,723",-,,117,117,117,117,117,117,117,117,,0,0,-10,0,0,0,0,40,,343,343,343,343,Immune,Immune,Immune,,1,1,1,1,1,,70,1,70,5.385,,1,1,1,1,1,1,1,1,1.5,0
Subterranean Shunning-Grounds,Scarlet Putrid Corpse (Maggots),36621035,,"3,432",-,,117,117,117,117,117,117,117,117,,-40,-40,-40,-40,-40,-40,-40,-40,,561,249,140,140,140,Immune,Immune,,1,1,1,1,1,,55,1,55,4.231,,1,1,1,1,1,1,1,1,1.5,0
Subterranean Shunning-Grounds,Sites of Grace,10000000,,"1,939",-,,100,100,100,100,100,100,100,100,,0,0,0,0,0,0,0,0,,Immune,Immune,Immune,Immune,Immune,Immune,Immune,,1,1,1,1,1,,-1,1,∞,0,,1,1,1,1,1,1,1,1,1.5,0
Subterranean Shunning-Grounds,Slug,40400035,,575,-,,117,117,117,117,117,117,117,117,,-10,-10,-40,-10,-20,-20,-40,-20,,140,140,140,140,Immune,Immune,Immune,,1,1,1,1,1,,30,1,30,2.308,,1,1,1,1,1,1,1,1,1.5,1
Subterranean Shunning-Grounds,Small Fingercreeper,42500035,,575,-,,117,117,117,117,117,117,117,117,,-10,-10,-40,-10,0,0,0,0,,249,249,187,249,Immune,Immune,Immune,,1,1,1,1,1,,30,1,30,2.308,,1,1,1,1,1,1,1,1,1.5,0
Subterranean Shunning-Grounds,Spiritcaller Snail,41402035,,"1,041",-,,117,117,117,117,117,117,117,117,,-10,-10,-40,-10,40,0,-20,0,,187,187,187,140,140,Immune,Immune,,1,1,1,1,1,,30,1,30,2.308,,1,1,1,1,1,1,1,1,1.5,0
Subterranean Shunning-Grounds,Stone Teardrop Scarab,41915035,,844,-,,117,117,117,117,117,117,117,117,,10,10,35,35,40,40,40,40,,Immune,Immune,Immune,Immune,Immune,Immune,Immune,,1,1,1,1,1,,30,1,30,2.308,,1,1,1,1,1,1,1,1,1.5,0
Tombsward Catacombs,Cemetery Shade [Boss],36640012,,781,-,,102,102,102,102,102,102,102,102,,10,10,10,35,0,0,0,-20,,Immune,Immune,Immune,Immune,Immune,Immune,Immune,,1,1,1,1,1,,70,1,70,5.385,,1,1,1,1,1,1,1,1,1.5,0
Tombsward Catacombs,Floor Pressure Traps,10100000,,"1,939",-,,100,100,100,100,100,100,100,100,,0,0,0,0,0,0,0,0,,Immune,Immune,Immune,Immune,Immune,Immune,Immune,,1,1,1,1,1,,-1,1,∞,0,,1,1,1,1,1,1,1,1,1.5,0
Tombsward Catacombs,Skeleton (Scimitar),35100012,,359,-,,102,102,102,102,102,102,102,102,,0,-40,10,35,0,20,40,-40,,Immune,227,Immune,Immune,Immune,Immune,Immune,,1,1,1,1,1,,30,1,30,2.308,,1,1,1,1,1,1,1,1,1.5,0
Tombsward Catacombs,Skeleton (Scimitar),35100112,,359,-,,102,102,102,102,102,102,102,102,,0,-40,10,35,0,20,40,-40,,Immune,227,Immune,Immune,Immune,Immune,Immune,,1,1,1,1,1,,30,1,30,2.308,,1,1,1,1,1,1,1,1,1.5,0
Tombsward Catacombs,Skeleton (Scimitar),35101012,,359,-,,102,102,102,102,102,102,102,102,,0,-40,10,35,0,20,40,-40,,Immune,227,Immune,Immune,Immune,Immune,Immune,,1,1,1,1,1,,35,1,35,2.692,,1,1,1,1,1,1,1,1,1.5,0
Tombsward Catacombs,Skeleton (Scimitar),35102012,,359,-,,102,102,102,102,102,102,102,102,,0,-40,10,35,0,20,40,-40,,Immune,227,Immune,Immune,Immune,Immune,Immune,,1,1,1,1,1,,30,1,30,2.308,,1,1,1,1,1,1,1,1,1.5,0
Tombsward Catacombs,Skeleton (Scimitar),35103012,,359,-,,102,102,102,102,102,102,102,102,,0,-40,10,35,0,20,40,-40,,Immune,227,Immune,Immune,Immune,Immune,Immune,,1,1,1,1,1,,30,1,30,2.308,,1,1,1,1,1,1,1,1,1.5,0
Tombsward Cave,Fungal Sorcerer,43850012,,207,-,,102,102,102,102,102,102,102,102,,-10,-10,-10,-10,0,-40,0,0,,Immune,512,170,170,227,Immune,Immune,,1,1,1,1,1,,30,1,30,2.308,,1,1,1,1,1,1,1,1,1.5,0
Tombsward Cave,Fungal Sorcerer,43850112,,207,-,,102,102,102,102,102,102,102,102,,-10,-10,-10,-10,0,-40,0,0,,Immune,512,170,170,227,Immune,Immune,,1,1,1,1,1,,30,1,30,2.308,,1,1,1,1,1,1,1,1,1.5,0
Tombsward Cave,Fungal Sorcerer,43850212,,207,-,,102,102,102,102,102,102,102,102,,-10,-10,-10,-10,0,-40,0,0,,Immune,512,170,170,227,Immune,Immune,,1,1,1,1,1,,30,1,30,2.308,,1,1,1,1,1,1,1,1,1.5,0
Tombsward Cave,Giant Rat,40900010,,634,-,,101,101,101,101,101,101,101,101,,-10,-10,-40,-10,-20,-40,-20,-20,,310,310,169,226,169,Immune,Immune,,1,1,1,1,1,,65,1,65,5,,1,1,1,1,1,1,1,1,1.5,0
Tombsward Cave,Miranda Sprout,44810012,,152,-,,102,102,102,102,102,102,102,102,,-10,10,-40,-10,-20,-40,20,20,,"1,102",512,512,128,227,Immune,Immune,,1,1,1,1,1,,30,1,30,2.308,,1,1,1,1,1,1,1,1,1.5,1
Tombsward Cave,Miranda Sprout,44810912,,152,-,,102,102,102,102,102,102,102,102,,-10,10,-40,-10,-20,-40,20,20,,"1,102",512,512,128,227,Immune,Immune,,0.7,0.7,1,1,1,,30,1,30,2.308,,1,1,1,1,1,1,1,1,1.5,1
Tombsward Cave,Miranda the Blighted Bloom [Boss],44800912,,"2,483",-,,102,102,102,102,102,102,102,102,,0,35,-40,0,0,-40,40,40,,"1,102",512,512,128,227,Immune,Immune,,0.7,0.7,0.7,1,1,,100,1,100,7.692,,1,1,1,1,1,1,1,1,1.5,1
Tombsward Cave,Rat,40800010,,184,-,,101,101,101,101,101,101,101,101,,-10,-10,-40,-10,-20,-40,-20,-20,,310,310,169,226,169,Immune,Immune,,1,1,1,1,1,,30,1,30,2.308,,1,1,1,1,1,1,1,1,1.5,0
Tombsward Cave,Small Living Mass,41700312,,352,-,,102,102,102,102,102,102,102,102,,80,80,80,80,40,-40,40,40,,Immune,"1,102",227,227,Immune,Immune,Immune,,1,1,1,1,1,,120,1,120,9.231,,1,1,1,1,1,1,1,1,1.5,1
Unsightly Catacombs,Misbegotten,34500030,,516,-,,110,110,110,110,110,110,110,110,,0,0,0,0,0,-20,0,0,,239,239,239,239,239,Immune,Immune,,1,1,1,1,1,,30,1,30,2.308,,1,1,1,1,1,1,1,1,1.5,0
Unsightly Catacombs,Misbegotten Warrior [Boss],34600930,,"3,569",-,,110,110,110,110,110,110,110,110,,10,10,0,10,20,0,20,20,,329,329,329,329,329,Immune,Immune,,0.7,0.7,1,1,1,,80,1,80,6.154,,1,1,1,1,1,1,1,1,1.5,0
Unsightly Catacombs,Omen Monstrosity (Curved Sword),21400130,,"2,424",-,,110,110,110,110,110,110,110,110,,0,0,-10,0,0,0,0,20,,239,239,239,239,239,Immune,Immune,,1,1,1,1,1,,65,1,65,5,,1,1,1,1,1,1,1,1,1.5,0
Unsightly Catacombs,Perfumer Tricia [Boss],37011930,,989,-,,110,110,110,110,110,110,110,110,,0,10,0,0,40,40,40,0,,539,539,179,179,179,Immune,Immune,,0.7,0.7,1,1,1,,65,1,65,5,,1,1,1,1,1,1,1,1,1.5,0
Unsightly Catacombs,Scaly Misbegotten,34510030,,"1,427",-,,110,110,110,110,110,110,110,110,,0,0,10,-10,0,-20,0,0,,239,239,239,239,239,Immune,Immune,,1,1,1,1,1,,65,1,65,5,,1,1,1,1,1,1,1,1,1.5,0
Unsightly Catacombs,Starved Dog,41610030,,435,-,,110,110,110,110,110,110,110,110,,-10,-10,-40,-10,-20,-40,-20,-20,,179,179,179,239,179,Immune,Immune,,1,1,1,1,1,,30,1,30,2.308,,1,1,1,1,1,1,1,1,1.5,0
Volcano Cave,Demi-Human,41000032,,386,-,,111,111,111,111,111,111,111,111,,-10,-10,-40,-10,-20,-20,-20,-20,,181,181,181,241,181,Immune,Immune,,1,1,1,1,1,,30,1,30,2.308,,1,1,1,1,1,1,1,1,1.5,0
Volcano Cave,Demi-Human,41001032,,386,-,,111,111,111,111,111,111,111,111,,-10,-10,-40,-10,-20,-20,-20,-20,,181,181,181,241,181,Immune,Immune,,1,1,1,1,1,,30,1,30,2.308,,1,1,1,1,1,1,1,1,1.5,0
Volcano Cave,Demi-Human,41002032,,386,-,,111,111,111,111,111,111,111,111,,-10,-10,-40,-10,-20,-20,-20,-20,,181,181,181,241,181,Immune,Immune,,1,1,1,1,1,,30,1,30,2.308,,1,1,1,1,1,1,1,1,1.5,0
Volcano Cave,Demi-Human Beastman,41200032,,"1,735",-,,111,111,111,111,111,111,111,111,,-10,-10,-40,-10,-20,-20,-20,-20,,181,181,241,241,181,Immune,Immune,,1,1,1,1,1,,65,1,65,5,,1,1,1,1,1,1,1,1,1.5,0
Volcano Cave,Demi-Human Queen [Boss],41301932,,"3,971",-,,111,111,111,111,111,111,111,111,,0,0,-10,0,0,-20,0,0,,181,181,241,241,241,Immune,Immune,,0.7,0.7,0.7,1,1,,80,1,80,6.154,,1,1,1,1,1,1,1,1,1.5,0
Volcano Cave,Demi-Human Shaman,41100032,,276,-,,111,111,111,111,111,111,111,111,,-10,-10,-40,-10,-20,-20,-20,-20,,181,181,181,181,181,Immune,Immune,,1,1,1,1,1,,30,1,30,2.308,,1,1,1,1,1,1,1,1,1.5,0
Volcano Cave,Large Demi-Human,41010032,,757,-,,111,111,111,111,111,111,111,111,,-10,-10,-40,-10,-20,-20,-20,-20,,181,181,181,241,181,Immune,Immune,,1,1,1,1,1,,30,1,30,2.308,,1,1,1,1,1,1,1,1,1.5,0
Volcano Manor,Abductor Virgin (Scythe),44700038,,"5,849",-,,114,114,114,114,114,114,114,114,,10,0,10,10,0,100,-20,20,,Immune,Immune,Immune,Immune,Immune,Immune,Immune,,1,1,1,1,1,,65,0,∞,5,,1,1,1,1,1,1,1,1,2,1
Volcano Manor,Abductor Virgin (Scythe) [Boss],44700938,,"3,811",-,,110,110,110,110,110,110,110,110,,10,0,10,10,0,20,-20,20,,Immune,Immune,Immune,Immune,Immune,Immune,Immune,,1,1,1,1,1,,65,0,∞,5,,1,1,1,1,1,1,1,1,2,1
Volcano Manor,Abductor Virgin (Wheel),44701038,,"5,849",-,,114,114,114,114,114,114,114,114,,10,0,10,10,0,100,-20,20,,Immune,Immune,Immune,Immune,Immune,Immune,Immune,,1,1,1,1,1,,65,0,∞,5,,1,1,1,1,1,1,1,1,2,1
Volcano Manor,Abductor Virgin (Wheel) [Boss],44701938,,"3,811",-,,110,110,110,110,110,110,110,110,,10,0,10,10,0,20,-20,20,,Immune,Immune,Immune,Immune,Immune,Immune,Immune,,1,1,1,1,1,,65,0,∞,5,,1,1,1,1,1,1,1,1,2,1
Volcano Manor,Albinauric Lookout,36701038,,668,-,,114,114,114,114,114,114,114,114,,-10,-10,-10,-10,20,-20,-20,-40,,Immune,184,184,184,245,Immune,Immune,,1,1,1,1,1,,30,1,30,2.308,,1,1,1,1,1,1,1,1,1.5,0
Volcano Manor,Albinauric Lookout,36701138,,668,-,,114,114,114,114,114,114,114,114,,-10,-10,-10,-10,20,-20,-20,-40,,Immune,184,184,184,245,Immune,Immune,,1,1,1,1,1,,30,1,30,2.308,,1,1,1,1,1,1,1,1,1.5,0
Volcano Manor,Albinauric Lookout,36702038,,474,-,,114,114,114,114,114,114,114,114,,-10,-10,-10,-10,-20,-20,-20,-40,,Immune,184,184,184,245,Immune,Immune,,1,1,1,1,1,,30,1,30,2.308,,1,1,1,1,1,1,1,1,1.5,0
Volcano Manor,Albinauric Lookout,36702138,,474,-,,114,114,114,114,114,114,114,114,,-10,-10,-10,-10,-20,-20,-20,-40,,Immune,184,184,184,245,Immune,Immune,,1,1,1,1,1,,30,1,30,2.308,,0,1,1,1,1,1,1,1,1.5,1
Volcano Manor,Albinauric Lookout,36702238,,474,-,,114,114,114,114,114,114,114,114,,-10,-10,-10,-10,-20,-20,-20,-40,,Immune,184,184,184,245,Immune,Immune,,1,1,1,1,1,,30,1,30,2.308,,0,1,1,1,1,1,1,1,1.5,1
Volcano Manor,Albinauric Lookout,36703038,,668,-,,114,114,114,114,114,114,114,114,,-10,-10,-10,-10,-20,-20,-20,-40,,Immune,184,184,184,138,Immune,Immune,,1,1,1,1,1,,30,1,30,2.308,,1,1,1,1,1,1,1,1,1.5,0
Volcano Manor,Basilisk,41500038,,"1,394",-,,114,114,114,114,114,114,114,114,,-10,-10,-40,-10,-20,100,-20,-20,,184,184,138,138,138,Immune,Immune,,1,1,1,1,1,,30,1,30,2.308,,1,1,1,1,1,1,1,1,1.5,0
Volcano Manor,Bloodhound Knight,42900138,,"1,806",-,,114,114,114,114,114,114,114,114,,10,10,10,0,0,0,-20,0,,337,337,337,337,245,Immune,Immune,,1,1,1,1,1,,65,1,65,5,,1,1,1,1,1,1,1,1,1.5,0
Volcano Manor,"Commoner (Naked, Spear)",36601438,,433,-,,114,114,114,114,114,114,114,114,,-10,-10,-10,-10,-20,-20,-20,0,,138,138,184,184,184,Immune,Immune,,1,1,1,1,1,,30,1,30,2.308,,1,1,1,1,1,1,1,1,1.5,0
Volcano Manor,"Commoner (Naked, Sword)",36600838,,433,-,,114,114,114,114,114,114,114,114,,-10,-10,-10,-10,-20,-20,-20,0,,138,138,184,184,184,Immune,Immune,,1,1,1,1,1,,30,1,30,2.308,,1,1,1,1,1,1,1,1,1.5,0
Volcano Manor,"Commoner (Naked, Torch)",36602338,,433,-,,114,114,114,114,114,114,114,114,,-10,-10,-10,-10,-20,-20,-20,0,,138,138,184,184,184,Immune,Immune,,1,1,1,1,1,,30,1,30,2.308,,1,1,1,1,1,1,1,1,1.5,0
Volcano Manor,Giant Bat,42000038,,519,-,,114,114,114,114,114,114,114,114,,-10,-10,-40,-10,-20,100,-20,-20,,184,184,184,184,43,Immune,Immune,,1,1,1,1,1,,30,1,30,2.308,,1,1,1,1,1,1,1,1,1.5,0
Volcano Manor,Giant Bat,42000138,,519,-,,114,114,114,114,114,114,114,114,,-10,-10,-40,-10,-20,100,-20,-20,,184,184,184,184,43,Immune,Immune,,1,1,1,1,1,,30,1,30,2.308,,1,1,1,1,1,1,1,1,1.5,0
Volcano Manor,God-Devouring Serpent [Boss],47100038,,"30,439",-,,115,115,115,115,115,115,115,115,,10,35,10,10,40,80,20,40,,556,556,556,247,556,Immune,Immune,,0.7,0.7,1,1,1,,120,1,120,9.231,,1.5,1,1,1,1,1,1,1,1.5,1
Volcano Manor,Godskin Monk,39010038,,"2,450",-,,114,114,114,114,114,114,114,114,,0,0,10,0,0,40,20,20,,337,337,245,337,245,Immune,Immune,,1,1,1,1,1,,65,1,65,5,,1,1,1,1,1,1,1,1,1.5,0
Volcano Manor,Godskin Noble [Boss],35700038,,"10,060",-,,114,114,114,114,114,114,114,114,,0,35,-10,0,20,40,20,40,,337,337,245,337,245,Immune,Immune,,0.7,0.7,0.7,1,1,,80,1,80,6.154,,1,1,1,1,1,1,1,1,1.5,0
Volcano Manor,Living Jar,44910038,,618,-,,114,114,114,114,114,114,114,114,,10,-40,35,35,0,20,20,20,,Immune,Immune,Immune,Immune,184,Immune,Immune,,1,1,1,1,1,,30,1,30,2.308,,1,1,1,1,1,1,1,1,1.5,1
Volcano Manor,Living Jar,44910238,,618,-,,114,114,114,114,114,114,114,114,,10,-40,35,35,0,20,20,20,,Immune,Immune,Immune,Immune,184,Immune,Immune,,1,1,1,1,1,,30,1,30,2.308,,1,1,1,1,1,1,1,1,1.5,1
Volcano Manor,Living Jar (Large),44907038,,"1,852",-,,114,114,114,114,114,114,114,114,,10,-40,35,35,0,20,20,20,,Immune,Immune,Immune,Immune,245,Immune,Immune,,1,1,1,1,1,,65,1,65,5,,1,1,1,1,1,1,1,1,1.5,1
Volcano Manor,Magma Wyrm,49100038,,"12,243",-,,114,114,114,114,114,114,114,114,,10,10,35,10,40,100,40,40,,552,552,552,"1,188",245,Immune,Immune,,1,1,1,1,1,,120,1,120,9.231,,1,1,1,1,1,1,1,1,1.5,1
Volcano Manor,Man-Serpent,39500038,,"1,687",-,,114,114,114,114,114,114,114,114,,0,10,-10,-10,0,100,0,0,,Immune,337,245,138,138,Immune,Immune,,1,1,1,1,1,,65,1,65,5,,1,1,1,1,1,1,1,1,1.5,0
Volcano Manor,Man-Serpent,39501138,,"1,687",-,,114,114,114,114,114,114,114,114,,0,10,-10,-10,0,100,0,0,,Immune,337,245,138,138,Immune,Immune,,1,1,1,1,1,,65,1,65,5,,1,1,1,1,1,1,1,1,1.5,0
Volcano Manor,Man-Serpent,39502038,,"1,687",-,,114,114,114,114,114,114,114,114,,0,10,-10,-10,0,100,0,0,,Immune,337,245,138,138,Immune,Immune,,1,1,1,1,1,,65,1,65,5,,1,1,1,1,1,1,1,1,1.5,0
Volcano Manor,Man-Serpent,39503038,,"1,687",-,,114,114,114,114,114,114,114,114,,0,10,-10,-10,0,100,0,0,,Immune,337,245,138,138,Immune,Immune,,1,1,1,1,1,,65,1,65,5,,1,1,1,1,1,1,1,1,1.5,0
Volcano Manor,Man-Serpent,39504038,,"1,192",-,,114,114,114,114,114,114,114,114,,0,10,-10,-10,20,100,0,0,,Immune,337,245,138,138,Immune,Immune,,1,1,1,1,1,,65,1,65,5,,0.2,1,1,1,1,1,1,1,0.2,1
Volcano Manor,Man-Serpent,39509038,,"1,192",-,,114,114,114,114,114,114,114,114,,0,10,-10,-10,0,100,0,0,,Immune,337,245,138,138,Immune,Immune,,1,1,1,1,1,,65,1,65,5,,0.2,1,1,1,1,1,1,1,0.2,1
Volcano Manor,Man-Serpent,39509138,,"1,192",-,,114,114,114,114,114,114,114,114,,0,10,-10,-10,0,100,0,0,,Immune,337,245,138,138,Immune,Immune,,1,1,1,1,1,,65,1,65,5,,0.2,1,1,1,1,1,1,1,0.2,1
Volcano Manor,Omenkiller,48208038,,"1,769",-,,114,114,114,114,114,114,114,114,,0,0,0,0,20,40,20,20,,552,552,245,245,184,Immune,Immune,,1,1,1,1,1,,75,1,75,5.769,,1,1,1,1,1,1,1,1,1.5,0
Volcano Manor,Omenkiller,48208138,,"1,769",-,,114,114,114,114,114,114,114,114,,0,0,0,0,20,40,20,20,,552,552,245,245,184,Immune,Immune,,1,1,1,1,1,,75,1,75,5.769,,1,1,1,1,1,1,1,1,1.5,0
Volcano Manor,"Rykard, Lord of Blasphemy [Boss]",47101038,,"59,174",-,,115,115,115,115,115,115,115,115,,10,35,10,10,40,80,20,40,,556,556,556,247,556,Immune,Immune,,0.7,0.7,1,1,1,,120,1,120,9.231,,1.5,1.5,1,1,1,1,1,1,1.5,1
Volcano Manor,Slug (Fire),40401038,,433,-,,114,114,114,114,114,114,114,114,,-10,-10,-40,-10,-20,100,-40,-20,,138,138,Immune,138,Immune,Immune,Immune,,1,1,1,1,1,,30,1,30,2.308,,1,1,1,1,1,1,1,1,1.5,1
Volcano Manor,Snail,41400038,,519,-,,114,114,114,114,114,114,114,114,,-10,-10,-40,-10,-20,-20,-20,-20,,184,184,184,138,138,Immune,Immune,,1,1,1,1,1,,30,1,30,2.308,,1,1,1,1,1,1,1,1,1.5,0
Volcano Manor,Starved Dog,41610038,,668,-,,114,114,114,114,114,114,114,114,,-10,-10,-40,-10,-20,-40,-20,-20,,184,184,184,245,184,Immune,Immune,,1,1,1,1,1,,30,1,30,2.308,,1,1,1,1,1,1,1,1,1.5,0
Volcano Manor,Stone Teardrop Scarab,41915038,,635,-,,114,114,114,114,114,114,114,114,,10,10,35,35,40,40,40,40,,Immune,Immune,Immune,Immune,Immune,Immune,Immune,,1,1,1,1,1,,30,1,30,2.308,,1,1,1,1,1,1,1,1,1.5,0
Volcano Manor,Sword of Bernahl,503260038,,"7,998",-,,114,114,114,114,114,114,114,114,,0,0,0,0,0,0,0,0,,Immune,Immune,Immune,Immune,Immune,Immune,Immune,,1,1,1,1,1,,-1,1,∞,0,,1,1,1,1,1,1,1,1,1.5,0
Volcano Manor,Tanith's Knight,25009038,,"3,465",-,,114,114,114,114,114,114,114,114,,35,35,35,35,40,20,20,40,,552,552,Immune,552,552,Immune,Immune,,1,1,1,1,1,,80,1,80,6.154,,1,1,1,1,1,1,1,1,1.5,0
Volcano Manor,Tanith's Knight (Invasion),25009138,,"3,465",-,,114,114,114,114,114,114,114,114,,35,35,35,35,40,20,20,40,,552,552,Immune,552,552,Immune,Immune,,1,1,1,1,1,,80,1,80,6.154,,1,1,1,1,1,1,1,1,1.5,0
Volcano Manor,Wandering Noble,43006638,,350,-,,114,114,114,114,114,114,114,114,,-10,-10,-10,-10,-20,-20,-20,0,,138,138,184,184,184,Immune,Immune,,1,1,1,1,1,,30,1,30,2.308,,1,1,1,1,1,1,1,1,1.5,0
Volcano Manor,Wandering Noble,43006838,,350,-,,114,114,114,114,114,114,114,114,,-10,-10,-10,-10,-20,-20,-20,0,,138,138,184,184,184,Immune,Immune,,1,1,1,1,1,,30,1,30,2.308,,1,1,1,1,1,1,1,1,1.5,0
Volcano Manor,Writhing Mass,47110038,,"52,350",-,,114,114,114,114,114,114,114,114,,0,0,0,0,0,0,0,0,,Immune,Immune,Immune,Immune,"2,190",Immune,Immune,,1,1,1,1,1,,9999,1,9999,504.95,,4,1,0.3,1,1,1,1,1,5,1
War-Dead Catacombs,Cleanrot Knight (Spear),38000142,,"2,922",-,,120,120,120,120,120,120,120,120,,10,10,35,0,20,-20,0,40,,Immune,Immune,Immune,Immune,Immune,Immune,Immune,,1,1,1,1,1,,65,1,65,5,,1,1,1,1,1,1,1,1,1.5,0
War-Dead Catacombs,Cleanrot Knight (Spear),38000242,,"2,922",-,,120,120,120,120,120,120,120,120,,10,10,35,0,20,-20,0,40,,Immune,Immune,Immune,Immune,Immune,Immune,Immune,,1,1,1,1,1,,65,1,65,5,,1,1,1,1,1,1,1,1,1.5,0
War-Dead Catacombs,Imp (Cat),30800042,,"1,150",-,,120,120,120,120,120,120,120,120,,10,0,35,35,20,40,40,40,,Immune,Immune,Immune,Immune,Immune,Immune,Immune,,1,1,1,1,1,,30,1,30,2.308,,1,1,1,1,1,1,1,1,1.5,0
War-Dead Catacombs,Imp (Fanged),30801042,,"1,150",-,,120,120,120,120,120,120,120,120,,10,0,35,35,20,40,40,40,,Immune,Immune,Immune,Immune,Immune,Immune,Immune,,1,1,1,1,1,,30,1,30,2.308,,1,1,1,1,1,1,1,1,1.5,0
War-Dead Catacombs,Imp (Wolf),30806042,,"1,150",-,,120,120,120,120,120,120,120,120,,10,0,35,35,20,40,40,40,,Immune,Immune,Immune,Immune,Immune,Immune,Immune,,1,1,1,1,1,,35,1,35,2.692,,1,1,1,1,1,1,1,1,1.5,0
War-Dead Catacombs,Putrid Tree Spirit [Boss],46400942,,"18,144",-,,120,120,120,120,120,120,120,120,,0,0,0,0,20,-20,20,40,,"1,235","1,235",574,255,Immune,Immune,Immune,,0.7,0.7,1,1,1,,120,1,120,9.231,,1.5,1,1,1,1,1,1,1,1.5,1
War-Dead Catacombs,Radahn Foot Soldier,43740342,,983,-,,120,120,120,120,120,120,120,120,,0,0,0,-10,0,20,-20,0,,Immune,Immune,Immune,Immune,Immune,Immune,Immune,,1,1,1,1,1,,30,1,30,2.308,,1,1,1,1,1,1,1,1,1.5,0
War-Dead Catacombs,Radahn Soldier,43140542,,"1,284",-,,120,120,120,120,120,120,120,120,,0,0,10,-10,0,20,-20,0,,Immune,Immune,Immune,Immune,Immune,Immune,Immune,,1,1,1,1,1,,30,1,30,2.308,,1,1,1,1,1,1,1,1,1.5,0
War-Dead Catacombs,Radahn Soldier,43140642,,"1,284",-,,120,120,120,120,120,120,120,120,,0,0,10,-10,0,20,-20,0,,Immune,Immune,Immune,Immune,Immune,Immune,Immune,,1,1,1,1,1,,30,1,30,2.308,,1,1,1,1,1,1,1,1,1.5,0
War-Dead Catacombs,Radahn Soldier,43142142,,"1,284",-,,120,120,120,120,120,120,120,120,,0,0,10,-10,0,20,-20,0,,Immune,Immune,Immune,Immune,Immune,Immune,Immune,,1,1,1,1,1,,30,1,30,2.308,,1,1,1,1,1,1,1,1,1.5,0
War-Dead Catacombs,Redmane Kngiht,43540342,,"3,852",-,,120,120,120,120,120,120,120,120,,10,10,35,0,20,40,0,20,,Immune,Immune,Immune,Immune,255,Immune,Immune,,1,1,1,1,1,,65,1,65,5,,1,1,1,1,1,1,1,1,1.5,0
War-Dead Catacombs,Redmane Kngiht,43541242,,"3,852",-,,120,120,120,120,120,120,120,120,,10,10,35,0,20,40,0,20,,Immune,Immune,Immune,Immune,255,Immune,Immune,,1,1,1,1,1,,65,1,65,5,,1,1,1,1,1,1,1,1,1.5,0
War-Dead Catacombs,Redmane Kngiht,43542242,,"3,852",-,,120,120,120,120,120,120,120,120,,10,10,35,0,20,40,0,20,,Immune,Immune,Immune,Immune,255,Immune,Immune,,1,1,1,1,1,,65,1,65,5,,1,1,1,1,1,1,1,1,1.5,0
"Weeping Peninsula - Beside the Crater-Pocked Glade, Oridys's Rise",Onyx Lord,36000012,,967,-,,102,102,102,102,102,102,102,102,,10,10,10,10,20,20,20,20,,313,313,313,Immune,227,Immune,Immune,,1,1,1,1,1,,65,1,65,5,,1,1,1,1,1,1,1,1,1.5,0
"Weeping Peninsula - Beside the Crater-Pocked Glade, Oridys's Rise",Starcaller,43800012,,207,-,,102,102,102,102,102,102,102,102,,-10,-10,-10,-10,0,0,0,0,,128,128,170,170,227,Immune,Immune,,1,1,1,1,1,,30,1,30,2.308,,1,1,1,1,1,1,1,1,1.5,0
"Weeping Peninsula - Bridge of Sacrifice, Forest Lookout Tower, Earthbore Cave Entrance",Blaidd the Half-Wolf,20109110,,"1,506",-,,101,101,101,101,101,101,101,101,,10,10,10,0,40,0,20,20,,Immune,Immune,Immune,Immune,Immune,Immune,Immune,,1,1,1,1,1,,80,1,80,6.154,,1,1,1,1,1,1,1,1,1.5,0
"Weeping Peninsula - Bridge of Sacrifice, Forest Lookout Tower, Earthbore Cave Entrance",Giant Ballista,81010012,,869,-,,102,102,102,102,102,102,102,102,,0,-10,10,10,0,-20,0,0,,Immune,Immune,Immune,Immune,Immune,Immune,Immune,,1,1,1,1,1,,-1,1,∞,504.95,,1,1,1,1,1,1,1,1,1.5,0
"Weeping Peninsula - Bridge of Sacrifice, Forest Lookout Tower, Earthbore Cave Entrance",Miranda Sprout,44810500,,0,-,,100,100,100,100,100,100,100,100,,-10,10,-40,-10,-20,-40,20,20,,542,252,252,63,112,Immune,Immune,,1,1,1,1,1,,30,1,30,2.308,,1,1,1,1,1,1,1,1,1.5,1
"Weeping Peninsula - Bridge of Sacrifice, Forest Lookout Tower, Earthbore Cave Entrance",Miranda Sprout,44811012,,152,-,,102,102,102,102,102,102,102,102,,-10,10,-40,-10,-20,-40,20,20,,"1,102",512,512,128,227,Immune,Immune,,1,1,1,1,1,,-1,1,∞,0,,1,1,1,1,1,1,1,1,1.5,1
"Weeping Peninsula - Bridge of Sacrifice, Forest Lookout Tower, Earthbore Cave Entrance",Wandering Noble,43007012,,108,-,,102,102,102,102,102,102,102,102,,-10,-10,-10,-10,-20,-20,-20,0,,Immune,Immune,Immune,Immune,Immune,Immune,Immune,,1,1,1,1,1,,30,1,30,2.308,,1,1,1,1,1,1,1,1,1.5,0
Weeping Peninsula - Castle Morne,Godrick Foot Soldier,43710013,,243,-,,103,103,103,103,103,103,103,103,,0,0,0,-10,0,0,-20,0,,129,129,172,172,172,Immune,Immune,,1,1,1,1,1,,30,1,30,2.308,,1,1,1,1,1,1,1,1,1.5,0
Weeping Peninsula - Castle Morne,Godrick Foot Soldier,43714013,,180,-,,103,103,103,103,103,103,103,103,,0,0,0,-10,0,0,-20,0,,129,129,172,172,172,Immune,Immune,,1,1,1,1,1,,30,1,30,2.308,,1,1,1,1,1,1,1,1,1.5,0
Weeping Peninsula - Castle Morne,Mad Pumpkin Head (Hammer),43401013,,963,-,,103,103,103,103,103,103,103,103,,0,10,-10,0,0,0,-20,0,,229,229,172,172,316,Immune,Immune,,1,1,1,1,1,,65,1,65,5,,1,1,1,1,1,1,1,1,0.2,1
Weeping Peninsula - Castle Morne,Misbegotten,34500013,,317,-,,103,103,103,103,103,103,103,103,,0,0,0,0,0,-20,0,0,,229,229,229,229,229,Immune,Immune,,1,1,1,1,1,,30,1,30,2.308,,1,1,1,1,1,1,1,1,1.5,0
Weeping Peninsula - Castle Morne,Rat,40800013,,268,-,,103,103,103,103,103,103,103,103,,-10,-10,-40,-10,-20,-40,-20,-20,,316,316,172,229,172,Immune,Immune,,1,1,1,1,1,,30,1,30,2.308,,1,1,1,1,1,1,1,1,1.5,0
Weeping Peninsula - Castle Morne,Scaly Misbegotten,34510013,,879,-,,103,103,103,103,103,103,103,103,,0,0,10,-10,0,-20,0,0,,229,229,229,229,229,Immune,Immune,,1,1,1,1,1,,65,1,65,5,,1,1,1,1,1,1,1,1,1.5,0
Weeping Peninsula - Castle Morne,Small Living Mass,41700013,,455,-,,103,103,103,103,103,103,103,103,,80,80,80,80,40,-40,40,40,,517,517,229,229,Immune,Immune,Immune,,1,1,1,1,1,,120,1,120,9.231,,1,1,1,1,1,1,1,1,1.5,1
Weeping Peninsula - Castle Morne,Soldier of Godrick,43110013,,317,-,,103,103,103,103,103,103,103,103,,0,0,10,-10,0,0,-20,0,,172,172,229,229,229,Immune,Immune,,1,1,1,1,1,,30,1,30,2.308,,1,1,1,1,1,1,1,1,1.5,0
Weeping Peninsula - Castle Morne,Soldier of Godrick,43114013,,317,-,,103,103,103,103,103,103,103,103,,0,0,10,-10,0,0,-20,0,,172,172,229,229,229,Immune,Immune,,1,1,1,1,1,,30,1,30,2.308,,1,1,1,1,1,1,1,1,1.5,0
Weeping Peninsula - Castle Morne,Starved Dog,41610013,,268,-,,103,103,103,103,103,103,103,103,,-10,-10,-40,-10,-20,-40,-20,-20,,172,172,172,229,172,Immune,Immune,,1,1,1,1,1,,30,1,30,2.308,,1,1,1,1,1,1,1,1,1.5,0
Weeping Peninsula - Castle Morne,Wandering Noble (Ghost),43009012,,108,-,,102,102,102,102,102,102,102,102,,-10,-10,-10,-10,-20,-20,-20,0,,Immune,Immune,Immune,Immune,Immune,Immune,Immune,,1,1,1,1,1,,30,1,30,2.308,,1,1,1,1,1,1,1,1,1.5,0
Weeping Peninsula - Castle Morne,Winged Misbegotten,34501013,,317,-,,103,103,103,103,103,103,103,103,,0,0,0,0,0,-20,0,0,,229,229,229,229,229,Immune,Immune,,1,1,1,1,1,,30,1,30,2.308,,1,1,1,1,1,1,1,1,1.5,0
Weeping Peninsula - Castle Morne Approach North,Death Rite Bird [Boss],49800012,,"3,769",-,,105,105,105,105,105,105,105,105,,10,-40,10,35,20,20,40,-40,,Immune,521,Immune,Immune,Immune,Immune,Immune,,1,1,1,1,1,,120,1,120,9.231,,1,1,1,1,1,1,1,1,1.5,1
Weeping Peninsula - Castle Morne Approach North,Incantation Teardrop Scarab,41914212,,52,-,,102,102,102,102,102,102,102,102,,10,10,35,35,40,40,40,40,,Immune,Immune,Immune,Immune,Immune,Immune,Immune,,1,1,1,1,1,,30,1,30,2.308,,1,1,1,1,1,1,1,1,1.5,0
Weeping Peninsula - Castle Morne Approach North,Night's Cavalry (Flail) [Boss],31501012,,"1,823",-,,105,105,105,105,105,105,105,105,,35,35,35,10,40,40,20,40,,318,318,521,521,Immune,Immune,Immune,,0.7,0.7,1,1,1,,80,1,80,6.154,,1,1,1,1,1,1,1,1,1.5,0
Weeping Peninsula - Castle Morne Approach North,Night's Cavalry Horse,31600012,,"1,974",-,,105,105,105,105,105,105,105,105,,10,10,0,10,20,20,20,20,,318,318,318,318,Immune,Immune,Immune,,0.7,0.7,1,1,1,,80,1,80,6.154,,1,1,1,1,1,1,1,1,1.5,0
Weeping Peninsula - Castle Morne Approach North,Scaly Misbegotten,34510012,,680,-,,102,102,102,102,102,102,102,102,,0,0,10,-10,0,-20,0,0,,227,227,227,227,227,Immune,Immune,,1,1,1,1,1,,65,1,65,5,,1,1,1,1,1,1,1,1,1.5,0
Weeping Peninsula - Castle Morne Approach Northeast Cliffside,Bear,60310012,,681,-,,100,100,100,100,100,100,100,100,,-40,-40,-40,-40,-40,-100,-40,-40,,63,63,63,63,63,Immune,Immune,,1,1,1,1,1,,-1,1,∞,0,,1,1,1,1,1,1,1,1,1.5,0
Weeping Peninsula - Castle Morne Approach Northwest Cliffside,Bat Harpy,42017412,,630,-,,102,102,102,102,102,102,102,102,,-10,-10,-40,-10,0,0,0,0,,227,227,227,227,170,Immune,Immune,,1,1,1,1,1,,30,1,30,2.308,,1,1,1,1,1,1,1,1,1.5,0
Weeping Peninsula - Castle Morne Approach Northwest Cliffside,Boar,60500012,,82,-,,100,100,100,100,100,100,100,100,,-40,-40,-40,-40,-40,-100,-40,-40,,63,63,63,63,63,Immune,Immune,,1,1,1,1,1,,-1,1,∞,0,,1,1,1,1,1,1,1,1,1.5,0
Weeping Peninsula - Castle Morne Approach Northwest Cliffside,Rat (Frenzied),40800312,,207,-,,102,102,102,102,102,102,102,102,,-10,-10,-40,-10,-20,-40,-20,-20,,313,313,170,227,Immune,Immune,Immune,,1,1,1,1,1,,30,1,30,2.308,,1,1,1,1,1,1,1,1,1.5,0
Weeping Peninsula - Castle Morne Approach South,Giant Crab (Damaged),22720112,,457,-,,102,102,102,102,102,102,102,102,,35,0,35,35,20,20,20,20,,Immune,512,313,170,170,Immune,Immune,,1,1,1,1,1,,80,1,80,6.154,,1,1,1,1,1,1,1,1,1.5,0
Weeping Peninsula - Castle Morne Approach South,Jellyfish,41800112,,285,-,,102,102,102,102,102,102,102,102,,0,35,0,0,20,20,-20,0,,Immune,Immune,Immune,Immune,Immune,Immune,Immune,,1,1,1,1,1,,30,1,30,2.308,,1,1,1,1,1,1,1,1,1.5,0
Weeping Peninsula - Castle Morne Approach South,Putrid Corpse (Maggots),36611012,,481,-,,102,102,102,102,102,102,102,102,,-40,-40,-40,-40,-40,-40,-40,-40,,Immune,227,128,128,128,Immune,Immune,,1,1,1,1,1,,50,1,50,3.846,,1,1,1,1,1,1,1,1,1.5,0
"Weeping Peninsula - Castle Morne Rampart, Ailing Village Outskirts",Ash Teardrop Scarab,41912012,,197,-,,102,102,102,102,102,102,102,102,,10,10,35,35,40,40,40,40,,Immune,Immune,Immune,Immune,Immune,Immune,Immune,,1,1,1,1,1,,30,1,30,2.308,,1,1,1,1,1,1,1,1,1.5,0
"Weeping Peninsula - Castle Morne Rampart, Ailing Village Outskirts",Giant Rat (Frenzied),40900312,,712,-,,102,102,102,102,102,102,102,102,,-10,-10,-40,-10,-20,-40,-20,-20,,313,313,170,227,Immune,Immune,Immune,,1,1,1,1,1,,65,1,65,5,,1,1,1,1,1,1,1,1,1.5,0
"Weeping Peninsula - Castle Morne Rampart, Ailing Village Outskirts",Nomad Mule,32101412,,956,-,,102,102,102,102,102,102,102,102,,-10,0,-10,-10,0,-20,0,0,,227,227,313,313,Immune,Immune,Immune,,1,1,1,1,1,,30,1,30,2.308,,1,1,1,1,1,1,1,1,1.5,0
"Weeping Peninsula - Castle Morne Rampart, Ailing Village Outskirts",Nomadic Merchant,32001412,,"1,642",-,,102,102,102,102,102,102,102,102,,-10,0,-10,-10,0,0,0,0,,227,227,227,313,Immune,Immune,Immune,,1,1,1,1,1,,30,1,30,2.308,,1,1,1,1,1,1,1,1,1.5,0
"Weeping Peninsula - Castle Morne Rampart, Ailing Village Outskirts",Starved Dog,41610012,,207,-,,102,102,102,102,102,102,102,102,,-10,-10,-40,-10,-20,-40,-20,-20,,170,170,170,227,170,Immune,Immune,,1,1,1,1,1,,30,1,30,2.308,,1,1,1,1,1,1,1,1,1.5,0
"Weeping Peninsula - Castle Morne Rampart, Ailing Village Outskirts",Troll Knight,46000012,,"2,435",-,,102,102,102,102,102,102,102,102,,0,0,-10,0,0,0,0,0,,227,227,227,313,40,Immune,Immune,,1,1,1,1,1,,65,1,65,5,,1,1,1,1,1,1,1,1,2,1
"Weeping Peninsula - Church of Pilgrimage, Demi-Human Forest Ruins",Commoner (Ghost),36609012,,134,-,,102,102,102,102,102,102,102,102,,-10,-10,-10,-10,-20,-20,-20,0,,Immune,Immune,Immune,Immune,Immune,Immune,Immune,,1,1,1,1,1,,30,1,30,2.308,,1,1,1,1,1,1,1,1,1.5,0
"Weeping Peninsula - Church of Pilgrimage, Demi-Human Forest Ruins",Demi-Human,41000012,,152,-,,102,102,102,102,102,102,102,102,,-10,-10,-40,-10,-20,-20,-20,-20,,170,170,170,227,170,Immune,Immune,,1,1,1,1,1,,30,1,30,2.308,,1,1,1,1,1,1,1,1,1.5,0
"Weeping Peninsula - Church of Pilgrimage, Demi-Human Forest Ruins",Demi-Human,41002012,,152,-,,102,102,102,102,102,102,102,102,,-10,-10,-40,-10,-20,-20,-20,-20,,170,170,170,227,170,Immune,Immune,,1,1,1,1,1,,30,1,30,2.308,,1,1,1,1,1,1,1,1,1.5,0
"Weeping Peninsula - Church of Pilgrimage, Demi-Human Forest Ruins",Demi-Human Queen,41300012,,"1,166",-,,102,102,102,102,102,102,102,102,,0,0,-10,0,0,-20,0,0,,170,170,227,227,227,Immune,Immune,,1,1,1,1,1,,80,1,80,6.154,,1,1,1,1,1,1,1,1,1.5,0
"Weeping Peninsula - Church of Pilgrimage, Demi-Human Forest Ruins",Large Demi-Human,41010012,,298,-,,102,102,102,102,102,102,102,102,,-10,-10,-40,-10,-20,-20,-20,-20,,170,170,170,227,170,Immune,Immune,,1,1,1,1,1,,30,1,30,2.308,,1,1,1,1,1,1,1,1,1.5,0
"Weeping Peninsula - Church of Pilgrimage, Demi-Human Forest Ruins",Wandering Noble,43000012,,108,-,,102,102,102,102,102,102,102,102,,-10,-10,-10,-10,-20,-20,-20,0,,128,128,170,170,170,Immune,Immune,,1,1,1,1,1,,30,1,30,2.308,,1,1,1,1,1,1,1,1,1.5,0
"Weeping Peninsula - Church of Pilgrimage, Demi-Human Forest Ruins",Wandering Noble,43002012,,108,-,,102,102,102,102,102,102,102,102,,-10,-10,-10,-10,-20,-20,-20,0,,128,128,170,170,170,Immune,Immune,,1,1,1,1,1,,30,1,30,2.308,,1,1,1,1,1,1,1,1,1.5,0
"Weeping Peninsula - Church of Pilgrimage, Demi-Human Forest Ruins",Wandering Noble,43003012,,108,-,,102,102,102,102,102,102,102,102,,-10,-10,-10,-10,-20,-20,-20,0,,128,128,170,170,170,Immune,Immune,,1,1,1,1,1,,30,1,30,2.308,,1,1,1,1,1,1,1,1,1.5,0
"Weeping Peninsula - Church of Pilgrimage, Demi-Human Forest Ruins",Wandering Noble,43005012,,108,-,,102,102,102,102,102,102,102,102,,-10,-10,-10,-10,-20,-20,-20,0,,128,128,170,170,170,Immune,Immune,,1,1,1,1,1,,30,1,30,2.308,,1,1,1,1,1,1,1,1,1.5,0
"Weeping Peninsula - Fourth Church of Marika, Witchbane Ruins",Giant Bat,42000012,,161,-,,102,102,102,102,102,102,102,102,,-10,-10,-40,-10,-20,-20,-20,-20,,170,170,170,170,40,Immune,Immune,,1,1,1,1,1,,30,1,30,2.308,,1,1,1,1,1,1,1,1,1.5,0
"Weeping Peninsula - Fourth Church of Marika, Witchbane Ruins",Gull,60700012,,27,-,,100,100,100,100,100,100,100,100,,-40,-40,-40,-40,-40,-100,-40,-40,,63,63,63,63,63,Immune,Immune,,1,1,1,1,1,,-1,1,∞,0,,1,1,1,1,1,1,1,1,1.5,0
"Weeping Peninsula - Fourth Church of Marika, Witchbane Ruins",Marionette,38500012,,229,-,,102,102,102,102,102,102,102,102,,0,-10,10,10,0,-20,0,0,,Immune,Immune,Immune,Immune,Immune,Immune,Immune,,1,1,1,1,1,,30,1,30,2.308,,1,1,1,1,1,1,1,1,1,0
"Weeping Peninsula - Fourth Church of Marika, Witchbane Ruins",Marionette,38501012,,229,-,,102,102,102,102,102,102,102,102,,0,-10,10,10,0,-20,0,0,,Immune,Immune,Immune,Immune,Immune,Immune,Immune,,1,1,1,1,1,,30,1,30,2.308,,1,1,1,1,1,1,1,1,1,0
"Weeping Peninsula - Fourth Church of Marika, Witchbane Ruins",Marionette,38502012,,229,-,,102,102,102,102,102,102,102,102,,0,-10,10,10,0,-20,0,0,,Immune,Immune,Immune,Immune,Immune,Immune,Immune,,1,1,1,1,1,,30,1,30,2.308,,1,1,1,1,1,1,1,1,1,0
"Weeping Peninsula - Fourth Church of Marika, Witchbane Ruins",Mausoleum Soldier,43150012,,245,-,,102,102,102,102,102,102,102,102,,0,0,10,-10,0,0,-20,-20,,Immune,Immune,Immune,Immune,Immune,Immune,Immune,,1,1,1,1,1,,30,1,30,2.308,,1,1,1,1,1,1,1,1,1.5,0
"Weeping Peninsula - Fourth Church of Marika, Witchbane Ruins",Orb of Many Faces,37300112,,759,-,,102,102,102,102,102,102,102,102,,10,10,35,80,80,40,40,20,,Immune,Immune,Immune,Immune,Immune,Immune,Immune,,1,1,1,1,1,,80,1,80,6.154,,1,1,1,1,1,1,1,1,1.5,0
"Weeping Peninsula - Fourth Church of Marika, Witchbane Ruins",Turtle,60900012,,378,-,,100,100,100,100,100,100,100,100,,35,0,35,0,-40,-100,-40,-40,,63,63,63,63,63,Immune,Immune,,1,1,1,1,1,,-1,1,∞,0,,2,1,1,1,1,1,1,1,1.5,1
"Weeping Peninsula - Fourth Church of Marika, Witchbane Ruins",Wandering Noble (Ghost),43009212,,108,-,,102,102,102,102,102,102,102,102,,-10,-10,-10,-10,-20,-20,-20,0,,Immune,Immune,Immune,Immune,Immune,Immune,Immune,,1,1,1,1,1,,30,1,30,2.308,,1,1,1,1,1,1,1,1,1.5,0
Weeping Peninsula - Impaler's Catacombs Entrance,Dragonfly,60810012,,17,-,,100,100,100,100,100,100,100,100,,-40,-40,-10,-40,-40,-100,-40,-40,,84,84,63,20,63,Immune,Immune,,1,1,1,1,1,,-1,1,∞,0,,1,1,1,1,1,1,1,1,1.5,0
Weeping Peninsula - Impaler's Catacombs Entrance,Soldier of Godrick,43110912,,245,-,,102,102,102,102,102,102,102,102,,0,0,10,-10,0,0,-20,0,,170,170,227,227,227,Immune,Immune,,1,1,1,1,1,,30,1,30,2.308,,1,1,1,1,1,1,1,1,1.5,0
Weeping Peninsula - Isolated Merchant's Shack,Crab,22710012,,35,-,,102,102,102,102,102,102,102,102,,10,-40,10,10,0,0,0,0,,170,170,227,128,128,Immune,Immune,,1,1,1,1,1,,30,1,30,2.308,,1,1,1,1,1,1,1,1,1.5,0
Weeping Peninsula - Isolated Merchant's Shack,Goat,60600012,,55,-,,100,100,100,100,100,100,100,100,,-40,-40,-40,-40,-40,-100,-40,-40,,63,63,63,63,63,Immune,Immune,,1,1,1,1,1,,-1,1,∞,0,,1,1,1,1,1,1,1,1,1.5,0
Weeping Peninsula - Isolated Merchant's Shack,Isolated Merchant,32001612,,"1,642",-,,102,102,102,102,102,102,102,102,,-10,0,-10,-10,0,0,0,0,,227,227,227,313,Immune,Immune,Immune,,1,1,1,1,1,,30,1,30,2.308,,1,1,1,1,1,1,1,1,1.5,0
Weeping Peninsula - Isolated Merchant's Shack,Nomad Mule,32101612,,956,-,,102,102,102,102,102,102,102,102,,-10,0,-10,-10,0,-20,0,0,,227,227,313,313,Immune,Immune,Immune,,1,1,1,1,1,,30,1,30,2.308,,1,1,1,1,1,1,1,1,1.5,0
Weeping Peninsula - Isolated Merchant's Shack,Putrid Corpse,36610012,,481,-,,102,102,102,102,102,102,102,102,,-40,-40,-40,-40,-40,-40,-40,-40,,128,128,128,128,128,Immune,Immune,,1,1,1,1,1,,50,1,50,3.846,,1,1,1,1,1,1,1,1,1.5,0
Weeping Peninsula - Isolated Merchant's Shack,Springhare,61000012,,27,-,,100,100,100,100,100,100,100,100,,-40,-40,-40,-40,-40,-100,-40,-40,,63,63,63,63,63,Immune,Immune,,1,1,1,1,1,,-1,1,∞,0,,1,1,1,1,1,1,1,1,1.5,0
"Weeping Peninsula - Minor Erdtree, Tombsward Catacombs Entrance, Morne Tunnel Entrance","Commoner (Frenzied, Spear)",36601212,,134,-,,102,102,102,102,102,102,102,102,,-10,-10,-10,-10,-20,-20,-20,0,,128,128,170,170,Immune,Immune,Immune,,1,1,1,1,1,,30,1,30,2.308,,1,1,1,1,1,1,1,1,1.5,0
"Weeping Peninsula - Minor Erdtree, Tombsward Catacombs Entrance, Morne Tunnel Entrance","Commoner (Frenzied, Sword)",36600612,,134,-,,102,102,102,102,102,102,102,102,,-10,-10,-10,-10,-20,-20,-20,0,,128,128,170,170,Immune,Immune,Immune,,1,1,1,1,1,,30,1,30,2.308,,1,1,1,1,1,1,1,1,1.5,0
"Weeping Peninsula - Minor Erdtree, Tombsward Catacombs Entrance, Morne Tunnel Entrance",Deer,60100012,,55,-,,100,100,100,100,100,100,100,100,,-40,-40,-40,-40,-40,-100,-40,-40,,63,63,63,63,63,Immune,Immune,,1,1,1,1,1,,-1,1,∞,0,,1,1,1,1,1,1,1,1,1.5,0
"Weeping Peninsula - Minor Erdtree, Tombsward Catacombs Entrance, Morne Tunnel Entrance",Demi-Human Beastman,41200012,,684,-,,102,102,102,102,102,102,102,102,,-10,-10,-40,-10,-20,-20,-20,-20,,170,170,227,227,170,Immune,Immune,,1,1,1,1,1,,65,1,65,5,,1,1,1,1,1,1,1,1,1.5,0
"Weeping Peninsula - Minor Erdtree, Tombsward Catacombs Entrance, Morne Tunnel Entrance",Erdtree Avatar [Boss],48100012,,"3,163",-,,105,105,105,105,105,105,105,105,,10,0,10,10,20,-40,20,40,,318,318,Immune,231,Immune,Immune,Immune,,1,0.7,1,1,1,,120,1,120,9.231,,1,1,1,1,1,1,1,1,1.5,1
"Weeping Peninsula - Minor Erdtree, Tombsward Catacombs Entrance, Morne Tunnel Entrance",Erdtree Guardian,36500012,,188,-,,102,102,102,102,102,102,102,102,,0,10,-10,0,0,-20,40,40,,313,313,227,170,170,Immune,Immune,,1,1,1,1,1,,55,1,55,4.231,,1,1,1,1,1,1,1,1,1.5,0
"Weeping Peninsula - Minor Erdtree, Tombsward Catacombs Entrance, Morne Tunnel Entrance",Giant Miranda Sprout,44800012,,"2,483",-,,102,102,102,102,102,102,102,102,,0,35,-40,0,0,-40,40,40,,"1,102",512,512,128,227,Immune,Immune,,1,1,1,1,1,,100,1,100,7.692,,1,1,1,1,1,1,1,1,1.5,1
Weeping Peninsula - Morne Moangrave,Crab,22710013,,46,-,,103,103,103,103,103,103,103,103,,10,-40,10,10,0,0,0,0,,172,172,229,129,129,Immune,Immune,,1,1,1,1,1,,30,1,30,2.308,,1,1,1,1,1,1,1,1,1.5,0
Weeping Peninsula - Morne Moangrave,Giant Crab,22700013,,591,-,,103,103,103,103,103,103,103,103,,35,0,35,35,20,20,20,20,,316,316,316,172,172,Immune,Immune,,1,1,1,1,1,,80,1,80,6.154,,1,1,1,1,1,1,1,1,1.5,0
Weeping Peninsula - Morne Moangrave,Jellyfish (Extra Tentacles),41801013,,369,-,,103,103,103,103,103,103,103,103,,0,35,0,0,20,20,-20,0,,Immune,Immune,Immune,Immune,Immune,Immune,Immune,,1,1,1,1,1,,30,1,30,2.308,,1,1,1,1,1,1,1,1,1.5,0
Weeping Peninsula - Morne Moangrave,Leonine Misbegotten [Boss],34600913,,"2,199",-,,103,103,103,103,103,103,103,103,,10,10,0,10,20,0,20,20,,316,316,316,316,316,Immune,Immune,,0.7,0.7,1,1,1,,80,1,80,6.154,,1,1,1,1,1,1,1,1,1.5,0
Weeping Peninsula - North of Fourth Church of Marika,Crimson Teardrop Scarab,41910012,,197,-,,102,102,102,102,102,102,102,102,,10,10,35,35,40,40,40,40,,Immune,Immune,Immune,Immune,Immune,Immune,Immune,,1,1,1,1,1,,30,1,30,2.308,,1,1,1,1,1,1,1,1,1.5,0
Weeping Peninsula - North of Fourth Church of Marika,Giant Land Octopus,42200012,,"2,980",-,,102,102,102,102,102,102,102,102,,80,80,80,80,40,40,20,40,,227,227,227,128,170,Immune,Immune,,1,1,1,1,1,,65,0.4,162.5,5,,2,1,1,1,1,1,1,1,5,1
Weeping Peninsula - Tombsward Ruins,Jellyfish,41800012,,285,-,,102,102,102,102,102,102,102,102,,0,35,0,0,20,20,-20,0,,Immune,Immune,Immune,Immune,Immune,Immune,Immune,,1,1,1,1,1,,30,1,30,2.308,,1,1,1,1,1,1,1,1,1.5,0
Weeping Peninsula - Tombsward Ruins,Noble's Page,37030012,,452,-,,102,102,102,102,102,102,102,102,,0,10,0,0,0,0,0,0,,170,170,227,227,227,Immune,Immune,,1,1,1,1,1,,65,1,65,5,,1,1,1,1,1,1,1,1,1.5,0
Weeping Peninsula - Tombsward Ruins,Rat,40800212,,207,-,,102,102,102,102,102,102,102,102,,-10,-10,-40,-10,-20,-40,-20,-20,,313,313,170,227,170,Immune,Immune,,1,1,1,1,1,,30,1,30,2.308,,1,1,1,1,1,1,1,1,1.5,0
Weeping Peninsula - Tombsward Ruins,Skeleton (Curved Sword),35000012,,189,-,,102,102,102,102,102,102,102,102,,0,-40,10,35,0,20,40,-40,,Immune,227,Immune,Immune,Immune,Immune,Immune,,1,1,1,1,1,,30,1,30,2.308,,0,1,1,1,1,1,1,1,1.5,0
Weeping Peninsula - Tombsward Ruins,Skeleton (Curved Sword),35004012,,189,-,,102,102,102,102,102,102,102,102,,0,-40,10,35,0,20,40,-40,,Immune,227,Immune,Immune,Immune,Immune,Immune,,1,1,1,1,1,,35,1,35,2.692,,0,1,1,1,1,1,1,1,1.5,0
Weeping Peninsula - Tombsward; Weeping Evergaol; Tombsward Cave Entrance,Ancient Hero of Zamor [Boss],71000012,,"2,570",-,,105,105,105,105,105,105,105,105,,10,10,10,0,0,-20,-20,0,,318,318,521,"1,121",231,Immune,Immune,,0.7,0.7,1,1,1,,80,1,80,6.154,,1,1,1,1,1,1,1,1,1.5,0
Weeping Peninsula - Tombsward; Weeping Evergaol; Tombsward Cave Entrance,Demi-Human,41001012,,152,-,,102,102,102,102,102,102,102,102,,-10,-10,-40,-10,-20,-20,-20,-20,,170,170,170,227,170,Immune,Immune,,1,1,1,1,1,,30,1,30,2.308,,1,1,1,1,1,1,1,1,1.5,0
Weeping Peninsula - Tombsward; Weeping Evergaol; Tombsward Cave Entrance,Grey Wolf,40700012,,99,-,,102,102,102,102,102,102,102,102,,-10,-10,-40,-10,-20,-40,-20,-20,,170,170,170,313,170,Immune,Immune,,1,1,1,1,1,,30,1,30,2.308,,1,1,1,1,1,1,1,1,1.5,0
Weeping Peninsula - Tombsward; Weeping Evergaol; Tombsward Cave Entrance,Incantation Teardrop Scarab,41914012,,197,-,,102,102,102,102,102,102,102,102,,10,10,35,35,40,40,40,40,,Immune,Immune,Immune,Immune,Immune,Immune,Immune,,1,1,1,1,1,,30,1,30,2.308,,1,1,1,1,1,1,1,1,1.5,0
Weeping Peninsula - Tombsward; Weeping Evergaol; Tombsward Cave Entrance,Kaiden Sellsword,40500012,,623,-,,102,102,102,102,102,102,102,102,,0,0,0,0,0,0,-20,0,,227,227,227,313,227,Immune,Immune,,1,1,1,1,1,,65,1,65,5,,1,1,1,1,1,1,1,1,1.5,0
Weeping Peninsula - Tombsward; Weeping Evergaol; Tombsward Cave Entrance,Lookout Stone,44300012,,222,-,,102,102,102,102,102,102,102,102,,35,10,35,35,40,40,40,40,,Immune,Immune,Immune,Immune,Immune,Immune,Immune,,1,1,1,1,1,,30,1,30,2.308,,1,1,1,1,1,1,1,1,2,0
Weeping Peninsula - Tombsward; Weeping Evergaol; Tombsward Cave Entrance,Owl,60400012,,27,-,,100,100,100,100,100,100,100,100,,-40,-40,-40,-40,-40,-100,-40,-40,,63,63,63,63,63,Immune,Immune,,1,1,1,1,1,,-1,1,∞,0,,1,1,1,1,1,1,1,1,1.5,0
Weeping Peninsula - Tower of Return,Ballista,81000012,,869,-,,102,102,102,102,102,102,102,102,,0,-10,10,10,0,-20,0,0,,Immune,Immune,Immune,Immune,Immune,Immune,Immune,,1,1,1,1,1,,-1,1,∞,504.95,,1,1,1,1,1,1,1,1,1.5,0
Weeping Peninsula - Tower of Return,Dragonfly,60800012,,17,-,,100,100,100,100,100,100,100,100,,-40,-40,-10,-40,-40,-100,-40,-40,,84,84,63,20,63,Immune,Immune,,1,1,1,1,1,,-1,1,∞,0,,1,1,1,1,1,1,1,1,1.5,0
Weeping Peninsula - Tower of Return,Giant Bat,42000112,,161,-,,102,102,102,102,102,102,102,102,,-10,-10,-40,-10,-20,-20,-20,-20,,170,170,170,170,40,Immune,Immune,,1,1,1,1,1,,30,1,30,2.308,,1,1,1,1,1,1,1,1,1.5,0
Weeping Peninsula - Tower of Return,Godrick Foot Soldier,43710012,,188,-,,102,102,102,102,102,102,102,102,,0,0,0,-10,0,0,-20,0,,128,128,170,170,170,Immune,Immune,,1,1,1,1,1,,30,1,30,2.308,,1,1,1,1,1,1,1,1,1.5,0
Weeping Peninsula - Tower of Return,Godrick Foot Soldier,43710512,,188,-,,102,102,102,102,102,102,102,102,,0,0,0,-10,0,0,-20,0,,128,128,170,170,170,Immune,Immune,,1,1,1,1,1,,30,1,30,2.308,,1,1,1,1,1,1,1,1,1.5,0
Weeping Peninsula - Tower of Return,Godrick Foot Soldier,43711012,,188,-,,102,102,102,102,102,102,102,102,,0,0,0,-10,0,0,-20,0,,128,128,170,170,170,Immune,Immune,,1,1,1,1,1,,30,1,30,2.308,,1,1,1,1,1,1,1,1,1.5,0
Weeping Peninsula - Tower of Return,Godrick Foot Soldier,43711712,,188,-,,102,102,102,102,102,102,102,102,,0,0,0,-10,0,0,-20,0,,128,128,170,170,170,Immune,Immune,,1,1,1,1,1,,30,1,30,2.308,,1,1,1,1,1,1,1,1,1.5,0
Weeping Peninsula - Tower of Return,Godrick Foot Soldier,43714012,,139,-,,102,102,102,102,102,102,102,102,,0,0,0,-10,0,0,-20,0,,128,128,170,170,170,Immune,Immune,,1,1,1,1,1,,30,1,30,2.308,,1,1,1,1,1,1,1,1,1.5,0
Weeping Peninsula - Tower of Return,Godrick Knight,43511112,,737,-,,102,102,102,102,102,102,102,102,,10,10,35,0,20,20,0,20,,227,227,313,313,227,Immune,Immune,,1,1,1,1,1,,65,1,65,5,,1,1,1,1,1,1,1,1,1.5,0
Weeping Peninsula - Tower of Return,Godrick Knight's Horse,43610012,,573,-,,102,102,102,102,102,102,102,102,,0,0,-10,0,0,0,0,0,,227,227,227,227,227,Immune,Immune,,1,1,1,1,1,,65,1,65,5,,1,1,1,1,1,1,1,1,1.5,0
Weeping Peninsula - Tower of Return,Grey Wolf,40702012,,99,-,,102,102,102,102,102,102,102,102,,-10,-10,-40,-10,-20,-40,-20,-20,,170,170,170,313,170,Immune,Immune,,1,1,1,1,1,,30,1,30,2.308,,1,1,1,1,1,1,1,1,1.5,0
Weeping Peninsula - Tower of Return,Hawk,60010012,,27,-,,100,100,100,100,100,100,100,100,,-40,-40,-40,-40,-40,-100,-40,-40,,63,63,63,63,63,Immune,Immune,,1,1,1,1,1,,-1,1,∞,0,,1,1,1,1,1,1,1,1,1.5,0
Weeping Peninsula - Tower of Return,Small Land Octopus,42300012,,147,-,,102,102,102,102,102,102,102,102,,0,10,0,0,-20,-20,-40,-20,,170,170,170,40,128,Immune,Immune,,1,1,1,1,1,,30,1,30,2.308,,1,1,1,1,1,1,1,1,1.5,0
Weeping Peninsula - Tower of Return,Soldier of Godrick,43110012,,245,-,,102,102,102,102,102,102,102,102,,0,0,10,-10,0,0,-20,0,,170,170,227,227,227,Immune,Immune,,1,1,1,1,1,,30,1,30,2.308,,1,1,1,1,1,1,1,1,1.5,0
Weeping Peninsula - Tower of Return,Soldier of Godrick,43111112,,245,-,,102,102,102,102,102,102,102,102,,0,0,10,-10,0,0,-20,0,,170,170,227,227,227,Immune,Immune,,1,1,1,1,1,,30,1,30,2.308,,1,1,1,1,1,1,1,1,1.5,0
Weeping Peninsula - Tower of Return,White Wolf,40710012,,523,-,,102,102,102,102,102,102,102,102,,-10,-10,-40,-10,-20,-40,-20,-20,,170,170,170,313,170,Immune,Immune,,1,1,1,1,1,,50,1,50,3.846,,1,1,1,1,1,1,1,1,1.5,0
West Consecrated Snowfield,Walking Mausoleum,44500052,,0,-,,120,120,120,120,120,120,120,120,,100,100,100,100,100,100,100,100,,Immune,Immune,Immune,Immune,Immune,Immune,Immune,,1,1,1,1,1,,-1,1,∞,0,,1,1,1,1,1,1,1,1,1.5,1
West Limgrave,Troll Knight,46000010,,"2,169",-,,101,101,101,101,101,101,101,101,,0,0,-10,0,0,0,0,0,,226,226,226,310,40,Immune,Immune,,1,1,1,1,1,,65,1,65,5,,1,1,1,1,1,1,1,1,2,1
West Liurnia,Raya Lucaria Foot Soldier,43722020,,333,-,,107,107,107,107,107,107,107,107,,0,0,0,-10,20,0,-20,0,,132,132,176,176,176,Immune,Immune,,1,1,1,1,1,,30,1,30,2.308,,1,1,1,1,1,1,1,1,1.5,0
West Liurnia,Raya Lucaria Foot Soldier,43727020,,333,-,,107,107,107,107,107,107,107,107,,0,0,0,-10,20,0,-20,0,,132,132,176,176,176,Immune,Immune,,1,1,1,1,1,,30,1,30,2.308,,1,1,1,1,1,1,1,1,1.5,0
West Liurnia,Raya Lucaria Soldier,43120120,,435,-,,107,107,107,107,107,107,107,107,,0,0,10,-10,20,0,-20,0,,176,176,235,235,235,Immune,Immune,,1,1,1,1,1,,30,1,30,2.308,,1,1,1,1,1,1,1,1,1.5,0
West Liurnia,Starved Dog (Hairy),41610220,,367,-,,107,107,107,107,107,107,107,107,,-10,-10,-40,-10,-20,-40,-20,-20,,176,176,176,235,176,Immune,Immune,,1,1,1,1,1,,30,1,30,2.308,,1,1,1,1,1,1,1,1,1.5,0
West Liurnia,Troll Knight,46001020,,"3,582",-,,107,107,107,107,107,107,107,107,,0,0,-10,0,0,0,0,0,,235,235,235,324,42,Immune,Immune,,1,1,1,1,1,,45,1,45,3.462,,1,1,1,1,1,1,1,1,2,1
West Liurnia,Wandering Noble,43002020,,192,-,,107,107,107,107,107,107,107,107,,-10,-10,-10,-10,-20,-20,-20,0,,132,132,176,176,176,Immune,Immune,,1,1,1,1,1,,30,1,30,2.308,,1,1,1,1,1,1,1,1,1.5,0
West Weeping Peninsula,Walking Mausoleum,44500012,,0,-,,102,102,102,102,102,102,102,102,,100,100,100,100,100,100,100,100,,Immune,Immune,Immune,Immune,Immune,Immune,Immune,,1,1,1,1,1,,-1,1,∞,0,,1,1,1,1,1,1,1,1,1.5,1
Wyndham Catacombs,Burial Watchdog (Lightning Tail) [Boss],42602932,,"3,419",-,,111,111,111,111,111,111,111,111,,35,10,35,35,40,40,40,40,,Immune,Immune,Immune,Immune,Immune,Immune,Immune,,1,1,1,1,1,,80,1,80,6.154,,1,1,1,1,1,1,1,1,1,0
Wyndham Catacombs,Giant Crab,22700032,,"1,160",-,,111,111,111,111,111,111,111,111,,35,0,35,35,20,20,20,20,,332,332,332,181,181,Immune,Immune,,1,1,1,1,1,,80,1,80,6.154,,1,1,1,1,1,1,1,1,1.5,0
Wyndham Catacombs,Imp (Fanged),30801232,,559,-,,111,111,111,111,111,111,111,111,,10,0,35,35,20,40,40,40,,Immune,Immune,Immune,Immune,Immune,Immune,Immune,,1,1,1,1,1,,30,1,30,2.308,,1,1,1,1,1,1,1,1,1.5,0
Wyndham Catacombs,Imp (Wolf),30806032,,559,-,,111,111,111,111,111,111,111,111,,10,0,35,35,20,40,40,40,,Immune,Immune,Immune,Immune,Immune,Immune,Immune,,1,1,1,1,1,,35,1,35,2.692,,1,1,1,1,1,1,1,1,1.5,0
Wyndham Catacombs,Leyndell Knight,43530032,,"1,872",-,,111,111,111,111,111,111,111,111,,10,10,35,0,20,20,40,20,,241,241,332,332,241,Immune,Immune,,1,1,1,1,1,,65,1,65,5,,1,1,1,1,1,1,1,1,1.5,0
Wyndham Catacombs,Putrid Corpse,36610032,,"1,222",-,,111,111,111,111,111,111,111,111,,-40,-40,-40,-40,-40,-40,-40,-40,,135,135,135,135,135,Immune,Immune,,1,1,1,1,1,,50,1,50,3.846,,1,1,1,1,1,1,1,1,1.5,0
Wyndham Catacombs,Small Living Mass,41700032,,893,-,,111,111,111,111,111,111,111,111,,80,80,80,80,40,-40,40,40,,543,543,241,241,Immune,Immune,Immune,,1,1,1,1,1,,120,1,120,9.231,,1,1,1,1,1,1,1,1,1.5,1
Yelough Anix Tunnel,"Astel, Naturalborn of the Void [Boss]",46209152,,"4,200",-,,120,120,120,120,120,120,120,120,,10,10,10,10,40,40,40,40,,601,601,601,Immune,Immune,Immune,Immune,,0.7,1,1,1,1,,-1,1,∞,0,,1.2,0.8,0.8,0.6,1,1,1,1,1.5,1
Yelough Anix Tunnel,"Astel, Stars of Darkness [Boss]",46200952,,"18,617",-,,120,120,120,120,120,120,120,120,,10,10,10,10,40,40,40,40,,601,601,601,Immune,Immune,Immune,Immune,,0.7,1,1,1,1,,120,1,120,9.231,,1.2,0.8,0.8,0.6,1,1,1,1,1.5,1
Yelough Anix Tunnel,Onyx Lord,36000052,,"5,190",-,,120,120,120,120,120,120,120,120,,10,10,10,10,20,20,20,20,,367,367,367,Immune,267,Immune,Immune,,1,1,1,1,1,,65,1,65,5,,1,1,1,1,1,1,1,1,1.5,0
Yelough Anix Tunnel,Onyx Lord,36001052,,"5,190",-,,120,120,120,120,120,120,120,120,,10,10,10,10,20,20,20,20,,367,367,367,Immune,267,Immune,Immune,,1,1,1,1,1,,65,1,65,5,,1,1,1,1,1,1,1,1,1.5,0
Yelough Anix Tunnel,Tunnel Miner,43820052,,639,-,,120,120,120,120,120,120,120,120,,80,35,80,80,20,40,40,20,,601,367,367,367,267,Immune,Immune,,1,1,1,1,1,,65,1,65,5,,1,1,1,1,1,1,1,1,1.5,0
Yelough Anix Tunnel,Tunnel Miner,43821052,,639,-,,120,120,120,120,120,120,120,120,,80,35,80,80,20,40,40,20,,601,367,367,367,267,Immune,Immune,,1,1,1,1,1,,65,1,65,5,,1,1,1,1,1,1,1,1,1.5,0
Yelough Anix Tunnel,Tunnel Miner,43827052,,639,-,,120,120,120,120,120,120,120,120,,80,35,80,80,20,40,40,20,,601,367,367,367,267,Immune,Immune,,1,1,1,1,1,,65,1,65,5,,1,1,1,1,1,1,1,1,1.5,0
[DLC] Abyssal Woods,"Jori, Elder Inquisitor [Boss]",53120086,,"30,506",-,,124,124,124,124,124,124,124,124,,10,10,-20,0,10,-20,10,10,,319,319,319,319,179,Immune,999,,0.5,0.5,1,1,0.5,,80,1,80,6.154,,1,1,1,1,1,1,1,1,1.5,0
[DLC] Abyssal Woods,"Midra, Lord of Frenzied Flame [Boss]",50510086,,"47,171",-,,124,124,124,124,124,124,124,124,,20,20,0,20,20,40,20,20,,726,726,443,443,Immune,Immune,Immune,,0.65,0.65,1,1,0.5,,80,1,80,6.154,,1,1,1,1,1,1,1,1,1.5,0
[DLC] Ancient Ruins of Rauh,Divine Beast Dancing Lion [Boss],52100094,,"32,838",-,,124,124,124,124,124,124,124,124,,30,30,20,0,40,0,40,40,,443,322,322,726,Immune,Immune,Immune,,0.5,0.5,1,1,0.5,,120,1,120,9.231,,1,1,1,1,1,1,1,1,1.5,0
[DLC] Ancient Ruins of Rauh,Furnace Golem,51702094,,"210,500",-,,124,124,124,124,124,124,124,124,,20,20,40,40,20,80,20,40,,Immune,Immune,Immune,Immune,Immune,Immune,Immune,,1,1,1,1,0,,300,1,300,0.018,,1.3,1,1,1,0,0,0,0,0,1
[DLC] Ancient Ruins of Rauh,Hippopotamus,50110094,,"18,524",-,,124,124,124,124,124,124,124,124,,0,0,-10,0,0,-20,-20,0,,434,434,711,711,"2,820",Immune,Immune,,1,1,1,1,0.5,,80,1,80,6.154,,1,1,1,1,1,1,1,1,1.5,0
[DLC] Ancient Ruins of Rauh,"Romina, Saint of the Bud [Boss]",50300094,,"35,798",-,,124,124,124,124,124,124,124,124,,20,20,40,20,20,0,20,20,,Immune,Immune,443,322,Immune,Immune,Immune,,0.5,0.5,1,1,0.5,,80,1,80,6.154,,1,1,1,1,1,1,1,1,1,1
[DLC] Belurat Gaol,Demi-Human Swordmaster Onze [Boss],58100980,,"14,883",-,,121,121,121,121,121,121,121,121,,0,0,-20,0,0,-20,0,0,,210,210,280,280,Immune,Immune,Immune,,0.5,0.5,1,1,0.5,,65,1,65,5,,1,1,1,1,1,1,1,1,1.5,0
"[DLC] Belurat, Tower Settlement",Curseblade,50400088,,"6,588",-,,121,121,121,121,121,121,121,121,,0,0,-20,0,0,0,0,0,,284,284,284,284,160,Immune,Immune,,1,1,1,1,1,,85,1,85,6.538,,1,1,1,1,1,1,1,1,1.5,0
"[DLC] Belurat, Tower Settlement",Divine Beast Dancing Lion [Boss],52100088,,"22,571",-,,122,122,122,122,122,122,122,122,,30,30,20,0,40,0,40,40,,403,293,293,659,Immune,Immune,Immune,,0.5,0.5,1,1,0.5,,120,1,120,9.231,,1,1,1,1,1,1,1,1,1.5,0
[DLC] Bonny Gaol,Curseblade Labirith [Boss],50400190,,"8,426",-,,122,122,122,122,122,122,122,122,,0,0,-20,0,0,0,0,0,,294,294,294,294,165,Immune,Immune,,0.5,0.5,1,1,0.5,,85,1,85,6.538,,1,1,1,1,1,1,1,1,1.5,0
[DLC] Castle Ensis,Black Knight (Great Hammer),58400082,,"4,960",-,,122,122,122,122,122,122,122,122,,20,20,40,0,20,20,-40,20,,293,293,403,403,293,Immune,Immune,,1,1,1,1,1,,65,1,65,5,,1,1,1,1,1,1,1,1,1.5,0
[DLC] Castle Ensis,"Rellana, Twin Moon Knight [Boss]",53000082,,"29,723",-,,123,123,123,123,123,123,123,123,,20,20,40,0,40,25,0,20,,296,296,407,407,296,Immune,Immune,,0.65,0.65,1,1,0.5,,120,1,120,9.231,,1,1,1,1,1,1,1,1,1.5,0
[DLC] Cerulean Coast,Death Rite Bird [Boss],62601084,,"28,905",-,,123,123,123,123,123,123,123,123,,10,-40,10,35,20,20,40,-40,,Immune,689,Immune,Immune,Immune,Immune,Immune,,1,1,1,1,0.5,,120,1,120,9.231,,1,1,1,1,1,1,1,1,1.5,1
[DLC] Cerulean Coast,Demi-Human Queen Marigga [Boss],57300083,,"9,793",-,,123,123,123,123,123,123,123,123,,0,0,-10,0,0,-20,0,0,,222,222,296,296,296,Immune,Immune,,0.5,0.5,1,1,0.5,,80,1,80,6.154,,1,1,1,1,1,1,1,1,1.5,0
[DLC] Cerulean Coast,Furnace Golem,51700083,,"124,000",-,,122,122,122,122,122,122,122,122,,20,20,40,40,20,80,20,40,,Immune,Immune,Immune,Immune,Immune,Immune,Immune,,1,1,1,1,0,,300,1,300,0.018,,1.3,1,1,1,0,0,0,0,0,1
[DLC] Cerulean Coast,Ghostflame Dragon [Boss],58600090,,"41,929",-,,123,123,123,123,123,123,123,123,,35,10,45,40,60,40,40,-10,,Immune,681,Immune,Immune,Immune,Immune,Immune,,1,1,1,1,0.5,,120,1,120,9.231,,1,1,1,1,1,1,1,1,1.65,1
[DLC] Charo's Hidden Grave,Black Knight (Great Hammer),58400098,,"5,864",-,,123,123,123,123,123,123,123,123,,20,20,40,0,20,20,-40,20,,303,303,416,416,303,Immune,Immune,,1,1,1,1,1,,65,1,65,5,,1,1,1,1,1,1,1,1,1.5,0
[DLC] Charo's Hidden Grave,Black Knight (Greatbow & Twinblade),58400195,,"5,504",-,,123,123,123,123,123,123,123,123,,20,20,40,0,20,20,-40,20,,296,296,407,407,296,Immune,Immune,,1,1,1,1,1,,65,1,65,5,,1,1,1,1,1,1,1,1,1.5,0
[DLC] Charo's Hidden Grave,Furnace Golem,51701084,,"137,600",-,,123,123,123,123,123,123,123,123,,20,20,40,40,20,80,20,40,,Immune,Immune,Immune,Immune,Immune,Immune,Immune,,1,1,1,1,0,,300,1,300,0.018,,1.3,1,0,0,0,0,0,0,0,1
[DLC] Charo's Hidden Grave,Hippopotamus,50110084,,"15,136",-,,123,123,123,123,123,123,123,123,,0,0,-10,0,0,-20,-20,0,,407,407,667,667,"2,644",Immune,Immune,,1,1,1,1,0.5,,80,1,80,6.154,,1,1,1,1,1,1,1,1,1.5,0
[DLC] Ellac River,Black Knight (Great Hammer),58400081,,"4,408",-,,122,122,122,122,122,122,122,122,,20,20,40,0,20,20,-40,20,,288,288,396,396,288,Immune,Immune,,1,1,1,1,1,,65,1,65,5,,1,1,1,1,1,1,1,1,1.5,0
[DLC] Ellac River,Curseblade,50400081,,"7,231",-,,122,122,122,122,122,122,122,122,,0,0,-20,0,0,0,0,0,,288,288,288,288,162,Immune,Immune,,1,1,1,1,1,,85,1,85,6.538,,1,1,1,1,1,1,1,1,1.5,0
[DLC] Enir-Ilim,Promised Consort Radahn [Boss],52200089,,"46,134",-,,125,125,125,125,125,125,125,125,,40,40,40,20,40,40,40,0,,733,326,733,733,Immune,Immune,Immune,,0.65,0.65,1,1,0.35,,120,1,120,6.154,,1,1,1,1,1,1,1,1,1.5,0
[DLC] Enir-Ilim,"Radahn, Consort of Miquella [Boss]",52201089,,"46,134",-,,125,125,125,125,125,125,125,125,,40,40,40,20,40,40,40,40,,733,733,733,733,Immune,Immune,Immune,,0.65,0.65,1,1,0.35,,120,1,120,6.154,,1,1,1,1,1,1,1,1,1.5,0
[DLC] Finger Birthing Grounds,"Metyr, Mother of Fingers [Boss]",52000097,,"43,296",-,,124,124,124,124,124,124,124,124,,20,20,0,20,40,40,40,40,,726,726,443,726,Immune,Immune,Immune,,0.65,0.65,1,1,0.35,,120,1,120,9.231,,0.8,0.8,0.8,0.8,0.8,0.8,0.8,0.8,1.5,1
[DLC] Finger Ruins of Dheo,Fallingstar Beast [Boss],63101093,,"26,679",-,,124,124,124,124,124,124,124,124,,35,35,35,35,20,20,20,20,,726,726,Immune,Immune,Immune,Immune,Immune,,1,1,1,1,0.5,,100,1,100,7.692,,1,1,1,1,1,1,1,1,1.5,1
[DLC] Fog Rift Catacombs,Death Knight (Twin Axes) [Boss],50700081,,"19,285",-,,122,122,122,122,122,122,122,122,,40,40,40,20,40,20,40,0,,648,648,Immune,648,648,Immune,Immune,,1,0.5,1,1,0.5,,80,1,80,6.154,,1,1,1,1,1,1,1,1,1.3,0
[DLC] Fog Rift Fort,Black Knight Garrew [Boss],58400590,,"19,584",-,,123,123,123,123,123,123,123,123,,20,20,40,0,20,20,-40,20,,303,303,416,416,303,Immune,Immune,,0.5,0.5,1,1,0.5,,65,1,65,5,,1,1,1,1,1,1,1,1,1.5,0
[DLC] Foot of the Jagged Peak,Jagged Peak Drake [Boss],55800084,,"31,941",-,,123,123,123,123,123,123,123,123,,35,35,35,10,40,40,40,40,,689,689,689,689,Immune,Immune,Immune,,0.5,0.5,1,1,0.5,,120,1,120,9.231,,1,1,1,1,1,1,1,1,1.5,1
[DLC] Fort of Reprimand,Black Knight Edredd [Boss],58400690,,"19,584",-,,123,123,123,123,123,123,123,123,,20,20,40,0,20,20,-40,20,,303,303,416,416,303,Immune,Immune,,0.5,0.5,1,1,0.5,,65,1,65,5,,1,1,1,1,1,1,1,1,1.5,0
[DLC] Gravesite Plain,Black Knight (Great Hammer),58400080,,"3,608",-,,121,121,121,121,121,121,121,121,,20,20,40,0,20,20,-40,20,,280,280,385,385,280,Immune,Immune,,1,1,1,1,1,,65,1,65,5,,1,1,1,1,1,1,1,1,1.5,0
[DLC] Gravesite Plain,Curseblade,50400080,,"5,919",-,,121,121,121,121,121,121,121,121,,0,0,-20,0,0,0,0,0,,280,280,280,280,157,Immune,Immune,,1,1,1,1,1,,85,1,85,6.538,,1,1,1,1,1,1,1,1,1.5,0
[DLC] Gravesite Plain,Furnace Golem,51700080,,"90,200",-,,121,121,121,121,121,121,121,121,,20,20,40,40,20,80,20,40,,Immune,Immune,Immune,Immune,Immune,Immune,Immune,,1,1,1,1,0,,300,1,300,0.018,,1.3,1,1,1,0,0,0,0,0,1
[DLC] Gravesite Plain,Ghostflame Dragon [Boss],58600080,,"31,518",-,,122,122,122,122,122,122,122,122,,35,10,45,40,60,40,40,-10,,Immune,648,Immune,Immune,Immune,Immune,Immune,,1,1,1,1,0.5,,120,1,120,9.231,,1,1,1,1,1,1,1,1,1.65,1
[DLC] Hinterland,Tree Sentinel (Shield) [Boss],62510093,,"24,593",-,,124,124,124,124,124,124,124,124,,10,10,35,10,20,40,0,40,,443,443,726,726,443,Immune,Immune,,0.5,0.5,1,1,0.5,,80,1,80,6.154,,1,1,1,1,1,1,1,1,1.5,0
[DLC] Hinterland,Tree Sentinel (Torch) [Boss],62511093,,"20,492",-,,124,124,124,124,124,124,124,124,,10,10,35,10,20,40,0,40,,443,443,726,726,443,Immune,Immune,,0.5,0.5,1,1,0.5,,80,1,80,6.154,,1,1,1,1,1,1,1,1,1.5,0
[DLC] Jagged Peak,Ancient Dragon Senessax [Boss],53701185,,"45,551",-,,125,125,125,125,125,125,125,125,,35,35,35,10,40,40,80,40,,733,733,733,733,Immune,Immune,Immune,,0.5,0.5,1,1,0.5,,120,0.2,600,9.231,,2,1,1,1,1,1,1,1,2,1
[DLC] Jagged Peak,Bayle The Dread [Boss],51200085,,"41,612",-,,125,125,125,125,125,125,125,125,,35,35,35,10,40,40,40,40,,744,744,744,744,Immune,Immune,Immune,,0.65,0.65,1,1,0.35,,120,1,120,9.231,,0.6,0.75,1,1,1,1,1,1,1.5,1
[DLC] Jagged Peak,Jagged Peak Drake,55800085,,"38,109",-,,124,124,124,124,124,124,124,124,,35,35,35,10,40,40,40,40,,726,726,726,726,Immune,Immune,Immune,,0.5,0.5,1,1,0.5,,120,1,120,9.231,,1,1,1,1,1,1,1,1,1.5,1
[DLC] Jagged Peak,Jagged Peak Drake [Boss],55800985,,"39,377",-,,125,125,125,125,125,125,125,125,,35,35,35,10,40,40,40,40,,733,733,733,733,Immune,Immune,Immune,,0.5,0.5,1,1,0.5,,120,1,120,9.231,,1,1,1,1,1,1,1,1,1.5,1
[DLC] Jagged Peak/Enir-Ilim/Finger Birthing Grounds,Curseblade,50400089,,"11,838",-,,124,124,124,124,124,124,124,124,,0,0,-20,0,0,0,0,0,,322,322,322,322,181,Immune,Immune,,1,1,1,1,1,,85,1,85,6.538,,1,1,1,1,1,1,1,1,1.5,0
[DLC] Rauh Base,Rugalea the Great Red Bear [Boss],58200095,,"30,535",-,,123,123,123,123,123,123,123,123,,0,0,-10,0,0,-20,0,0,,421,421,689,689,229,Immune,Immune,,0.5,0.5,0.7,1,0.5,,120,1,120,9.231,,1,1,1,1,1,1,1,1,1.5,0
[DLC] Recluses' River,Hippopotamus,50110091,,"16,632",-,,123,123,123,123,123,123,123,123,,0,0,-10,0,0,-20,-20,0,,421,421,689,689,"2,732",Immune,Immune,,1,1,1,1,0.5,,80,1,80,6.154,,1,1,1,1,1,1,1,1,1.5,0
[DLC] Scadu Altus,Black Knight (Great Hammer),58400090,,"5,136",-,,122,122,122,122,122,122,122,122,,20,20,40,0,20,20,-40,20,,294,294,405,405,294,Immune,Immune,,1,1,1,1,1,,65,1,65,5,,1,1,1,1,1,1,1,1,1.5,0
[DLC] Scadu Altus,Black Knight (Great Hammer),58400290,,"5,136",-,,122,122,122,122,122,122,122,122,,20,20,40,0,20,20,-40,20,,294,294,405,405,294,Immune,Immune,,1,1,1,1,1,,65,1,65,5,,1,1,1,1,1,1,1,1,1.5,0
[DLC] Scadu Altus,Black Knight (Greatbow & Twinblade),58400190,,"5,136",-,,122,122,122,122,122,122,122,122,,20,20,40,0,20,20,-40,20,,294,294,405,405,294,Immune,Immune,,1,1,1,1,1,,65,1,65,5,,1,1,1,1,1,1,1,1,1.5,0
[DLC] Scadu Altus,Black Knight (Greatbow & Twinblade),58400390,,"5,136",-,,122,122,122,122,122,122,122,122,,20,20,40,0,20,20,-40,20,,294,294,405,405,294,Immune,Immune,,1,1,1,1,1,,65,1,65,5,,1,1,1,1,1,1,1,1,1.5,0
[DLC] Scadu Altus,Curseblade,50400090,,"8,426",-,,122,122,122,122,122,122,122,122,,0,0,-20,0,0,0,0,0,,294,294,294,294,165,Immune,Immune,,1,1,1,1,1,,85,1,85,6.538,,1,1,1,1,1,1,1,1,1.5,0
[DLC] Scadu Altus,Furnace Golem,51700090,,"128,400",-,,122,122,122,122,122,122,122,122,,20,20,40,40,20,80,20,40,,Immune,Immune,Immune,Immune,Immune,Immune,Immune,,1,1,1,1,0,,300,1,300,0.018,,1.3,1,1,1,0,0,0,0,0,1
[DLC] Scadu Altus,Furnace Golem,51701090,,"128,400",-,,122,122,122,122,122,122,122,122,,20,20,40,40,20,80,20,40,,Immune,Immune,Immune,Immune,Immune,Immune,Immune,,1,1,1,1,0,,300,1,300,0.018,,1.3,1,0,0,0,0,0,0,0,1
[DLC] Scadu Altus,Ghostflame Dragon [Boss],58600083,,"39,355",-,,123,123,123,123,123,123,123,123,,35,10,45,40,60,40,40,-10,,Immune,667,Immune,Immune,Immune,Immune,Immune,,1,1,1,1,0.5,,120,1,120,9.231,,1,1,1,1,1,1,1,1,1.65,1
[DLC] Scadu Altus,Ralva the Great Red Bear [Boss],58200090,,"29,606",-,,123,123,123,123,123,123,123,123,,0,0,-10,0,0,-20,0,0,,416,416,681,681,227,Immune,Immune,,0.5,0.5,0.7,1,0.5,,120,1,120,9.231,,1,1,1,1,1,1,1,1,1.5,0
[DLC] Scadu Altus,Ralva the Great Red Bear [Boss],58200990,,"29,606",-,,123,123,123,123,123,123,123,123,,0,0,-10,0,0,-20,0,0,,416,416,681,681,227,Immune,Immune,,0.5,0.5,0.7,1,0.5,,120,1,120,9.231,,1,1,1,1,1,1,1,1,1.5,0
[DLC] Scadutree Base,Curseblade,50400091,,"9,922",-,,123,123,123,123,123,123,123,123,,0,0,-20,0,0,0,0,0,,306,306,306,306,172,Immune,Immune,,1,1,1,1,1,,85,1,85,6.538,,1,1,1,1,1,1,1,1,1.5,0
[DLC] Scadutree Base,Furnace Golem,51700091,,"151,200",-,,123,123,123,123,123,123,123,123,,20,20,40,40,20,80,20,40,,Immune,Immune,Immune,Immune,Immune,Immune,Immune,,1,1,1,1,0,,300,1,300,0.018,,1.3,1,1,1,0,0,0,0,0,1
[DLC] Scadutree Base,Scadutree Avatar (Phase 1) [Boss],52300096,,"7,560",-,,123,123,123,123,123,123,123,123,,20,0,20,20,40,-40,20,40,,421,421,Immune,306,Immune,Immune,Immune,,1,0.5,1,1,0.5,,120,1,120,9.231,,1,0.3,1,1,1,1,1,1,1.5,1
[DLC] Scadutree Base,Scadutree Avatar (Phase 1) [Boss],52300196,,"7,560",-,,123,123,123,123,123,123,123,123,,20,0,20,20,40,-40,20,40,,421,421,Immune,306,Immune,Immune,Immune,,1,0.5,1,1,0.5,,120,1,120,9.231,,1,0.3,1,1,1,1,1,1,1.5,1
[DLC] Scadutree Base,Scadutree Avatar (Phase 2) [Boss],52300296,,"13,608",-,,123,123,123,123,123,123,123,123,,20,0,20,20,40,-40,20,40,,421,421,Immune,306,Immune,Immune,Immune,,1,0.5,1,1,0.5,,120,1,120,9.231,,1,0.3,1,1,1,1,1,1,1.5,1
[DLC] Scadutree Base,Scadutree Avatar (Phase 3) [Boss],52300396,,"12,403",-,,123,123,123,123,123,123,123,123,,20,0,20,20,40,-40,20,40,,421,421,Immune,306,Immune,Immune,Immune,,1,0.5,1,1,0.5,,120,1,120,9.231,,1,0.3,1,1,1,1,1,1,1.5,1
[DLC] Scadutree Base,Scadutree Avatar (Phase 3) [Boss],52300496,,"13,608",-,,123,123,123,123,123,123,123,123,,20,0,20,20,40,-40,20,40,,421,421,Immune,306,Immune,Immune,Immune,,1,0.5,1,1,0.5,,120,1,120,9.231,,1,0.3,1,1,1,1,1,1,1.5,1
[DLC] Scaduview,Commander Gaius [Boss],50000092,,"33,871",-,,123,123,123,123,123,123,123,123,,20,20,40,20,20,0,0,-20,,425,425,696,696,"2,761",Immune,Immune,,0.5,0.5,1,1,0.5,,100,1,100,6.154,,1,1,1,1,1,1,1,1,1.5,0
[DLC] Scaduview/Ancient Ruins of Rauh,Curseblade,50400094,,"11,051",-,,124,124,124,124,124,124,124,124,,0,0,-20,0,0,0,0,0,,316,316,316,316,177,Immune,Immune,,1,1,1,1,1,,85,1,85,6.538,,1,1,1,1,1,1,1,1,1.5,0
[DLC] Scaduview/Ancient Ruins of Rauh,Curseblade,50400494,,"11,051",-,,124,124,124,124,124,124,124,124,,0,0,-20,0,0,0,0,0,,316,316,316,316,177,Immune,Immune,,1,1,1,1,1,,85,1,85,6.538,,1,1,1,1,1,1,1,1,1.5,0
[DLC] Scorpion River Catacombs,Death Knight (Longhaft Axe) [Boss],50701095,,"24,080",-,,123,123,123,123,123,123,123,123,,40,40,40,20,40,20,40,0,,667,667,Immune,667,667,Immune,Immune,,1,0.5,1,1,0.5,,80,1,80,6.154,,1,1,1,1,1,1,1,1,1.3,0
[DLC] Shadow Keep,Base Serpent Messmer [Boss],51301099,,"38,981",-,,124,124,124,124,124,124,124,124,,20,20,0,20,20,40,20,0,,434,434,434,316,Immune,Immune,Immune,,0.65,0.65,1,1,0.35,,120,1,120,9.231,,1,1,1,1,1,1,1,1,1.5,0
[DLC] Shadow Keep,Black Knight (Greatbow & Twinblade),58400198,,"5,864",-,,123,123,123,123,123,123,123,123,,20,20,40,0,20,20,-40,20,,303,303,416,416,303,Immune,Immune,,1,1,1,1,1,,65,1,65,5,,1,1,1,1,1,1,1,1,1.5,0
[DLC] Shadow Keep,Black Knight (Greatbow & Twinblade),58400398,,"5,864",-,,123,123,123,123,123,123,123,123,,20,20,40,0,20,20,-40,20,,303,303,416,416,303,Immune,Immune,,1,1,1,1,1,,65,1,65,5,,1,1,1,1,1,1,1,1,1.5,0
[DLC] Shadow Keep,Golden Hippopotamus [Boss],50100098,,"33,866",-,,123,123,123,123,123,123,123,123,,0,0,-10,0,0,-20,-20,0,,416,416,681,681,"2,703",Immune,Immune,,0.5,0.5,1,1,0.5,,80,1,80,6.154,,1,1,1,1,1,1,1,1,1.5,0
[DLC] Shadow Keep,Messmer the Impaler [Boss],51300099,,"38,981",-,,124,124,124,124,124,124,124,124,,20,20,0,20,20,40,20,40,,434,434,434,434,Immune,Immune,Immune,,0.65,0.65,1,1,0.35,,120,1,120,9.231,,1,1,1,1,1,1,1,1,1.5,0
[DLC] Stone Coffin Fissure,Putrescent Knight (Phase 1) [Boss],50200087,,"20,612",-,,123,123,123,123,123,123,123,123,,20,0,40,40,20,0,0,-20,,Immune,306,Immune,Immune,"2,732",Immune,Immune,,1,1,1,1,0.5,,100,1,100,7.692,,1,1,1,1,1,1,1,1,1.5,0
[DLC] Stone Coffin Fissure,Putrescent Knight (Phase 2) [Boss],50200187,,"20,612",-,,123,123,123,123,123,123,123,123,,20,0,40,40,20,0,0,-20,,Immune,306,Immune,Immune,"2,732",Immune,Immune,,1,1,1,1,0.5,,100,1,100,7.692,,1,1,1,1,1,1,1,1,1.5,0
[DLC] Castle Ensis / Cerulean Coast,Lamprey,50600083,,"1,540",-,,122,122,122,122,122,122,122,122,,20,40,20,0,20,20,20,-20,,293,293,293,219,Immune,Immune,Immune,,1,1,1,1,1,,30,1,30,2.308,,1,1,1,1,1,1,1,1,1.5,0
[DLC] Scaduview / Ancient Ruins of Rauh,Lamprey,50600093,,"2,091",-,,124,124,124,124,124,124,124,124,,20,40,20,0,20,20,20,-20,,316,316,316,237,Immune,Immune,Immune,,1,1,1,1,1,,30,1,30,2.308,,1,1,1,1,1,1,1,1,1.5,0
[DLC] Scaduview / Ancient Ruins of Rauh,Lamprey,50600193,,"1,947",-,,124,124,124,124,124,124,124,124,,20,40,20,0,20,20,20,-20,,316,316,316,237,Immune,Immune,Immune,,1,1,1,1,1,,30,1,30,2.308,,1,1,1,1,1,1,1,1,1.5,0
[DLC] Castle Ensis / Cerulean Coast,Lamprey,50600283,,"1,540",-,,122,122,122,122,122,122,122,122,,20,40,20,0,20,20,20,-20,,293,293,293,219,Immune,Immune,Immune,,1,1,1,1,1,,30,1,30,2.308,,1,1,1,1,1,1,1,1,1.5,0
[DLC] Scaduview / Ancient Ruins of Rauh,Lamprey,50600293,,"2,091",-,,124,124,124,124,124,124,124,124,,20,40,20,0,20,20,20,-20,,316,316,316,237,Immune,Immune,Immune,,1,1,1,1,1,,30,1,30,2.308,,1,1,1,1,1,1,1,1,1.5,0
[DLC] Castle Ensis / Cerulean Coast,Lamprey,50600383,,"1,540",-,,122,122,122,122,122,122,122,122,,20,40,20,0,20,20,20,-20,,293,293,293,219,Immune,Immune,Immune,,1,1,1,1,1,,30,1,30,2.308,,1,1,1,1,1,1,1,1,1.5,0
[DLC] Scaduview / Ancient Ruins of Rauh,Lamprey,50600393,,"2,091",-,,124,124,124,124,124,124,124,124,,20,40,20,0,20,20,20,-20,,316,316,316,237,Immune,Immune,Immune,,1,1,1,1,1,,30,1,30,2.308,,1,1,1,1,1,1,1,1,1.5,0
[DLC] Scaduview / Ancient Ruins of Rauh,Lamprey,50600493,,"1,947",-,,124,124,124,124,124,124,124,124,,20,40,20,0,20,20,20,-20,,316,316,316,237,Immune,Immune,Immune,,1,1,1,1,1,,30,1,30,2.308,,1,1,1,1,1,1,1,1,1.5,0
[DLC] Scaduview / Ancient Ruins of Rauh,Lamprey,50600593,,"1,947",-,,124,124,124,124,124,124,124,124,,20,40,20,0,20,20,20,-20,,316,316,316,237,Immune,Immune,Immune,,1,1,1,1,1,,30,1,30,2.308,,1,1,1,1,1,1,1,1,1.5,0
[DLC] Castle Ensis / Cerulean Coast,Lamprey,50600683,,"1,540",-,,122,122,122,122,122,122,122,122,,20,40,20,0,20,20,20,-20,,293,293,293,219,Immune,Immune,Immune,,1,1,1,1,1,,30,1,30,2.308,,1,1,1,1,1,1,1,1,1.5,0
[DLC] Scaduview / Ancient Ruins of Rauh,Lamprey,50600793,,"1,947",-,,124,124,124,124,124,124,124,124,,20,40,20,0,20,20,20,-20,,316,316,316,237,Immune,Immune,Immune,,1,1,1,1,1,,30,1,30,2.308,,1,1,1,1,1,1,1,1,1.5,0
[DLC] Castle Ensis / Cerulean Coast,Lamprey,50600883,,"1,540",-,,122,122,122,122,122,122,122,122,,20,40,20,0,20,20,20,-20,,293,293,293,219,Immune,Immune,Immune,,1,1,1,1,1,,30,1,30,2.308,,1,1,1,1,1,1,1,1,1.5,0
[DLC] Gravesite Plain,Bloodfiend (Arm),50800080,,"2,438",-,,121,121,121,121,121,121,121,121,,0,0,-20,0,20,40,20,20,,280,280,630,280,385,Immune,Immune,,1,1,1,1,1,,40,1,40,3.077,,1,1,1,1,1,1,1,1,1.5,0
[DLC] Ellac River,Bloodfiend (Arm),50800081,,"2,978",-,,122,122,122,122,122,122,122,122,,0,0,-20,0,20,40,20,20,,288,288,648,288,396,Immune,Immune,,1,1,1,1,1,,40,1,40,3.077,,1,1,1,1,1,1,1,1,1.5,0
[DLC] Stone Coffin Fissure / Shadow Keep,Bloodfiend (Arm),50800087,,"3,962",-,,123,123,123,123,123,123,123,123,,0,0,-20,0,20,40,20,20,,303,303,681,303,416,Immune,Immune,,1,1,1,1,1,,40,1,40,3.077,,1,1,1,1,1,1,1,1,1.5,0
[DLC] Scadu Altus,Bloodfiend (Arm),50800090,,"3,470",-,,122,122,122,122,122,122,122,122,,0,0,-20,0,20,40,20,20,,294,294,663,294,405,Immune,Immune,,1,1,1,1,1,,40,1,40,3.077,,1,1,1,1,1,1,1,1,1.5,0
[DLC] Scaduview / Ancient Ruins of Rauh,Bloodfiend (Arm),50800094,,"4,552",-,,124,124,124,124,124,124,124,124,,0,0,-20,0,20,40,20,20,,316,316,711,316,434,Immune,Immune,,1,1,1,1,1,,40,1,40,3.077,,1,1,1,1,1,1,1,1,1.5,0
[DLC] Charo's Hidden Grave,Bloodfiend (Arm),50800095,,"3,719",-,,123,123,123,123,123,123,123,123,,0,0,-20,0,20,40,20,20,,296,296,667,296,407,Immune,Immune,,1,1,1,1,1,,40,1,40,3.077,,1,1,1,1,1,1,1,1,1.5,0
[DLC] Gravesite Plain,Bloodfiend (Arm),50800180,,"3,875",-,,121,121,121,121,121,121,121,121,,0,0,-20,0,20,40,20,20,,280,280,630,280,385,Immune,Immune,,1,1,1,1,1,,40,1,40,3.077,,1,1,1,1,1,1,1,1,1.5,0
[DLC] Scadu Altus,Bloodfiend (Arm),50800190,,"5,517",-,,122,122,122,122,122,122,122,122,,0,0,-20,0,20,40,20,20,,294,294,663,294,405,Immune,Immune,,1,1,1,1,1,,40,1,40,3.077,,1,1,1,1,1,1,1,1,1.5,0
[DLC] Scaduview / Ancient Ruins of Rauh,Bloodfiend (Arm),50800194,,"7,235",-,,124,124,124,124,124,124,124,124,,0,0,-20,0,20,40,20,20,,316,316,711,316,434,Immune,Immune,,1,1,1,1,1,,40,1,40,3.077,,1,1,1,1,1,1,1,1,1.5,0
[DLC] Scadu Altus,Bloodfiend (Arm),50800290,,"2,247",-,,122,122,122,122,122,122,122,122,,0,0,-20,0,20,40,20,20,,294,294,663,294,405,Immune,Immune,,1,1,1,1,1,,40,1,40,3.077,,1,1,1,1,1,1,1,1,1.5,0
[DLC] Scadu Altus,Bloodfiend (Arm),50800390,,"3,470",-,,122,122,122,122,122,122,122,122,,0,0,-20,0,20,40,20,20,,294,294,663,294,405,Immune,Immune,,1,1,1,1,1,,40,1,40,3.077,,1,1,1,1,1,1,1,1,1.5,0
[DLC] Scadu Altus,Bloodfiend (Arm),50800490,,"2,247",-,,122,122,122,122,122,122,122,122,,0,0,-20,0,20,40,20,20,,294,294,663,294,405,Immune,Immune,,1,1,1,1,1,,40,1,40,3.077,,1,1,1,1,1,1,1,1,1.5,0
[DLC] Gravesite Plain,Bloodfiend (Fork),50801001,,"2,438",-,,121,121,121,121,121,121,121,121,,0,0,-20,0,20,40,20,20,,280,280,630,280,385,Immune,Immune,,1,1,1,1,1,,40,1,40,3.077,,1,1,1,1,1,1,1,1,1.5,0
[DLC] Gravesite Plain,Bloodfiend (Fork),50801080,,"2,438",-,,121,121,121,121,121,121,121,121,,0,0,-20,0,20,40,20,20,,280,280,630,280,385,Immune,Immune,,1,1,1,1,1,,40,1,40,3.077,,1,1,1,1,1,1,1,1,1.5,0
[DLC] Ellac River,Bloodfiend (Fork),50801081,,"2,978",-,,122,122,122,122,122,122,122,122,,0,0,-20,0,20,40,20,20,,288,288,648,288,396,Immune,Immune,,1,1,1,1,1,,40,1,40,3.077,,1,1,1,1,1,1,1,1,1.5,0
[DLC] Stone Coffin Fissure / Shadow Keep,Bloodfiend (Fork),50801087,,"3,962",-,,123,123,123,123,123,123,123,123,,0,0,-20,0,20,40,20,20,,303,303,681,303,416,Immune,Immune,,1,1,1,1,1,,40,1,40,3.077,,1,1,1,1,1,1,1,1,1.5,0
[DLC] Scadu Altus,Bloodfiend (Fork),50801090,,"3,470",-,,122,122,122,122,122,122,122,122,,0,0,-20,0,20,40,20,20,,294,294,663,294,405,Immune,Immune,,1,1,1,1,1,,40,1,40,3.077,,1,1,1,1,1,1,1,1,1.5,0
[DLC] Scaduview / Ancient Ruins of Rauh,Bloodfiend (Fork),50801094,,"4,552",-,,124,124,124,124,124,124,124,124,,0,0,-20,0,20,40,20,20,,316,316,711,316,434,Immune,Immune,,1,1,1,1,1,,40,1,40,3.077,,1,1,1,1,1,1,1,1,1.5,0
[DLC] Charo's Hidden Grave,Bloodfiend (Fork),50801095,,"3,719",-,,123,123,123,123,123,123,123,123,,0,0,-20,0,20,40,20,20,,296,296,667,296,407,Immune,Immune,,1,1,1,1,1,,40,1,40,3.077,,1,1,1,1,1,1,1,1,1.5,0
[DLC] Gravesite Plain,Bloodfiend (Fork),50801180,,"3,875",-,,121,121,121,121,121,121,121,121,,0,0,-20,0,20,40,20,20,,280,280,630,280,385,Immune,Immune,,1,1,1,1,1,,40,1,40,3.077,,1,1,1,1,1,1,1,1,1.5,0
[DLC] Stone Coffin Fissure / Shadow Keep,Bloodfiend (Fork),50801187,,"6,299",-,,123,123,123,123,123,123,123,123,,0,0,-20,0,20,40,20,20,,303,303,681,303,416,Immune,Immune,,1,1,1,1,1,,40,1,40,3.077,,1,1,1,1,1,1,1,1,1.5,0
[DLC] Scadu Altus,Bloodfiend (Fork),50801190,,"5,517",-,,122,122,122,122,122,122,122,122,,0,0,-20,0,20,40,20,20,,294,294,663,294,405,Immune,Immune,,1,1,1,1,1,,40,1,40,3.077,,1,1,1,1,1,1,1,1,1.5,0
[DLC] Scaduview / Ancient Ruins of Rauh,Bloodfiend (Fork),50801194,,"7,235",-,,124,124,124,124,124,124,124,124,,0,0,-20,0,20,40,20,20,,316,316,711,316,434,Immune,Immune,,1,1,1,1,1,,40,1,40,3.077,,1,1,1,1,1,1,1,1,1.5,0
[DLC] Charo's Hidden Grave,Bloodfiend (Fork),50801195,,"5,912",-,,123,123,123,123,123,123,123,123,,0,0,-20,0,20,40,20,20,,296,296,667,296,407,Immune,Immune,,1,1,1,1,1,,40,1,40,3.077,,1,1,1,1,1,1,1,1,1.5,0
[DLC] Scadu Altus,Bloodfiend (Fork),50801390,,"3,470",-,,122,122,122,122,122,122,122,122,,0,0,-20,0,20,40,20,20,,294,294,663,294,405,Immune,Immune,,1,1,1,1,1,,40,1,40,3.077,,1,1,1,1,1,1,1,1,1.5,0
[DLC] Scadu Altus,Bloodfiend (Fork),50801490,,"2,247",-,,122,122,122,122,122,122,122,122,,0,0,-20,0,20,40,20,20,,294,294,663,294,405,Immune,Immune,,1,1,1,1,1,,40,1,40,3.077,,1,1,1,1,1,1,1,1,1.5,0
[DLC] Gravesite Plain,Bloodfiend (Sacred Spear),50802080,,"2,438",-,,121,121,121,121,121,121,121,121,,0,0,-20,0,20,40,20,20,,280,280,630,280,385,Immune,Immune,,1,1,1,1,1,,40,1,40,3.077,,1,1,1,1,1,1,1,1,1.5,0
[DLC] Stone Coffin Fissure / Shadow Keep,Bloodfiend (Sacred Spear),50802087,,"3,962",-,,123,123,123,123,123,123,123,123,,0,0,-20,0,20,40,20,20,,303,303,681,303,416,Immune,Immune,,1,1,1,1,1,,40,1,40,3.077,,1,1,1,1,1,1,1,1,1.5,0
[DLC] Scadu Altus,Bloodfiend (Sacred Spear),50802090,,"3,470",-,,122,122,122,122,122,122,122,122,,0,0,-20,0,20,40,20,20,,294,294,663,294,405,Immune,Immune,,1,1,1,1,1,,40,1,40,3.077,,1,1,1,1,1,1,1,1,1.5,0
[DLC] Scaduview / Ancient Ruins of Rauh,Bloodfiend (Sacred Spear),50802094,,"4,552",-,,124,124,124,124,124,124,124,124,,0,0,-20,0,20,40,20,20,,316,316,711,316,434,Immune,Immune,,1,1,1,1,1,,40,1,40,3.077,,1,1,1,1,1,1,1,1,1.5,0
[DLC] Charo's Hidden Grave,Bloodfiend (Sacred Spear),50802095,,"3,719",-,,123,123,123,123,123,123,123,123,,0,0,-20,0,20,40,20,20,,296,296,667,296,407,Immune,Immune,,1,1,1,1,1,,40,1,40,3.077,,1,1,1,1,1,1,1,1,1.5,0
[DLC] Scadu Altus,Bloodfiend (Sacred Spear),50802190,,"3,470",-,,122,122,122,122,122,122,122,122,,0,0,-20,0,20,40,20,20,,294,294,663,294,405,Immune,Immune,,1,1,1,1,1,,40,1,40,3.077,,1,1,1,1,1,1,1,1,1.5,0
[DLC] Stone Coffin Fissure / Shadow Keep,Bloodfiend (?),50803087,,"3,962",-,,123,123,123,123,123,123,123,123,,0,0,-20,0,20,40,20,20,,303,303,681,303,416,Immune,Immune,,1,1,1,1,1,,40,1,40,3.077,,1,1,1,1,1,1,1,1,1.5,0
[DLC] Stone Coffin Fissure / Shadow Keep,Bloodfiend (?),50804087,,"3,962",-,,123,123,123,123,123,123,123,123,,0,0,-20,0,20,40,20,20,,303,303,681,303,416,Immune,Immune,,1,1,1,1,1,,40,1,40,3.077,,1,1,1,1,1,1,1,1,1.5,0
[DLC] Gravesite Plain,Bloodfiend (?),50807080,,"2,438",-,,121,121,121,121,121,121,121,121,,0,0,-20,0,20,40,20,20,,280,280,630,280,385,Immune,Immune,,1,1,1,1,1,,40,1,40,3.077,,1,1,1,1,1,1,1,1,1.5,0
[DLC] Stone Coffin Fissure / Shadow Keep,Chief Bloodfiend,50810087,,"12,529",-,,123,123,123,123,123,123,123,123,,0,0,-20,0,20,40,20,20,,303,303,681,303,Immune,Immune,Immune,,1,1,1,1,0.5,,80,1,80,6.154,,1,1,1,1,1,1,1,1,1.5,0
[DLC] Scadu Altus,Chief Bloodfiend,50810090,,"10,974",-,,122,122,122,122,122,122,122,122,,0,0,-20,0,20,40,20,20,,294,294,663,294,Immune,Immune,Immune,,1,1,1,1,0.5,,80,1,80,6.154,,1,1,1,1,1,1,1,1,1.5,0
[DLC] Scaduview / Ancient Ruins of Rauh,Chief Bloodfiend,50810094,,"14,392",-,,124,124,124,124,124,124,124,124,,0,0,-20,0,20,40,20,20,,316,316,711,316,Immune,Immune,Immune,,1,1,1,1,0.5,,80,1,80,6.154,,1,1,1,1,1,1,1,1,1.5,0
[DLC] Charo's Hidden Grave,Chief Bloodfiend,50810095,,"11,760",-,,123,123,123,123,123,123,123,123,,0,0,-20,0,20,40,20,20,,296,296,667,296,Immune,Immune,Immune,,1,1,1,1,0.5,,80,1,80,6.154,,1,1,1,1,1,1,1,1,1.5,0
[DLC] Scaduview / Ancient Ruins of Rauh,Chief Bloodfiend,50810194,,"14,392",-,,124,124,124,124,124,124,124,124,,0,0,-20,0,20,40,20,20,,316,316,711,316,Immune,Immune,Immune,,1,1,1,1,0.5,,80,1,80,6.154,,1,1,1,1,1,1,1,1,1.5,0
[DLC] Charo's Hidden Grave,Chief Bloodfiend,50810195,,"11,760",-,,123,123,123,123,123,123,123,123,,0,0,-20,0,20,40,20,20,,296,296,667,296,Immune,Immune,Immune,,1,1,1,1,0.5,,80,1,80,6.154,,1,1,1,1,1,1,1,1,1.5,0
[DLC] Scadu Altus,Chief Bloodfiend,50810990,,"21,948",-,,122,122,122,122,122,122,122,122,,0,0,-20,0,20,40,20,20,,294,294,663,294,Immune,Immune,Immune,,0.65,0.65,1,1,0.5,,80,1,80,6.154,,1,1,1,1,1,1,1,1,1.5,0
[DLC] Stone Coffin Fissure / Shadow Keep,Chief Bloodfiend,50811087,,"12,529",-,,123,123,123,123,123,123,123,123,,0,0,-20,0,20,40,20,20,,303,303,681,303,Immune,Immune,Immune,,1,1,1,1,0.5,,80,1,80,6.154,,1,1,1,1,1,1,1,1,1.5,0
[DLC] Gravesite Plain,Gravebird,50900080,,"1,134",-,,121,121,121,121,121,121,121,121,,20,0,40,40,20,40,40,40,,Immune,Immune,Immune,Immune,Immune,Immune,Immune,,1,1,1,1,1,,30,1,30,6.154,,1,1,1,1,1,1,1,1,1.5,0
[DLC] Ellac River,Gravebird,50900081,,"1,386",-,,122,122,122,122,122,122,122,122,,20,0,40,40,20,40,40,40,,Immune,Immune,Immune,Immune,Immune,Immune,Immune,,1,1,1,1,1,,30,1,30,6.154,,1,1,1,1,1,1,1,1,1.5,0
[DLC] Castle Ensis / Cerulean Coast,Gravebird,50900083,,"1,559",-,,122,122,122,122,122,122,122,122,,20,0,40,40,20,40,40,40,,Immune,Immune,Immune,Immune,Immune,Immune,Immune,,1,1,1,1,1,,30,1,30,6.154,,1,1,1,1,1,1,1,1,1.5,0
[DLC] Charo's Hidden Grave,Gravebird,50900084,,"1,730",-,,123,123,123,123,123,123,123,123,,20,0,40,40,20,40,40,40,,Immune,Immune,Immune,Immune,Immune,Immune,Immune,,1,1,1,1,1,,30,1,30,6.154,,1,1,1,1,1,1,1,1,1.5,0
[DLC] Stone Coffin Fissure / Shadow Keep,Gravebird,50900087,,"1,843",-,,123,123,123,123,123,123,123,123,,20,0,40,40,20,40,40,40,,Immune,Immune,Immune,Immune,Immune,Immune,Immune,,1,1,1,1,1,,30,1,30,6.154,,1,1,1,1,1,1,1,1,1.5,0
"[DLC] Belurat, Tower Settlement",Gravebird,50900088,,"1,262",-,,121,121,121,121,121,121,121,121,,20,0,40,40,20,40,40,40,,Immune,Immune,Immune,Immune,Immune,Immune,Immune,,1,1,1,1,1,,30,1,30,6.154,,1,1,1,1,1,1,1,1,1.5,0
[DLC] Jagged Peak / Enir-Ilim / Finger Birthing Grounds,Gravebird,50900089,,"2,269",-,,124,124,124,124,124,124,124,124,,20,0,40,40,20,40,40,40,,Immune,Immune,Immune,Immune,Immune,Immune,Immune,,1,1,1,1,1,,30,1,30,6.154,,1,1,1,1,1,1,1,1,1.5,0
[DLC] Scadu Altus,Gravebird,50900090,,"1,615",-,,122,122,122,122,122,122,122,122,,20,0,40,40,20,40,40,40,,Immune,Immune,Immune,Immune,Immune,Immune,Immune,,1,1,1,1,1,,30,1,30,6.154,,1,1,1,1,1,1,1,1,1.5,0
[DLC] Scadutree Base,Gravebird,50900091,,"1,901",-,,123,123,123,123,123,123,123,123,,20,0,40,40,20,40,40,40,,Immune,Immune,Immune,Immune,Immune,Immune,Immune,,1,1,1,1,1,,30,1,30,6.154,,1,1,1,1,1,1,1,1,1.5,0
[DLC] Charo's Hidden Grave,Gravebird,50900095,,"1,730",-,,123,123,123,123,123,123,123,123,,20,0,40,40,20,40,40,40,,Immune,Immune,Immune,Immune,Immune,Immune,Immune,,1,1,1,1,1,,30,1,30,6.154,,1,1,1,1,1,1,1,1,1.5,0
[DLC] Scadu Altus,Gravebird,50900190,,"1,615",-,,122,122,122,122,122,122,122,122,,20,0,40,40,20,40,40,40,,Immune,Immune,Immune,Immune,Immune,Immune,Immune,,1,1,1,1,1,,30,1,30,6.154,,1,1,1,1,1,1,1,1,1.5,0
[DLC] Gravesite Plain,Gravebird,50900280,,"1,134",-,,121,121,121,121,121,121,121,121,,20,0,40,40,20,40,40,40,,Immune,Immune,Immune,Immune,Immune,Immune,Immune,,1,1,1,1,1,,30,1,30,6.154,,1,1,1,1,1,1,1,1,1.5,0
[DLC] Ellac River,Gravebird,50900281,,"1,386",-,,122,122,122,122,122,122,122,122,,20,0,40,40,20,40,40,40,,Immune,Immune,Immune,Immune,Immune,Immune,Immune,,1,1,1,1,1,,30,1,30,6.154,,1,1,1,1,1,1,1,1,1.5,0
[DLC] Charo's Hidden Grave,Gravebird,50900284,,"1,730",-,,123,123,123,123,123,123,123,123,,20,0,40,40,20,40,40,40,,Immune,Immune,Immune,Immune,Immune,Immune,Immune,,1,1,1,1,1,,30,1,30,6.154,,1,1,1,1,1,1,1,1,1.5,0
"[DLC] Belurat, Tower Settlement",Gravebird,50900288,,"1,262",-,,121,121,121,121,121,121,121,121,,20,0,40,40,20,40,40,40,,Immune,Immune,Immune,Immune,Immune,Immune,Immune,,1,1,1,1,1,,30,1,30,6.154,,1,1,1,1,1,1,1,1,1.5,0
[DLC] Scadu Altus,Gravebird,50900290,,"1,615",-,,122,122,122,122,122,122,122,122,,20,0,40,40,20,40,40,40,,Immune,Immune,Immune,Immune,Immune,Immune,Immune,,1,1,1,1,1,,30,1,30,6.154,,1,1,1,1,1,1,1,1,1.5,0
[DLC] Charo's Hidden Grave,Gravebird,50900295,,"1,730",-,,123,123,123,123,123,123,123,123,,20,0,40,40,20,40,40,40,,Immune,Immune,Immune,Immune,Immune,Immune,Immune,,1,1,1,1,1,,30,1,30,6.154,,1,1,1,1,1,1,1,1,1.5,0
[DLC] Jagged Peak / Enir-Ilim / Finger Birthing Grounds,Gravebird,50900389,,"2,269",-,,124,124,124,124,124,124,124,124,,20,0,40,40,20,40,40,40,,Immune,Immune,Immune,Immune,Immune,Immune,Immune,,1,1,1,1,1,,30,1,30,6.154,,1,1,1,1,1,1,1,1,1.5,0
[DLC] Stone Coffin Fissure / Shadow Keep,Gravebird,50900487,,"1,843",-,,123,123,123,123,123,123,123,123,,20,0,40,40,20,40,40,40,,Immune,Immune,Immune,Immune,Immune,Immune,Immune,,1,1,1,1,1,,30,1,30,6.154,,1,1,1,1,1,1,1,1,1.5,0
[DLC] Stone Coffin Fissure / Shadow Keep,Gravebird,50900587,,"1,843",-,,123,123,123,123,123,123,123,123,,20,0,40,40,20,40,40,40,,Immune,Immune,Immune,Immune,Immune,Immune,Immune,,1,1,1,1,1,,30,1,30,6.154,,1,1,1,1,1,1,1,1,1.5,0
[DLC] Gravesite Plain,Blue Worm,51100080,,"1,571",-,,121,121,121,121,121,121,121,121,,0,35,0,0,20,20,-20,0,,630,630,Immune,630,Immune,630,252,,1,1,1,1,1,,30,1,30,2.308,,1,1,1,1,1,1,1,1,1.5,0
[DLC] Ellac River,Blue Worm,51100081,,"1,919",-,,122,122,122,122,122,122,122,122,,0,35,0,0,20,20,-20,0,,648,648,Immune,648,Immune,648,252,,1,1,1,1,1,,30,1,30,2.308,,1,1,1,1,1,1,1,1,1.5,0
[DLC] Castle Ensis / Cerulean Coast,Blue Worm,51100083,,"2,160",-,,122,122,122,122,122,122,122,122,,0,35,0,0,20,20,-20,0,,659,659,Immune,659,Immune,659,252,,1,1,1,1,1,,30,1,30,2.308,,1,1,1,1,1,1,1,1,1.5,0
[DLC] Charo's Hidden Grave,Blue Worm,51100084,,"2,397",-,,123,123,123,123,123,123,123,123,,0,35,0,0,20,20,-20,0,,667,667,Immune,667,Immune,667,252,,1,1,1,1,1,,30,1,30,2.308,,1,1,1,1,1,1,1,1,1.5,0
[DLC] Scadu Altus,Blue Worm,51100090,,"2,236",-,,122,122,122,122,122,122,122,122,,0,35,0,0,20,20,-20,0,,663,663,Immune,663,Immune,663,252,,1,1,1,1,1,,30,1,30,2.308,,1,1,1,1,1,1,1,1,1.5,0
[DLC] Ellac River,Blue Worm,51100181,,"1,919",-,,122,122,122,122,122,122,122,122,,0,35,0,0,20,20,-20,0,,648,648,Immune,648,Immune,648,252,,1,1,1,1,1,,30,1,30,2.308,,1,1,1,1,1,1,1,1,1.5,0
[DLC] Castle Ensis / Cerulean Coast,Blue Worm,51100183,,"2,160",-,,122,122,122,122,122,122,122,122,,0,35,0,0,20,20,-20,0,,659,659,Immune,659,Immune,659,252,,1,1,1,1,1,,30,1,30,2.308,,1,1,1,1,1,1,1,1,1.5,0
[DLC] Charo's Hidden Grave,Blue Worm,51100184,,"2,397",-,,123,123,123,123,123,123,123,123,,0,35,0,0,20,20,-20,0,,667,667,Immune,667,Immune,667,252,,1,1,1,1,1,,30,1,30,2.308,,1,1,1,1,1,1,1,1,1.5,0
[DLC] Scadu Altus,Blue Worm,51100190,,"2,236",-,,122,122,122,122,122,122,122,122,,0,35,0,0,20,20,-20,0,,663,663,Immune,663,Immune,663,252,,1,1,1,1,1,,30,1,30,2.308,,1,1,1,1,1,1,1,1,1.5,0
[DLC] Castle Ensis / Cerulean Coast,Blue Worm,51100283,,"2,160",-,,122,122,122,122,122,122,122,122,,0,35,0,0,20,20,-20,0,,659,659,Immune,659,Immune,659,252,,1,1,1,1,1,,30,1,30,2.308,,1,1,1,1,1,1,1,1,1.5,0
[DLC] Castle Ensis / Cerulean Coast,Blue Worm,51100383,,"2,160",-,,122,122,122,122,122,122,122,122,,0,35,0,0,20,20,-20,0,,659,659,Immune,659,Immune,659,252,,1,1,1,1,1,,30,1,30,2.308,,1,1,1,1,1,1,1,1,1.5,0
[DLC] Charo's Hidden Grave,Blue Worm,51100384,,"2,397",-,,123,123,123,123,123,123,123,123,,0,35,0,0,20,20,-20,0,,667,667,Immune,667,Immune,667,252,,1,1,1,1,1,,30,1,30,2.308,,1,1,1,1,1,1,1,1,1.5,0
[DLC] Castle Ensis / Cerulean Coast,Blue Worm,51100683,,"2,160",-,,122,122,122,122,122,122,122,122,,0,35,0,0,20,20,-20,0,,659,659,Immune,659,Immune,659,252,,1,1,1,1,1,,30,1,30,2.308,,1,1,1,1,1,1,1,1,1.5,0
[DLC] Scadu Altus,Blue Worm,51100690,,"2,236",-,,122,122,122,122,122,122,122,122,,0,35,0,0,20,20,-20,0,,663,663,Immune,663,Immune,663,252,,1,1,1,1,1,,30,1,30,2.308,,1,1,1,1,1,1,1,1,1.5,0
[DLC] Scaduview / Ancient Ruins of Rauh,Blue Worm,51100693,,"2,933",-,,124,124,124,124,124,124,124,124,,0,35,0,0,20,20,-20,0,,711,711,Immune,711,Immune,711,252,,1,1,1,1,1,,30,1,30,2.308,,1,1,1,1,1,1,1,1,1.5,0
[DLC] Ellac River,Blue Worm,51100781,,"1,919",-,,122,122,122,122,122,122,122,122,,0,35,0,0,20,20,-20,0,,648,648,Immune,648,Immune,648,252,,1,1,1,1,1,,30,1,30,2.308,,1,1,1,1,1,1,1,1,1.5,0
[DLC] Scadu Altus,Blue Worm,51100790,,"2,236",-,,122,122,122,122,122,122,122,122,,0,35,0,0,20,20,-20,0,,663,663,Immune,663,Immune,663,252,,1,1,1,1,1,,30,1,30,2.308,,1,1,1,1,1,1,1,1,1.5,0
[DLC] Stone Coffin Fissure / Shadow Keep,Fire Knight (Greatsword),51600098,,"6,597",-,,123,123,123,123,123,123,123,123,,20,20,40,0,20,40,0,0,,303,303,416,416,681,Immune,Immune,,1,1,1,1,1,,65,1,65,6.154,,1,1,1,1,1,1,1,1,1.5,0
[DLC] Recluses' River / Specimen Storehouse,Fire Knight (Greatsword),51600099,,"7,056",-,,123,123,123,123,123,123,123,123,,20,20,40,0,20,40,0,0,,309,309,425,425,696,Immune,Immune,,1,1,1,1,1,,65,1,65,6.154,,1,1,1,1,1,1,1,1,1.5,0
[DLC] Stone Coffin Fissure / Shadow Keep,Fire Knight (Greatsword),51600198,,"9,895",-,,123,123,123,123,123,123,123,123,,20,20,40,0,20,40,0,0,,303,303,416,416,681,Immune,Immune,,1,1,1,1,1,,65,1,65,6.154,,1,1,1,1,1,1,1,1,1.5,0
[DLC] Recluses' River / Specimen Storehouse,Fire Knight (Greatsword),51600199,,"10,584",-,,123,123,123,123,123,123,123,123,,20,20,40,0,20,40,0,0,,309,309,425,425,696,Immune,Immune,,1,1,1,1,1,,65,1,65,6.154,,1,1,1,1,1,1,1,1,1.5,0
[DLC] Recluses' River / Specimen Storehouse,Fire Knight (Shortsword),51601099,,"7,056",-,,123,123,123,123,123,123,123,123,,20,20,40,0,20,40,0,0,,309,309,425,425,696,Immune,Immune,,1,1,1,1,1,,65,1,65,6.154,,1,1,1,1,1,1,1,1,1.5,0
[DLC] Scadu Altus,Fire Knight (Shortsword),51601190,,"8,667",-,,122,122,122,122,122,122,122,122,,20,20,40,0,20,40,0,0,,294,294,405,405,663,Immune,Immune,,1,1,1,1,1,,65,1,65,6.154,,1,1,1,1,1,1,1,1,1.5,0
[DLC] Stone Coffin Fissure / Shadow Keep,Fire Knight (Shortsword),51601198,,"9,895",-,,123,123,123,123,123,123,123,123,,20,20,40,0,20,40,0,0,,303,303,416,416,681,Immune,Immune,,1,1,1,1,1,,65,1,65,6.154,,1,1,1,1,1,1,1,1,1.5,0
[DLC] Recluses' River / Specimen Storehouse,Fire Knight (Shortsword),51601199,,"10,584",-,,123,123,123,123,123,123,123,123,,20,20,40,0,20,40,0,0,,309,309,425,425,696,Immune,Immune,,1,1,1,1,1,,65,1,65,6.154,,1,1,1,1,1,1,1,1,1.5,0
[DLC] Recluses' River / Specimen Storehouse,Fire Knight (Throwing),51602099,,"7,056",-,,123,123,123,123,123,123,123,123,,20,20,40,0,20,40,0,0,,309,309,425,425,696,Immune,Immune,,1,1,1,1,1,,65,1,65,6.154,,1,1,1,1,1,1,1,1,1.5,0
[DLC] Stone Coffin Fissure / Shadow Keep,Fire Knight (Throwing),51602198,,"9,895",-,,123,123,123,123,123,123,123,123,,20,20,40,0,20,40,0,0,,303,303,416,416,681,Immune,Immune,,1,1,1,1,1,,65,1,65,6.154,,1,1,1,1,1,1,1,1,1.5,0
[DLC] Recluses' River / Specimen Storehouse,Fire Knight (Throwing),51602199,,"10,584",-,,123,123,123,123,123,123,123,123,,20,20,40,0,20,40,0,0,,309,309,425,425,696,Immune,Immune,,1,1,1,1,1,,65,1,65,6.154,,1,1,1,1,1,1,1,1,1.5,0
[DLC] Recluses' River / Specimen Storehouse,Fire Knight (Throwing),51602299,,"7,056",-,,123,123,123,123,123,123,123,123,,20,20,40,0,20,40,0,0,,309,309,425,425,696,Immune,Immune,,1,1,1,1,1,,65,1,65,6.154,,1,1,1,1,1,1,1,1,1.5,0
[DLC] Stone Coffin Fissure / Shadow Keep,Fire Knight (Throwing),51602398,,"4,615",-,,123,123,123,123,123,123,123,123,,20,20,40,0,20,40,0,0,,303,303,416,416,681,Immune,Immune,,1,1,1,1,1,,65,1,65,6.154,,1,1,1,1,1,1,1,1,1.5,0
"[DLC] Belurat, Tower Settlement",Spider Scorpion,51900088,,"1,317",-,,121,121,121,121,121,121,121,121,,25,0,45,25,20,-20,20,20,,641,641,391,213,213,Immune,Immune,,1,1,1,1,1,,30,1,30,2.308,,1,1,1,1,1,1,1,1,1.5,0
[DLC] Scadu Altus,Spider Scorpion,51900090,,"1,685",-,,122,122,122,122,122,122,122,122,,25,0,45,25,20,-20,20,20,,663,663,405,221,221,Immune,Immune,,1,1,1,1,1,,30,1,30,2.308,,1,1,1,1,1,1,1,1,1.5,0
[DLC] Scaduview / Ancient Ruins of Rauh,Spider Scorpion,51900094,,"2,210",-,,124,124,124,124,124,124,124,124,,25,0,45,25,20,-20,20,20,,711,711,434,237,237,Immune,Immune,,1,1,1,1,1,,30,1,30,2.308,,1,1,1,1,1,1,1,1,1.5,0
[DLC] Charo's Hidden Grave,Spider Scorpion,51900095,,"1,806",-,,123,123,123,123,123,123,123,123,,25,0,45,25,20,-20,20,20,,667,667,407,222,222,Immune,Immune,,1,1,1,1,1,,30,1,30,2.308,,1,1,1,1,1,1,1,1,1.5,0
[DLC] Scadu Altus,Spider Scorpion,51901090,,"1,685",-,,122,122,122,122,122,122,122,122,,25,0,45,25,20,-20,20,20,,663,663,405,221,221,Immune,Immune,,1,1,1,1,1,,30,1,30,2.308,,1,1,1,1,1,1,1,1,1.5,0
[DLC] Scaduview / Ancient Ruins of Rauh,Spider Scorpion,51901094,,"2,210",-,,124,124,124,124,124,124,124,124,,25,0,45,25,20,-20,20,20,,711,711,434,237,237,Immune,Immune,,1,1,1,1,1,,30,1,30,2.308,,1,1,1,1,1,1,1,1,1.5,0
[DLC] Charo's Hidden Grave,Spider Scorpion,51901095,,"1,806",-,,123,123,123,123,123,123,123,123,,25,0,45,25,20,-20,20,20,,667,667,407,222,222,Immune,Immune,,1,1,1,1,1,,30,1,30,2.308,,1,1,1,1,1,1,1,1,1.5,0
[DLC] Scadu Altus,Spider Scorpion,51902090,,"1,685",-,,122,122,122,122,122,122,122,122,,25,0,45,25,20,-20,20,20,,663,663,405,221,221,Immune,Immune,,1,1,1,1,1,,30,1,30,2.308,,1,1,1,1,1,1,1,1,1.5,0
[DLC] Scaduview / Ancient Ruins of Rauh,Spider Scorpion,51902094,,"2,210",-,,124,124,124,124,124,124,124,124,,25,0,45,25,20,-20,20,20,,711,711,434,237,237,Immune,Immune,,1,1,1,1,1,,30,1,30,2.308,,1,1,1,1,1,1,1,1,1.5,0
"[DLC] Belurat, Tower Settlement",Spider Scorpion,51903088,,"1,317",-,,121,121,121,121,121,121,121,121,,25,0,45,25,20,-20,20,20,,641,641,391,213,213,Immune,Immune,,1,1,1,1,1,,30,1,30,2.308,,1,1,1,1,1,1,1,1,1.5,0
[DLC] Scaduview / Ancient Ruins of Rauh,Spider Scorpion,51903094,,"2,210",-,,124,124,124,124,124,124,124,124,,25,0,45,25,20,-20,20,20,,711,711,434,237,237,Immune,Immune,,1,1,1,1,1,,30,1,30,2.308,,1,1,1,1,1,1,1,1,1.5,0
[DLC] Gravesite Plain,Commoner (Weapon),52400080,,598,-,,121,121,121,121,121,121,121,121,,-10,-10,-10,-10,-20,-40,-20,0,,157,157,210,210,210,Immune,Immune,,1,1,1,1,1,,30,1,30,2.308,,1,1,1,1,1,1,1,1,1.5,0
[DLC] Ellac River,Commoner (Weapon),52400081,,731,-,,122,122,122,122,122,122,122,122,,-10,-10,-10,-10,-20,-40,-20,0,,162,162,216,216,216,Immune,Immune,,1,1,1,1,1,,30,1,30,2.308,,1,1,1,1,1,1,1,1,1.5,0
[DLC] Castle Ensis / Cerulean Coast,Commoner (Weapon),52400083,,823,-,,122,122,122,122,122,122,122,122,,-10,-10,-10,-10,-20,-40,-20,0,,164,164,219,219,219,Immune,Immune,,1,1,1,1,1,,30,1,30,2.308,,1,1,1,1,1,1,1,1,1.5,0
[DLC] Scadu Altus,Commoner (Weapon),52400090,,852,-,,122,122,122,122,122,122,122,122,,-10,-10,-10,-10,-20,-40,-20,0,,165,165,221,221,221,Immune,Immune,,1,1,1,1,1,,30,1,30,2.308,,1,1,1,1,1,1,1,1,1.5,0
[DLC] Scaduview / Ancient Ruins of Rauh,Commoner (Weapon),52400093,,"1,118",-,,124,124,124,124,124,124,124,124,,-10,-10,-10,-10,-20,-40,-20,0,,177,177,237,237,237,Immune,Immune,,1,1,1,1,1,,30,1,30,2.308,,1,1,1,1,1,1,1,1,1.5,0
[DLC] Charo's Hidden Grave,Commoner (Weapon),52400095,,913,-,,123,123,123,123,123,123,123,123,,-10,-10,-10,-10,-20,-40,-20,0,,166,166,222,222,222,Immune,Immune,,1,1,1,1,1,,30,1,30,2.308,,1,1,1,1,1,1,1,1,1.5,0
[DLC] Gravesite Plain,Commoner (Weapon),52400180,,598,-,,121,121,121,121,121,121,121,121,,-10,-10,-10,-10,-20,-40,-20,0,,157,157,210,210,210,Immune,Immune,,1,1,1,1,1,,30,1,30,2.308,,1,1,1,1,1,1,1,1,1.5,0
[DLC] Gravesite Plain,Commoner (Weapon),52400280,,598,-,,121,121,121,121,121,121,121,121,,-10,-10,-10,-10,-20,-40,-20,0,,157,157,210,210,210,Immune,Immune,,1,1,1,1,1,,30,1,30,2.308,,1,1,1,1,1,1,1,1,1.5,0
[DLC] Castle Ensis / Cerulean Coast,Commoner (Weapon),52400283,,823,-,,122,122,122,122,122,122,122,122,,-10,-10,-10,-10,-20,-40,-20,0,,164,164,219,219,219,Immune,Immune,,1,1,1,1,1,,30,1,30,2.308,,1,1,1,1,1,1,1,1,1.5,0
[DLC] Scadu Altus,Commoner (Weapon),52400290,,852,-,,122,122,122,122,122,122,122,122,,-10,-10,-10,-10,-20,-40,-20,0,,165,165,221,221,221,Immune,Immune,,1,1,1,1,1,,30,1,30,2.308,,1,1,1,1,1,1,1,1,1.5,0
[DLC] Charo's Hidden Grave,Commoner (Weapon),52400295,,913,-,,123,123,123,123,123,123,123,123,,-10,-10,-10,-10,-20,-40,-20,0,,166,166,222,222,222,Immune,Immune,,1,1,1,1,1,,30,1,30,2.308,,1,1,1,1,1,1,1,1,1.5,0
[DLC] Abyssal Woods / Hinterland,Commoner (Weapon),52400386,,"1,158",-,,124,124,124,124,124,124,124,124,,-10,-10,-10,-10,-20,-40,-20,0,,179,179,239,239,239,Immune,Immune,,1,1,1,1,1,,30,1,30,2.308,,1,1,1,1,1,1,1,1,1.5,0
[DLC] Scadu Altus,Commoner (Weapon),52400390,,852,-,,122,122,122,122,122,122,122,122,,-10,-10,-10,-10,-20,-40,-20,0,,165,165,221,221,221,Immune,Immune,,1,1,1,1,1,,30,1,30,2.308,,1,1,1,1,1,1,1,1,1.5,0
[DLC] Scaduview / Ancient Ruins of Rauh,Commoner (Weapon),52400394,,"1,118",-,,124,124,124,124,124,124,124,124,,-10,-10,-10,-10,-20,-40,-20,0,,177,177,237,237,237,Immune,Immune,,1,1,1,1,1,,30,1,30,2.308,,1,1,1,1,1,1,1,1,1.5,0
[DLC] Gravesite Plain,Commoner (Weapon),52400480,,598,-,,121,121,121,121,121,121,121,121,,-10,-10,-10,-10,-20,-40,-20,0,,157,157,210,210,210,Immune,Immune,,1,1,1,1,1,,30,1,30,2.308,,1,1,1,1,1,1,1,1,1.5,0
[DLC] Charo's Hidden Grave,Commoner (Weapon),52400484,,913,-,,123,123,123,123,123,123,123,123,,-10,-10,-10,-10,-20,-40,-20,0,,166,166,222,222,222,Immune,Immune,,1,1,1,1,1,,30,1,30,2.308,,1,1,1,1,1,1,1,1,1.5,0
[DLC] Scadu Altus,Commoner (Weapon),52400490,,852,-,,122,122,122,122,122,122,122,122,,-10,-10,-10,-10,-20,-40,-20,0,,165,165,221,221,221,Immune,Immune,,1,1,1,1,1,,30,1,30,2.308,,1,1,1,1,1,1,1,1,1.5,0
[DLC] Charo's Hidden Grave,Commoner (Weapon),52400584,,913,-,,123,123,123,123,123,123,123,123,,-10,-10,-10,-10,-20,-40,-20,0,,166,166,222,222,222,Immune,Immune,,1,1,1,1,1,,30,1,30,2.308,,1,1,1,1,1,1,1,1,1.5,0
[DLC] Abyssal Woods / Hinterland,Commoner (Weapon),52400586,,"1,158",-,,124,124,124,124,124,124,124,124,,-10,-10,-10,-10,-20,-40,-20,0,,179,179,239,239,239,Immune,Immune,,1,1,1,1,1,,30,1,30,2.308,,1,1,1,1,1,1,1,1,1.5,0
[DLC] Scadu Altus,Commoner (Weapon),52400590,,852,-,,122,122,122,122,122,122,122,122,,-10,-10,-10,-10,-20,-40,-20,0,,165,165,221,221,221,Immune,Immune,,1,1,1,1,1,,30,1,30,2.308,,1,1,1,1,1,1,1,1,1.5,0
[DLC] Gravesite Plain,Commoner (Weapon),52400780,,598,-,,121,121,121,121,121,121,121,121,,-10,-10,-10,-10,-20,-40,-20,0,,157,157,210,210,210,Immune,Immune,,1,1,1,1,1,,30,1,30,2.308,,1,1,1,1,1,1,1,1,1.5,0
[DLC] Castle Ensis / Cerulean Coast,Commoner (Weapon),52400783,,823,-,,122,122,122,122,122,122,122,122,,-10,-10,-10,-10,-20,-40,-20,0,,164,164,219,219,219,Immune,Immune,,1,1,1,1,1,,30,1,30,2.308,,1,1,1,1,1,1,1,1,1.5,0
[DLC] Scadu Altus,Commoner (Weapon),52400790,,852,-,,122,122,122,122,122,122,122,122,,-10,-10,-10,-10,-20,-40,-20,0,,165,165,221,221,221,Immune,Immune,,1,1,1,1,1,,30,1,30,2.308,,1,1,1,1,1,1,1,1,1.5,0
[DLC] Charo's Hidden Grave,Commoner (Weapon),52400795,,913,-,,123,123,123,123,123,123,123,123,,-10,-10,-10,-10,-20,-40,-20,0,,166,166,222,222,222,Immune,Immune,,1,1,1,1,1,,30,1,30,2.308,,1,1,1,1,1,1,1,1,1.5,0
[DLC] Gravesite Plain,Commoner (Weapon),52400880,,598,-,,121,121,121,121,121,121,121,121,,-10,-10,-10,-10,-20,-40,-20,0,,157,157,210,210,210,Immune,Immune,,1,1,1,1,1,,30,1,30,2.308,,1,1,1,1,1,1,1,1,1.5,0
[DLC] Castle Ensis / Cerulean Coast,Commoner (Weapon),52400883,,823,-,,122,122,122,122,122,122,122,122,,-10,-10,-10,-10,-20,-40,-20,0,,164,164,219,219,219,Immune,Immune,,1,1,1,1,1,,30,1,30,2.308,,1,1,1,1,1,1,1,1,1.5,0
[DLC] Abyssal Woods / Hinterland,Commoner (Weapon),52400886,,"1,158",-,,124,124,124,124,124,124,124,124,,-10,-10,-10,-10,-20,-40,-20,0,,179,179,239,239,239,Immune,Immune,,1,1,1,1,1,,30,1,30,2.308,,1,1,1,1,1,1,1,1,1.5,0
[DLC] Scadu Altus,Commoner (Weapon),52400890,,852,-,,122,122,122,122,122,122,122,122,,-10,-10,-10,-10,-20,-40,-20,0,,165,165,221,221,221,Immune,Immune,,1,1,1,1,1,,30,1,30,2.308,,1,1,1,1,1,1,1,1,1.5,0
[DLC] Scadu Altus,Commoner (Weapon),52400990,,852,-,,122,122,122,122,122,122,122,122,,-10,-10,-10,-10,-20,-40,-20,0,,165,165,221,221,221,Immune,Immune,,1,1,1,1,1,,30,1,30,2.308,,1,1,1,1,1,1,1,1,1.5,0
[DLC] Scaduview / Ancient Ruins of Rauh,Commoner (Weapon),52400994,,"1,118",-,,124,124,124,124,124,124,124,124,,-10,-10,-10,-10,-20,-40,-20,0,,177,177,237,237,237,Immune,Immune,,1,1,1,1,1,,30,1,30,2.308,,1,1,1,1,1,1,1,1,1.5,0
[DLC] Stone Coffin Fissure / Shadow Keep,Commoner (Staff),52401098,,973,-,,123,123,123,123,123,123,123,123,,-10,-10,-10,-10,-20,0,-20,0,,170,170,227,227,227,Immune,Immune,,1,1,1,1,1,,30,1,30,2.308,,1,1,1,1,1,1,1,1,1.5,0
[DLC] Recluses' River / Specimen Storehouse,Commoner (Staff),52401099,,"1,041",-,,123,123,123,123,123,123,123,123,,-10,-10,-10,-10,-20,0,-20,0,,174,174,232,232,232,Immune,Immune,,1,1,1,1,1,,30,1,30,2.308,,1,1,1,1,1,1,1,1,1.5,0
[DLC] Abyssal Woods / Hinterland,Commoner (Hands),52402086,,"1,158",-,,124,124,124,124,124,124,124,124,,-10,-10,-10,-10,-20,-40,-20,0,,179,179,239,239,239,Immune,Immune,,1,1,1,1,1,,30,1,30,2.308,,1,1,1,1,1,1,1,1,1.5,0
"[DLC] Belurat, Tower Settlement",Commoner (Hands),52402088,,666,-,,121,121,121,121,121,121,121,121,,-10,-10,-10,-10,-20,-40,-20,0,,160,160,213,213,213,Immune,Immune,,1,1,1,1,1,,30,1,30,2.308,,1,1,1,1,1,1,1,1,1.5,0
[DLC] Jagged Peak / Enir-Ilim / Finger Birthing Grounds,Commoner (Hands),52402089,,"1,197",-,,124,124,124,124,124,124,124,124,,-10,-10,-10,-10,-20,-40,-20,0,,181,181,242,242,242,Immune,Immune,,1,1,1,1,1,,30,1,30,2.308,,1,1,1,1,1,1,1,1,1.5,0
[DLC] Scadu Altus,Commoner (Hands),52402090,,852,-,,122,122,122,122,122,122,122,122,,-10,-10,-10,-10,-20,-40,-20,0,,165,165,221,221,221,Immune,Immune,,1,1,1,1,1,,30,1,30,2.308,,1,1,1,1,1,1,1,1,1.5,0
[DLC] Scaduview / Ancient Ruins of Rauh,Commoner (Hands),52402094,,"1,118",-,,124,124,124,124,124,124,124,124,,-10,-10,-10,-10,-20,-40,-20,0,,177,177,237,237,237,Immune,Immune,,1,1,1,1,1,,30,1,30,2.308,,1,1,1,1,1,1,1,1,1.5,0
[DLC] Gravesite Plain,Commoner (Jar),52403080,,598,-,,121,121,121,121,121,121,121,121,,-10,-10,-10,-10,-20,-40,-20,0,,157,157,210,210,210,Immune,Immune,,1,1,1,1,1,,30,1,30,2.308,,1,1,1,1,1,1,1,1,1.5,0
[DLC] Castle Ensis / Cerulean Coast,Commoner (Jar),52403083,,823,-,,122,122,122,122,122,122,122,122,,-10,-10,-10,-10,-20,-40,-20,0,,164,164,219,219,219,Immune,Immune,,1,1,1,1,1,,30,1,30,2.308,,1,1,1,1,1,1,1,1,1.5,0
[DLC] Scadu Altus,Commoner (Jar),52403090,,852,-,,122,122,122,122,122,122,122,122,,-10,-10,-10,-10,-20,-40,-20,0,,165,165,221,221,221,Immune,Immune,,1,1,1,1,1,,30,1,30,2.308,,1,1,1,1,1,1,1,1,1.5,0
[DLC] Charo's Hidden Grave,Commoner (Jar),52403095,,913,-,,123,123,123,123,123,123,123,123,,-10,-10,-10,-10,-20,-40,-20,0,,166,166,222,222,222,Immune,Immune,,1,1,1,1,1,,30,1,30,2.308,,1,1,1,1,1,1,1,1,1.5,0
[DLC] Gravesite Plain,Commoner (Jar),52403280,,598,-,,121,121,121,121,121,121,121,121,,-10,-10,-10,-10,-20,-40,-20,0,,157,157,210,210,210,Immune,Immune,,1,1,1,1,1,,30,1,30,2.308,,1,1,1,1,1,1,1,1,1.5,0
[DLC] Castle Ensis / Cerulean Coast,Commoner (Jar),52403283,,823,-,,122,122,122,122,122,122,122,122,,-10,-10,-10,-10,-20,-40,-20,0,,164,164,219,219,219,Immune,Immune,,1,1,1,1,1,,30,1,30,2.308,,1,1,1,1,1,1,1,1,1.5,0
[DLC] Scadu Altus,Commoner (Jar),52403290,,852,-,,122,122,122,122,122,122,122,122,,-10,-10,-10,-10,-20,-40,-20,0,,165,165,221,221,221,Immune,Immune,,1,1,1,1,1,,30,1,30,2.308,,1,1,1,1,1,1,1,1,1.5,0
[DLC] Charo's Hidden Grave,Commoner (Jar),52403295,,913,-,,123,123,123,123,123,123,123,123,,-10,-10,-10,-10,-20,-40,-20,0,,166,166,222,222,222,Immune,Immune,,1,1,1,1,1,,30,1,30,2.308,,1,1,1,1,1,1,1,1,1.5,0
[DLC] Gravesite Plain,Commoner (Jar),52403480,,598,-,,121,121,121,121,121,121,121,121,,-10,-10,-10,-10,-20,-40,-20,0,,157,157,210,210,210,Immune,Immune,,1,1,1,1,1,,30,1,30,2.308,,1,1,1,1,1,1,1,1,1.5,0
[DLC] Castle Ensis / Cerulean Coast,Commoner (Jar),52403483,,823,-,,122,122,122,122,122,122,122,122,,-10,-10,-10,-10,-20,-40,-20,0,,164,164,219,219,219,Immune,Immune,,1,1,1,1,1,,30,1,30,2.308,,1,1,1,1,1,1,1,1,1.5,0
[DLC] Scadu Altus,Commoner (Jar),52403490,,852,-,,122,122,122,122,122,122,122,122,,-10,-10,-10,-10,-20,-40,-20,0,,165,165,221,221,221,Immune,Immune,,1,1,1,1,1,,30,1,30,2.308,,1,1,1,1,1,1,1,1,1.5,0
[DLC] Charo's Hidden Grave,Commoner (Jar),52403495,,913,-,,123,123,123,123,123,123,123,123,,-10,-10,-10,-10,-20,-40,-20,0,,166,166,222,222,222,Immune,Immune,,1,1,1,1,1,,30,1,30,2.308,,1,1,1,1,1,1,1,1,1.5,0
[DLC] Gravesite Plain,Commoner (Jar),52403580,,598,-,,121,121,121,121,121,121,121,121,,-10,-10,-10,-10,-20,-40,-20,0,,157,157,210,210,210,Immune,Immune,,1,1,1,1,1,,30,1,30,2.308,,1,1,1,1,1,1,1,1,1.5,0
[DLC] Castle Ensis / Cerulean Coast,Commoner (Jar),52403583,,823,-,,122,122,122,122,122,122,122,122,,-10,-10,-10,-10,-20,-40,-20,0,,164,164,219,219,219,Immune,Immune,,1,1,1,1,1,,30,1,30,2.308,,1,1,1,1,1,1,1,1,1.5,0
[DLC] Scadu Altus,Commoner (Jar),52403590,,852,-,,122,122,122,122,122,122,122,122,,-10,-10,-10,-10,-20,-40,-20,0,,165,165,221,221,221,Immune,Immune,,1,1,1,1,1,,30,1,30,2.308,,1,1,1,1,1,1,1,1,1.5,0
[DLC] Charo's Hidden Grave,Commoner (Jar),52403595,,913,-,,123,123,123,123,123,123,123,123,,-10,-10,-10,-10,-20,-40,-20,0,,166,166,222,222,222,Immune,Immune,,1,1,1,1,1,,30,1,30,2.308,,1,1,1,1,1,1,1,1,1.5,0
[DLC] Recluses' River / Specimen Storehouse,Commoner (?),52404099,,"1,041",-,,123,123,123,123,123,123,123,123,,-10,-10,-10,-10,-20,0,-20,0,,174,174,232,232,232,Immune,Immune,,1,1,1,1,1,,30,1,30,2.308,,1,1,1,1,1,1,1,1,1.5,0
[DLC] Gravesite Plain,Commoner (?),52404180,,598,-,,121,121,121,121,121,121,121,121,,-10,-10,-10,-10,-20,-40,-20,0,,157,157,210,210,210,Immune,Immune,,1,1,1,1,1,,30,1,30,2.308,,1,1,1,1,1,1,1,1,1.5,0
[DLC] Ellac River,Commoner (?),52404181,,731,-,,122,122,122,122,122,122,122,122,,-10,-10,-10,-10,-20,-40,-20,0,,162,162,216,216,216,Immune,Immune,,1,1,1,1,1,,30,1,30,2.308,,1,1,1,1,1,1,1,1,1.5,0
[DLC] Castle Ensis / Cerulean Coast,Commoner (?),52404183,,823,-,,122,122,122,122,122,122,122,122,,-10,-10,-10,-10,-20,-40,-20,0,,164,164,219,219,219,Immune,Immune,,1,1,1,1,1,,30,1,30,2.308,,1,1,1,1,1,1,1,1,1.5,0
[DLC] Scadu Altus,Commoner (?),52404190,,852,-,,122,122,122,122,122,122,122,122,,-10,-10,-10,-10,-20,-40,-20,0,,165,165,221,221,221,Immune,Immune,,1,1,1,1,1,,30,1,30,2.308,,1,1,1,1,1,1,1,1,1.5,0
[DLC] Scadutree Base,Commoner (?),52404191,,"1,004",-,,123,123,123,123,123,123,123,123,,-10,-10,-10,-10,-20,-40,-20,0,,172,172,229,229,229,Immune,Immune,,1,1,1,1,1,,30,1,30,2.308,,1,1,1,1,1,1,1,1,1.5,0
[DLC] Charo's Hidden Grave,Commoner (?),52404195,,913,-,,123,123,123,123,123,123,123,123,,-10,-10,-10,-10,-20,-40,-20,0,,166,166,222,222,222,Immune,Immune,,1,1,1,1,1,,30,1,30,2.308,,1,1,1,1,1,1,1,1,1.5,0
[DLC] Recluses' River / Specimen Storehouse,Commoner (?),52404399,,"1,041",-,,123,123,123,123,123,123,123,123,,-10,-10,-10,-10,-20,0,-20,0,,174,174,232,232,232,Immune,Immune,,1,1,1,1,1,,30,1,30,2.308,,1,1,1,1,1,1,1,1,1.5,0
[DLC] Recluses' River / Specimen Storehouse,Commoner (?),52404499,,"1,041",-,,123,123,123,123,123,123,123,123,,-10,-10,-10,-10,-20,0,-20,0,,174,174,232,232,232,Immune,Immune,,1,1,1,1,1,,30,1,30,2.308,,1,1,1,1,1,1,1,1,1.5,0
[DLC] Recluses' River / Specimen Storehouse,Commoner (?),52404599,,"1,041",-,,123,123,123,123,123,123,123,123,,-10,-10,-10,-10,-20,0,-20,0,,174,174,232,232,232,Immune,Immune,,1,1,1,1,1,,30,1,30,2.308,,1,1,1,1,1,1,1,1,1.5,0
[DLC] Recluses' River / Specimen Storehouse,Commoner (?),52404699,,"1,041",-,,123,123,123,123,123,123,123,123,,-10,-10,-10,-10,-20,0,-20,0,,174,174,232,232,232,Immune,Immune,,1,1,1,1,1,,30,1,30,2.308,,1,1,1,1,1,1,1,1,1.5,0
[DLC] Recluses' River / Specimen Storehouse,Commoner (?),52404799,,"1,041",-,,123,123,123,123,123,123,123,123,,-10,-10,-10,-10,-20,0,-20,0,,174,174,232,232,232,Immune,Immune,,1,1,1,1,1,,30,1,30,2.308,,1,1,1,1,1,1,1,1,1.5,0
[DLC] Abyssal Woods / Hinterland,Commoner (?),52405186,,"1,158",-,,124,124,124,124,124,124,124,124,,-10,-10,-10,-10,-20,-40,-20,0,,179,179,239,239,239,Immune,Immune,,1,1,1,1,1,,30,1,30,2.308,,1,1,1,1,1,1,1,1,1.5,0
"[DLC] Belurat, Tower Settlement",Commoner (?),52405188,,666,-,,121,121,121,121,121,121,121,121,,-10,-10,-10,-10,-20,-40,-20,0,,160,160,213,213,213,Immune,Immune,,1,1,1,1,1,,30,1,30,2.308,,1,1,1,1,1,1,1,1,1.5,0
[DLC] Jagged Peak / Enir-Ilim / Finger Birthing Grounds,Commoner (?),52405189,,"1,197",-,,124,124,124,124,124,124,124,124,,-10,-10,-10,-10,-20,-40,-20,0,,181,181,242,242,242,Immune,Immune,,1,1,1,1,1,,30,1,30,2.308,,1,1,1,1,1,1,1,1,1.5,0
[DLC] Scadu Altus,Commoner (?),52405190,,852,-,,122,122,122,122,122,122,122,122,,-10,-10,-10,-10,-20,-40,-20,0,,165,165,221,221,221,Immune,Immune,,1,1,1,1,1,,30,1,30,2.308,,1,1,1,1,1,1,1,1,1.5,0
[DLC] Scaduview / Ancient Ruins of Rauh,Commoner (?),52405194,,"1,118",-,,124,124,124,124,124,124,124,124,,-10,-10,-10,-10,-20,-40,-20,0,,177,177,237,237,237,Immune,Immune,,1,1,1,1,1,,30,1,30,2.308,,1,1,1,1,1,1,1,1,1.5,0
[DLC] Abyssal Woods / Hinterland,Commoner (?),52405286,,"1,158",-,,124,124,124,124,124,124,124,124,,-10,-10,-10,-10,-20,-40,-20,0,,179,179,239,239,239,Immune,Immune,,1,1,1,1,1,,30,1,30,2.308,,1,1,1,1,1,1,1,1,1.5,0
"[DLC] Belurat, Tower Settlement",Commoner (?),52405288,,666,-,,121,121,121,121,121,121,121,121,,-10,-10,-10,-10,-20,-40,-20,0,,160,160,213,213,213,Immune,Immune,,1,1,1,1,1,,30,1,30,2.308,,1,1,1,1,1,1,1,1,1.5,0
[DLC] Jagged Peak / Enir-Ilim / Finger Birthing Grounds,Commoner (?),52405289,,"1,197",-,,124,124,124,124,124,124,124,124,,-10,-10,-10,-10,-20,-40,-20,0,,181,181,242,242,242,Immune,Immune,,1,1,1,1,1,,30,1,30,2.308,,1,1,1,1,1,1,1,1,1.5,0
[DLC] Scadu Altus,Commoner (?),52405290,,852,-,,122,122,122,122,122,122,122,122,,-10,-10,-10,-10,-20,-40,-20,0,,165,165,221,221,221,Immune,Immune,,1,1,1,1,1,,30,1,30,2.308,,1,1,1,1,1,1,1,1,1.5,0
[DLC] Scaduview / Ancient Ruins of Rauh,Commoner (?),52405294,,"1,118",-,,124,124,124,124,124,124,124,124,,-10,-10,-10,-10,-20,-40,-20,0,,177,177,237,237,237,Immune,Immune,,1,1,1,1,1,,30,1,30,2.308,,1,1,1,1,1,1,1,1,1.5,0
"[DLC] Belurat, Tower Settlement",Commoner (?),52405388,,666,-,,121,121,121,121,121,121,121,121,,-10,-10,-10,-10,-20,-40,-20,0,,160,160,213,213,213,Immune,Immune,,1,1,1,1,1,,30,1,30,2.308,,1,1,1,1,1,1,1,1,1.5,0
[DLC] Gravesite Plain,Commoner (?),52406080,,598,-,,121,121,121,121,121,121,121,121,,-10,-10,-10,-10,-20,-40,-20,0,,157,157,210,210,210,Immune,Immune,,1,1,1,1,1,,30,1,30,2.308,,1,1,1,1,1,1,1,1,1.5,0
[DLC] Castle Ensis / Cerulean Coast,Commoner (?),52406083,,823,-,,122,122,122,122,122,122,122,122,,-10,-10,-10,-10,-20,-40,-20,0,,164,164,219,219,219,Immune,Immune,,1,1,1,1,1,,30,1,30,2.308,,1,1,1,1,1,1,1,1,1.5,0
[DLC] Scadu Altus,Commoner (?),52406090,,852,-,,122,122,122,122,122,122,122,122,,-10,-10,-10,-10,-20,-40,-20,0,,165,165,221,221,221,Immune,Immune,,1,1,1,1,1,,30,1,30,2.308,,1,1,1,1,1,1,1,1,1.5,0
[DLC] Charo's Hidden Grave,Commoner (?),52406095,,913,-,,123,123,123,123,123,123,123,123,,-10,-10,-10,-10,-20,-40,-20,0,,166,166,222,222,222,Immune,Immune,,1,1,1,1,1,,30,1,30,2.308,,1,1,1,1,1,1,1,1,1.5,0
"[DLC] Belurat, Tower Settlement",Commoner (?),52406188,,666,-,,121,121,121,121,121,121,121,121,,-10,-10,-10,-10,-20,-40,-20,0,,160,160,213,213,213,Immune,Immune,,1,1,1,1,1,,30,1,30,2.308,,1,1,1,1,1,1,1,1,1.5,0
[DLC] Jagged Peak / Enir-Ilim / Finger Birthing Grounds,Commoner (?),52406189,,"1,197",-,,124,124,124,124,124,124,124,124,,-10,-10,-10,-10,-20,-40,-20,0,,181,181,242,242,242,Immune,Immune,,1,1,1,1,1,,30,1,30,2.308,,1,1,1,1,1,1,1,1,1.5,0
[DLC] Scadu Altus,Commoner (?),52406190,,852,-,,122,122,122,122,122,122,122,122,,-10,-10,-10,-10,-20,-40,-20,0,,165,165,221,221,221,Immune,Immune,,1,1,1,1,1,,30,1,30,2.308,,1,1,1,1,1,1,1,1,1.5,0
[DLC] Scaduview / Ancient Ruins of Rauh,Commoner (?),52406194,,"1,118",-,,124,124,124,124,124,124,124,124,,-10,-10,-10,-10,-20,-40,-20,0,,177,177,237,237,237,Immune,Immune,,1,1,1,1,1,,30,1,30,2.308,,1,1,1,1,1,1,1,1,1.5,0
[DLC] Gravesite Plain,Commoner (?),52406280,,598,-,,121,121,121,121,121,121,121,121,,-10,-10,-10,-10,-20,-40,-20,0,,157,157,210,210,210,Immune,Immune,,1,1,1,1,1,,30,1,30,2.308,,1,1,1,1,1,1,1,1,1.5,0
[DLC] Castle Ensis / Cerulean Coast,Commoner (?),52406283,,823,-,,122,122,122,122,122,122,122,122,,-10,-10,-10,-10,-20,-40,-20,0,,164,164,219,219,219,Immune,Immune,,1,1,1,1,1,,30,1,30,2.308,,1,1,1,1,1,1,1,1,1.5,0
[DLC] Scadu Altus,Commoner (?),52406290,,852,-,,122,122,122,122,122,122,122,122,,-10,-10,-10,-10,-20,-40,-20,0,,165,165,221,221,221,Immune,Immune,,1,1,1,1,1,,30,1,30,2.308,,1,1,1,1,1,1,1,1,1.5,0
[DLC] Charo's Hidden Grave,Commoner (?),52406295,,913,-,,123,123,123,123,123,123,123,123,,-10,-10,-10,-10,-20,-40,-20,0,,166,166,222,222,222,Immune,Immune,,1,1,1,1,1,,30,1,30,2.308,,1,1,1,1,1,1,1,1,1.5,0
[DLC] Scaduview / Ancient Ruins of Rauh,Commoner (?),52406394,,"1,118",-,,124,124,124,124,124,124,124,124,,-10,-10,-10,-10,-20,-40,-20,0,,177,177,237,237,237,Immune,Immune,,1,1,1,1,1,,30,1,30,2.308,,1,1,1,1,1,1,1,1,1.5,0
"[DLC] Belurat, Tower Settlement",Commoner (?),52406488,,666,-,,121,121,121,121,121,121,121,121,,-10,-10,-10,-10,-20,-40,-20,0,,160,160,213,213,213,Immune,Immune,,1,1,1,1,1,,30,1,30,2.308,,1,1,1,1,1,1,1,1,1.5,0
[DLC] Scaduview / Ancient Ruins of Rauh,Commoner (?),52406494,,"1,118",-,,124,124,124,124,124,124,124,124,,-10,-10,-10,-10,-20,-40,-20,0,,177,177,237,237,237,Immune,Immune,,1,1,1,1,1,,30,1,30,2.308,,1,1,1,1,1,1,1,1,1.5,0
[DLC] Charo's Hidden Grave,Commoner (?),52406495,,913,-,,123,123,123,123,123,123,123,123,,-10,-10,-10,-10,-20,-40,-20,0,,166,166,222,222,222,Immune,Immune,,1,1,1,1,1,,30,1,30,2.308,,1,1,1,1,1,1,1,1,1.5,0
[DLC] Scaduview / Ancient Ruins of Rauh,Commoner (?),52406594,,"1,118",-,,124,124,124,124,124,124,124,124,,-10,-10,-10,-10,-20,-40,-20,0,,177,177,237,237,237,Immune,Immune,,1,1,1,1,1,,30,1,30,2.308,,1,1,1,1,1,1,1,1,1.5,0
[DLC] Scaduview / Ancient Ruins of Rauh,Commoner (?),52406694,,"1,118",-,,124,124,124,124,124,124,124,124,,-10,-10,-10,-10,-20,-40,-20,0,,177,177,237,237,237,Immune,Immune,,1,1,1,1,1,,30,1,30,2.308,,1,1,1,1,1,1,1,1,1.5,0
[DLC] Scaduview / Ancient Ruins of Rauh,Commoner (?),52406794,,"1,118",-,,124,124,124,124,124,124,124,124,,-10,-10,-10,-10,-20,-40,-20,0,,177,177,237,237,237,Immune,Immune,,1,1,1,1,1,,30,1,30,2.308,,1,1,1,1,1,1,1,1,1.5,0
[DLC] Scaduview / Ancient Ruins of Rauh,Commoner (?),52406894,,"1,118",-,,124,124,124,124,124,124,124,124,,-10,-10,-10,-10,-20,-40,-20,0,,177,177,237,237,237,Immune,Immune,,1,1,1,1,1,,30,1,30,2.308,,1,1,1,1,1,1,1,1,1.5,0
[DLC] Gravesite Plain,Commoner (?),52407080,,"1,148",-,,121,121,121,121,121,121,121,121,,-10,-10,-10,-10,-20,-40,-20,0,,157,157,210,210,210,Immune,Immune,,1,1,1,1,1,,30,1,30,2.308,,1,1,1,1,1,1,1,1,1.5,0
[DLC] Scadu Altus,Commoner (?),52407090,,"1,635",-,,122,122,122,122,122,122,122,122,,-10,-10,-10,-10,-20,-40,-20,0,,165,165,221,221,221,Immune,Immune,,1,1,1,1,1,,30,1,30,2.308,,1,1,1,1,1,1,1,1,1.5,0
[DLC] Scadutree Base,Commoner (?),52407091,,"1,925",-,,123,123,123,123,123,123,123,123,,-10,-10,-10,-10,-20,-40,-20,0,,172,172,229,229,229,Immune,Immune,,1,1,1,1,1,,30,1,30,2.308,,1,1,1,1,1,1,1,1,1.5,0
[DLC] Gravesite Plain,Commoner (?),52407480,,598,-,,121,121,121,121,121,121,121,121,,-10,-10,-10,-10,-20,-40,-20,0,,157,157,210,210,210,Immune,Immune,,1,1,1,1,1,,30,1,30,2.308,,1,1,1,1,1,1,1,1,1.5,0
[DLC] Charo's Hidden Grave,Commoner (?),52407495,,913,-,,123,123,123,123,123,123,123,123,,-10,-10,-10,-10,-20,-40,-20,0,,166,166,222,222,222,Immune,Immune,,1,1,1,1,1,,30,1,30,2.308,,1,1,1,1,1,1,1,1,1.5,0
[DLC] Gravesite Plain,Commoner (?),52407580,,598,-,,121,121,121,121,121,121,121,121,,-10,-10,-10,-10,-20,-40,-20,0,,157,157,210,210,210,Immune,Immune,,1,1,1,1,1,,30,1,30,2.308,,1,1,1,1,1,1,1,1,1.5,0
[DLC] Scadu Altus,Commoner (?),52407590,,852,-,,122,122,122,122,122,122,122,122,,-10,-10,-10,-10,-20,-40,-20,0,,165,165,221,221,221,Immune,Immune,,1,1,1,1,1,,30,1,30,2.308,,1,1,1,1,1,1,1,1,1.5,0
[DLC] Abyssal Woods / Hinterland,Commoner (?),52408086,,"1,158",-,,124,124,124,124,124,124,124,124,,-10,-10,-10,-10,-20,-40,-20,0,,179,179,239,239,239,Immune,Immune,,1,1,1,1,1,,30,1,30,2.308,,1,1,1,1,1,1,1,1,1.5,0
[DLC] Abyssal Woods / Hinterland,Commoner (?),52408186,,"1,158",-,,124,124,124,124,124,124,124,124,,-10,-10,-10,-10,-20,-40,-20,0,,179,179,239,239,239,Immune,Immune,,1,1,1,1,1,,30,1,30,2.308,,1,1,1,1,1,1,1,1,1.5,0
[DLC] Scaduview / Ancient Ruins of Rauh,Commoner (?),52408194,,"1,118",-,,124,124,124,124,124,124,124,124,,-10,-10,-10,-10,-20,-40,-20,0,,177,177,237,237,237,Immune,Immune,,1,1,1,1,1,,30,1,30,2.308,,1,1,1,1,1,1,1,1,1.5,0
[DLC] Gravesite Plain,Commoner (?),52409080,,598,-,,121,121,121,121,121,121,121,121,,-10,-10,-10,-10,-20,-40,-20,0,,157,157,210,210,210,Immune,Immune,,1,1,1,1,1,,30,1,30,2.308,,1,1,1,1,1,1,1,1,1.5,0
[DLC] Ellac River,Commoner (?),52409081,,731,-,,122,122,122,122,122,122,122,122,,-10,-10,-10,-10,-20,-40,-20,0,,162,162,216,216,216,Immune,Immune,,1,1,1,1,1,,30,1,30,2.308,,1,1,1,1,1,1,1,1,1.5,0
[DLC] Scadu Altus,Commoner (?),52409090,,852,-,,122,122,122,122,122,122,122,122,,-10,-10,-10,-10,-20,-40,-20,0,,165,165,221,221,221,Immune,Immune,,1,1,1,1,1,,30,1,30,2.308,,1,1,1,1,1,1,1,1,1.5,0
[DLC] Ellac River,Commoner (?),52409181,,731,-,,122,122,122,122,122,122,122,122,,-10,-10,-10,-10,-20,-40,-20,0,,162,162,216,216,216,Immune,Immune,,1,1,1,1,1,,30,1,30,2.308,,1,1,1,1,1,1,1,1,1.5,0
[DLC] Castle Ensis / Cerulean Coast,Commoner (?),52409183,,823,-,,122,122,122,122,122,122,122,122,,-10,-10,-10,-10,-20,-40,-20,0,,164,164,219,219,219,Immune,Immune,,1,1,1,1,1,,30,1,30,2.308,,1,1,1,1,1,1,1,1,1.5,0
[DLC] Abyssal Woods / Hinterland,Commoner (?),52409186,,"1,158",-,,124,124,124,124,124,124,124,124,,-10,-10,-10,-10,-20,-40,-20,0,,179,179,239,239,239,Immune,Immune,,1,1,1,1,1,,30,1,30,2.308,,1,1,1,1,1,1,1,1,1.5,0
"[DLC] Belurat, Tower Settlement",Commoner (?),52409188,,666,-,,121,121,121,121,121,121,121,121,,-10,-10,-10,-10,-20,-40,-20,0,,160,160,213,213,213,Immune,Immune,,1,1,1,1,1,,30,1,30,2.308,,1,1,1,1,1,1,1,1,1.5,0
[DLC] Stone Coffin Fissure / Shadow Keep,Commoner (?),52409287,,973,-,,123,123,123,123,123,123,123,123,,-10,-10,-10,-10,-20,0,-20,0,,170,170,227,227,227,Immune,Immune,,1,1,1,1,1,,30,1,30,2.308,,1,1,1,1,1,1,1,1,1.5,0
[DLC] Gravesite Plain,Commoner (?),52409380,,598,-,,121,121,121,121,121,121,121,121,,-10,-10,-10,-10,-20,-40,-20,0,,157,157,210,210,210,Immune,Immune,,1,1,1,1,1,,30,1,30,2.308,,1,1,1,1,1,1,1,1,1.5,0
[DLC] Charo's Hidden Grave,Commoner (?),52409384,,913,-,,123,123,123,123,123,123,123,123,,-10,-10,-10,-10,-20,-40,-20,0,,166,166,222,222,222,Immune,Immune,,1,1,1,1,1,,30,1,30,2.308,,1,1,1,1,1,1,1,1,1.5,0
[DLC] Abyssal Woods / Hinterland,Commoner Slave,52410086,,"5,559",-,,124,124,124,124,124,124,124,124,,-10,-10,-10,-10,-20,-40,-20,0,,319,319,439,439,319,Immune,Immune,,1,1,1,1,1,,40,1,40,3.077,,1,1,1,1,1,1,1,1,1.5,0
"[DLC] Belurat, Tower Settlement",Commoner Slave,52410088,,"3,200",-,,121,121,121,121,121,121,121,121,,-10,-10,-10,-10,-20,-40,-20,0,,284,284,391,391,284,Immune,Immune,,1,1,1,1,1,,40,1,40,3.077,,1,1,1,1,1,1,1,1,1.5,0
[DLC] Jagged Peak / Enir-Ilim / Finger Birthing Grounds,Commoner Slave,52410089,,"5,750",-,,124,124,124,124,124,124,124,124,,-10,-10,-10,-10,-20,-40,-20,0,,322,322,443,443,322,Immune,Immune,,1,1,1,1,1,,40,1,40,3.077,,1,1,1,1,1,1,1,1,1.5,0
[DLC] Scadu Altus,Commoner Slave,52410090,,"4,092",-,,122,122,122,122,122,122,122,122,,-10,-10,-10,-10,-20,-40,-20,0,,294,294,405,405,294,Immune,Immune,,1,1,1,1,1,,40,1,40,3.077,,1,1,1,1,1,1,1,1,1.5,0
[DLC] Charo's Hidden Grave,Commoner Slave,52410095,,"3,988",-,,123,123,123,123,123,123,123,123,,0,0,0,0,-20,-40,-20,0,,296,296,407,407,296,Immune,Immune,,1,1,1,1,1,,40,1,40,3.077,,1,1,1,1,1,1,1,1,1.5,0
[DLC] Abyssal Woods / Hinterland,Horned Warrior (Sword),52500086,,"6,172",-,,124,124,124,124,124,124,124,124,,40,40,40,0,20,20,20,0,,319,319,319,319,179,Immune,Immune,,1,1,1,1,1,,80,1,80,6.154,,1,1,1,1,1,1,1,1,1.5,0
"[DLC] Belurat, Tower Settlement",Horned Warrior (Sword),52500088,,"3,553",-,,121,121,121,121,121,121,121,121,,40,40,40,0,20,20,20,0,,284,284,284,284,160,Immune,Immune,,1,1,1,1,1,,80,1,80,6.154,,1,1,1,1,1,1,1,1,1.5,0
[DLC] Scadu Altus,Horned Warrior (Sword),52500090,,"4,544",-,,122,122,122,122,122,122,122,122,,40,40,40,0,20,20,20,0,,294,294,294,294,165,Immune,Immune,,1,1,1,1,1,,80,1,80,6.154,,1,1,1,1,1,1,1,1,1.5,0
[DLC] Scaduview / Ancient Ruins of Rauh,Horned Warrior (Sword),52500094,,"5,959",-,,124,124,124,124,124,124,124,124,,40,40,40,0,20,20,20,0,,316,316,316,316,177,Immune,Immune,,1,1,1,1,1,,80,1,80,6.154,,1,1,1,1,1,1,1,1,1.5,0
[DLC] Charo's Hidden Grave,Horned Warrior (Sword),52500095,,"4,869",-,,123,123,123,123,123,123,123,123,,40,40,40,0,20,20,20,0,,296,296,296,296,166,Immune,Immune,,1,1,1,1,1,,80,1,80,6.154,,1,1,1,1,1,1,1,1,1.5,0
[DLC] Jagged Peak / Enir-Ilim / Finger Birthing Grounds,Horned Warrior (Sword),52500189,,"6,384",-,,124,124,124,124,124,124,124,124,,40,40,40,0,20,20,20,0,,322,322,322,322,181,Immune,Immune,,1,1,1,1,1,,80,1,80,6.154,,1,1,1,1,1,1,1,1,1.5,0
[DLC] Scaduview / Ancient Ruins of Rauh,Horned Warrior (Sword),52500194,,"5,959",-,,124,124,124,124,124,124,124,124,,40,40,40,0,20,20,20,0,,316,316,316,316,177,Immune,Immune,,1,1,1,1,1,,80,1,80,6.154,,1,1,1,1,1,1,1,1,1.5,0
"[DLC] Belurat, Tower Settlement",Horned Warrior (Sword),52500988,,"3,553",-,,121,121,121,121,121,121,121,121,,40,40,40,0,20,20,20,0,,284,284,284,284,160,Immune,Immune,,1,1,1,1,1,,80,1,80,6.154,,1,1,1,1,1,1,1,1,1.5,0
[DLC] Abyssal Woods / Hinterland,Horned Warrior (Greatsword),52501086,,"6,172",-,,124,124,124,124,124,124,124,124,,40,40,40,0,20,20,20,0,,319,319,319,319,179,Immune,Immune,,1,1,1,1,1,,80,1,80,6.154,,1,1,1,1,1,1,1,1,1.5,0
"[DLC] Belurat, Tower Settlement",Horned Warrior (Greatsword),52501088,,"3,553",-,,121,121,121,121,121,121,121,121,,40,40,40,0,20,20,20,0,,284,284,284,284,160,Immune,Immune,,1,1,1,1,1,,80,1,80,6.154,,1,1,1,1,1,1,1,1,1.5,0
[DLC] Scadu Altus,Horned Warrior (Greatsword),52501090,,"4,544",-,,122,122,122,122,122,122,122,122,,40,40,40,0,20,20,20,0,,294,294,294,294,165,Immune,Immune,,1,1,1,1,1,,80,1,80,6.154,,1,1,1,1,1,1,1,1,1.5,0
[DLC] Scaduview / Ancient Ruins of Rauh,Horned Warrior (Greatsword),52501094,,"5,959",-,,124,124,124,124,124,124,124,124,,40,40,40,0,20,20,20,0,,316,316,316,316,177,Immune,Immune,,1,1,1,1,1,,80,1,80,6.154,,1,1,1,1,1,1,1,1,1.5,0
[DLC] Charo's Hidden Grave,Horned Warrior (Greatsword),52501095,,"4,869",-,,123,123,123,123,123,123,123,123,,40,40,40,0,20,20,20,0,,296,296,296,296,166,Immune,Immune,,1,1,1,1,1,,80,1,80,6.154,,1,1,1,1,1,1,1,1,1.5,0
[DLC] Jagged Peak / Enir-Ilim / Finger Birthing Grounds,Horned Warrior (Greatsword - Divine Beast),52501189,,"6,384",-,,124,124,124,124,124,124,124,124,,40,40,40,0,20,20,20,0,,322,322,322,322,181,Immune,Immune,,1,1,1,1,1,,80,1,80,6.154,,1,1,1,1,1,1,1,1,1.5,0
[DLC] Jagged Peak / Enir-Ilim / Finger Birthing Grounds,Horned Warrior (Greatsword - Divine Beast),52501289,,"8,554",-,,124,124,124,124,124,124,124,124,,40,40,40,0,20,20,20,0,,322,322,322,322,181,Immune,Immune,,1,1,1,1,1,,80,1,80,6.154,,1,1,1,1,1,1,1,1,1.5,0
[DLC] Jagged Peak / Enir-Ilim / Finger Birthing Grounds,Horned Warrior (Greatsword - Divine Beast),52501389,,"8,554",-,,124,124,124,124,124,124,124,124,,40,40,40,0,20,20,20,0,,322,322,322,322,181,Immune,Immune,,1,1,1,1,1,,80,1,80,6.154,,1,1,1,1,1,1,1,1,1.5,0
[DLC] Jagged Peak / Enir-Ilim / Finger Birthing Grounds,Horned Warrior (?),52501489,,"10,612",-,,124,124,124,124,124,124,124,124,,40,40,40,0,20,20,20,0,,322,322,322,322,181,Immune,Immune,,1,1,1,1,1,,80,1,80,6.154,,1,1,1,1,1,1,1,1,1.5,0
[DLC] Jagged Peak / Enir-Ilim / Finger Birthing Grounds,Horned Warrior (?),52501989,,"10,612",-,,124,124,124,124,124,124,124,124,,40,40,40,0,20,20,20,0,,322,322,322,322,181,Immune,Immune,,1,1,1,1,1,,80,1,80,6.154,,1,1,1,1,1,1,1,1,1.5,0
[DLC] Jagged Peak / Enir-Ilim / Finger Birthing Grounds,Horned Warrior (?),52502089,,"1,987",-,,124,124,124,124,124,124,124,124,,0,0,0,0,0,0,0,0,,322,322,322,322,181,Immune,Immune,,1,1,1,1,1,,30,1,30,2.308,,1,1,1,1,1,1,1,1,1.5,0
[DLC] Ellac River,Golem Smith,52600081,,"6,698",-,,122,122,122,122,122,122,122,122,,73,67,80,80,73,93,80,80,,Immune,Immune,Immune,Immune,Immune,Immune,Immune,,1,1,1,1,1,,75,1,75,5.769,,1,1,1,1,1,1,1,1,3,1
[DLC] Scadu Altus,Golem Smith,52600090,,"7,804",-,,122,122,122,122,122,122,122,122,,73,67,80,80,73,93,80,80,,Immune,Immune,Immune,Immune,Immune,Immune,Immune,,1,1,1,1,1,,75,1,75,5.769,,1,1,1,1,1,1,1,1,3,1
[DLC] Scaduview / Ancient Ruins of Rauh,Golem Smith,52600093,,"10,235",-,,124,124,124,124,124,124,124,124,,73,67,80,80,73,93,80,80,,Immune,Immune,Immune,Immune,Immune,Immune,Immune,,1,1,1,1,1,,75,1,75,5.769,,1,1,1,1,1,1,1,1,3,1
[DLC] Ellac River,Golem Smith,52600181,,"6,698",-,,122,122,122,122,122,122,122,122,,73,67,80,80,73,93,80,80,,Immune,Immune,Immune,Immune,Immune,Immune,Immune,,1,1,1,1,1,,75,1,75,5.769,,1,1,1,1,1,1,1,1,1.5,0
[DLC] Scadu Altus,Golem Smith,52600290,,"7,804",-,,122,122,122,122,122,122,122,122,,73,67,80,80,73,93,80,80,,Immune,Immune,Immune,Immune,Immune,Immune,Immune,,1,1,1,1,1,,75,1,75,5.769,,1,1,1,1,1,1,1,1,3,1
[DLC] Scadu Altus,Golem Smith,52601090,,"7,804",-,,122,122,122,122,122,122,122,122,,73,67,80,80,73,93,80,80,,Immune,Immune,Immune,Immune,Immune,Immune,Immune,,1,1,1,1,1,,75,1,75,5.769,,1,1,1,1,1,1,1,1,3,1
[DLC] Scaduview / Ancient Ruins of Rauh,Golem Smith,52601093,,"10,235",-,,124,124,124,124,124,124,124,124,,73,67,80,80,73,93,80,80,,Immune,Immune,Immune,Immune,Immune,Immune,Immune,,1,1,1,1,1,,75,1,75,5.769,,1,1,1,1,1,1,1,1,3,1
[DLC] Charo's Hidden Grave,Golem Smith,52601095,,"8,363",-,,123,123,123,123,123,123,123,123,,73,67,80,80,73,93,80,80,,Immune,Immune,Immune,Immune,Immune,Immune,Immune,,1,1,1,1,1,,75,1,75,5.769,,1,1,1,1,1,1,1,1,3,1
[DLC] Scadu Altus,Golem Smith,52601190,,"7,804",-,,122,122,122,122,122,122,122,122,,73,67,80,80,73,93,80,80,,Immune,Immune,Immune,Immune,Immune,Immune,Immune,,1,1,1,1,1,,75,1,75,5.769,,1,1,1,1,1,1,1,1,1.5,0
[DLC] Scadu Altus,Golem Smith,52601290,,"7,804",-,,122,122,122,122,122,122,122,122,,73,67,80,80,73,93,80,80,,Immune,Immune,Immune,Immune,Immune,Immune,Immune,,1,1,1,1,1,,75,1,75,5.769,,1,1,1,1,1,1,1,1,3,1
[DLC] Ellac River,Golem Smith,52602081,,"6,698",-,,122,122,122,122,122,122,122,122,,73,67,80,80,73,93,80,80,,Immune,Immune,Immune,Immune,Immune,Immune,Immune,,1,1,1,1,1,,75,1,75,5.769,,1,1,1,1,1,1,1,1,3,1
[DLC] Scadu Altus,Golem Smith,52602090,,"7,804",-,,122,122,122,122,122,122,122,122,,73,67,80,80,73,93,80,80,,Immune,Immune,Immune,Immune,Immune,Immune,Immune,,1,1,1,1,1,,75,1,75,5.769,,1,1,1,1,1,1,1,1,3,1
[DLC] Scaduview / Ancient Ruins of Rauh,Golem Smith,52602093,,"10,235",-,,124,124,124,124,124,124,124,124,,73,67,80,80,73,93,80,80,,Immune,Immune,Immune,Immune,Immune,Immune,Immune,,1,1,1,1,1,,75,1,75,5.769,,1,1,1,1,1,1,1,1,3,1
[DLC] Charo's Hidden Grave,Golem Smith,52602095,,"8,363",-,,123,123,123,123,123,123,123,123,,73,67,80,80,73,93,80,80,,Immune,Immune,Immune,Immune,Immune,Immune,Immune,,1,1,1,1,1,,75,1,75,5.769,,1,1,1,1,1,1,1,1,3,1
[DLC] Ellac River,Golem Smith,52602181,,"6,698",-,,122,122,122,122,122,122,122,122,,73,67,80,80,73,93,80,80,,Immune,Immune,Immune,Immune,Immune,Immune,Immune,,1,1,1,1,1,,75,1,75,5.769,,1,1,1,1,1,1,1,1,1.5,0
[DLC] Ellac River,Golem Smith (Golem Fist),52602281,,"6,698",-,,122,122,122,122,122,122,122,122,,73,67,80,80,73,93,80,80,,Immune,Immune,Immune,Immune,Immune,Immune,Immune,,1,1,1,1,1,,75,1,75,5.769,,1,1,1,1,1,1,1,1,3,1
[DLC] Scadu Altus,Golem Smith (Golem Fist),52602290,,"7,804",-,,122,122,122,122,122,122,122,122,,73,67,80,80,73,93,80,80,,Immune,Immune,Immune,Immune,Immune,Immune,Immune,,1,1,1,1,1,,75,1,75,5.769,,1,1,1,1,1,1,1,1,3,1
[DLC] Charo's Hidden Grave,Golem Smith (Golem Fist),52602295,,"8,363",-,,123,123,123,123,123,123,123,123,,73,67,80,80,73,93,80,80,,Immune,Immune,Immune,Immune,Immune,Immune,Immune,,1,1,1,1,1,,75,1,75,5.769,,1,1,1,1,1,1,1,1,3,1
[DLC] Ellac River,Golem Smith (Golem Fist),52602381,,"6,698",-,,122,122,122,122,122,122,122,122,,73,67,80,80,73,93,80,80,,Immune,Immune,Immune,Immune,Immune,Immune,Immune,,1,1,1,1,1,,75,1,75,5.769,,1,1,1,1,1,1,1,1,1.5,0
[DLC] Scadu Altus,Golem Smith,52602490,,"7,804",-,,122,122,122,122,122,122,122,122,,73,67,80,80,73,93,80,80,,Immune,Immune,Immune,Immune,Immune,Immune,Immune,,1,1,1,1,1,,75,1,75,5.769,,1,1,1,1,1,1,1,1,3,1
[DLC] Gravesite Plain,Living Jar Innards,52700080,,"2,797",-,,121,121,121,121,121,121,121,121,,0,0,-20,0,0,0,0,40,,280,280,280,280,280,Immune,Immune,,1,1,1,1,1,,40,1,40,3.077,,1,1,1,1,1,1,1,1,1.5,0
[DLC] Charo's Hidden Grave,Living Jar Innards,52700084,,"4,267",-,,123,123,123,123,123,123,123,123,,0,0,-20,0,0,0,0,40,,296,296,296,296,296,Immune,Immune,,1,1,1,1,1,,40,1,40,3.077,,1,1,1,1,1,1,1,1,1.5,0
[DLC] Scadu Altus,Living Jar Innards,52700090,,"3,982",-,,122,122,122,122,122,122,122,122,,0,0,-20,0,0,0,0,40,,294,294,294,294,294,Immune,Immune,,1,1,1,1,1,,40,1,40,3.077,,1,1,1,1,1,1,1,1,1.5,0
[DLC] Stone Coffin Fissure / Shadow Keep,Living Jar Innards,52700098,,"4,546",-,,123,123,123,123,123,123,123,123,,0,0,-20,0,0,0,0,40,,303,303,303,303,303,Immune,Immune,,1,1,1,1,1,,40,1,40,3.077,,1,1,1,1,1,1,1,1,1.5,0
[DLC] Gravesite Plain,Living Jar Innards,52700180,,"2,797",-,,121,121,121,121,121,121,121,121,,0,0,-20,0,0,0,0,40,,280,280,280,280,280,Immune,Immune,,1,1,1,1,1,,40,1,40,3.077,,1,1,1,1,1,1,1,1,1.5,0
[DLC] Charo's Hidden Grave,Living Jar Innards,52700184,,"4,267",-,,123,123,123,123,123,123,123,123,,0,0,-20,0,0,0,0,40,,296,296,296,296,296,Immune,Immune,,1,1,1,1,1,,40,1,40,3.077,,1,1,1,1,1,1,1,1,1.5,0
[DLC] Scadu Altus,Living Jar Innards,52700190,,"3,982",-,,122,122,122,122,122,122,122,122,,0,0,-20,0,0,0,0,40,,294,294,294,294,294,Immune,Immune,,1,1,1,1,1,,40,1,40,3.077,,1,1,1,1,1,1,1,1,1.5,0
[DLC] Stone Coffin Fissure / Shadow Keep,Living Jar Innards,52700198,,"4,546",-,,123,123,123,123,123,123,123,123,,0,0,-20,0,0,0,0,40,,303,303,303,303,303,Immune,Immune,,1,1,1,1,1,,40,1,40,3.077,,1,1,1,1,1,1,1,1,1.5,0
[DLC] Gravesite Plain,Living Jar Innards,52700280,,"2,797",-,,121,121,121,121,121,121,121,121,,50,50,40,50,50,50,50,70,,280,280,280,280,280,Immune,Immune,,1,1,1,1,1,,40,1,40,3.077,,1,1,1,1,1,1,1,1,1.5,0
[DLC] Charo's Hidden Grave,Living Jar Innards,52700284,,"4,267",-,,123,123,123,123,123,123,123,123,,50,50,40,50,50,50,50,70,,296,296,296,296,296,Immune,Immune,,1,1,1,1,1,,40,1,40,3.077,,1,1,1,1,1,1,1,1,1.5,0
[DLC] Scadu Altus,Living Jar Innards,52700290,,"3,982",-,,122,122,122,122,122,122,122,122,,50,50,40,50,50,50,50,70,,294,294,294,294,294,Immune,Immune,,1,1,1,1,1,,40,1,40,3.077,,1,1,1,1,1,1,1,1,1.5,0
[DLC] Stone Coffin Fissure / Shadow Keep,Living Jar Innards,52700298,,"4,546",-,,123,123,123,123,123,123,123,123,,50,50,40,50,50,50,50,70,,303,303,303,303,303,Immune,Immune,,1,1,1,1,1,,40,1,40,3.077,,1,1,1,1,1,1,1,1,1.5,0
[DLC] Gravesite Plain,Living Jar Innards (Large),52710080,,"4,693",-,,121,121,121,121,121,121,121,121,,0,0,-20,0,0,0,0,40,,280,280,280,280,280,Immune,Immune,,1,1,1,1,1,,60,1,60,4.615,,1,1,1,1,1,1,1,1,1.5,0
[DLC] Charo's Hidden Grave,Living Jar Innards (Large),52710084,,"7,159",-,,123,123,123,123,123,123,123,123,,0,0,-20,0,0,0,0,40,,296,296,296,296,296,Immune,Immune,,1,1,1,1,1,,60,1,60,4.615,,1,1,1,1,1,1,1,1,1.5,0
[DLC] Scadu Altus,Living Jar Innards (Large),52710090,,"6,680",-,,122,122,122,122,122,122,122,122,,0,0,-20,0,0,0,0,40,,294,294,294,294,294,Immune,Immune,,1,1,1,1,1,,60,1,60,4.615,,1,1,1,1,1,1,1,1,1.5,0
[DLC] Stone Coffin Fissure / Shadow Keep,Living Jar Innards (Large),52710098,,"7,627",-,,123,123,123,123,123,123,123,123,,0,0,-20,0,0,0,0,40,,303,303,303,303,303,Immune,Immune,,1,1,1,1,1,,60,1,60,4.615,,1,1,1,1,1,1,1,1,1.5,0
[DLC] Gravesite Plain,Living Jar Innards (Large),52710180,,"4,693",-,,121,121,121,121,121,121,121,121,,0,0,-20,0,0,0,0,40,,280,280,280,280,280,Immune,Immune,,1,1,1,1,1,,60,1,60,4.615,,1,1,1,1,1,1,1,1,1.5,0
[DLC] Charo's Hidden Grave,Living Jar Innards (Large),52710184,,"7,159",-,,123,123,123,123,123,123,123,123,,0,0,-20,0,0,0,0,40,,296,296,296,296,296,Immune,Immune,,1,1,1,1,1,,60,1,60,4.615,,1,1,1,1,1,1,1,1,1.5,0
[DLC] Scadu Altus,Living Jar Innards (Large),52710190,,"6,680",-,,122,122,122,122,122,122,122,122,,0,0,-20,0,0,0,0,40,,294,294,294,294,294,Immune,Immune,,1,1,1,1,1,,60,1,60,4.615,,1,1,1,1,1,1,1,1,1.5,0
[DLC] Stone Coffin Fissure / Shadow Keep,Living Jar Innards (Large),52710198,,"7,627",-,,123,123,123,123,123,123,123,123,,0,0,-20,0,0,0,0,40,,303,303,303,303,303,Immune,Immune,,1,1,1,1,1,,60,1,60,4.615,,1,1,1,1,1,1,1,1,1.5,0
[DLC] Gravesite Plain,Living Jar Innards (Large),52710280,,"4,693",-,,121,121,121,121,121,121,121,121,,50,50,40,50,50,50,50,70,,280,280,280,280,280,Immune,Immune,,1,1,1,1,1,,60,1,60,4.615,,1,1,1,1,1,1,1,1,1.5,0
[DLC] Charo's Hidden Grave,Living Jar Innards (Large),52710284,,"7,159",-,,123,123,123,123,123,123,123,123,,50,50,40,50,50,50,50,70,,296,296,296,296,296,Immune,Immune,,1,1,1,1,1,,60,1,60,4.615,,1,1,1,1,1,1,1,1,1.5,0
[DLC] Scadu Altus,Living Jar Innards (Large),52710290,,"6,680",-,,122,122,122,122,122,122,122,122,,50,50,40,50,50,50,50,70,,294,294,294,294,294,Immune,Immune,,1,1,1,1,1,,60,1,60,4.615,,1,1,1,1,1,1,1,1,1.5,0
[DLC] Stone Coffin Fissure / Shadow Keep,Living Jar Innards (Large),52710298,,"7,627",-,,123,123,123,123,123,123,123,123,,50,50,40,50,50,50,50,70,,303,303,303,303,303,Immune,Immune,,1,1,1,1,1,,60,1,60,4.615,,1,1,1,1,1,1,1,1,1.5,0
[DLC] Abyssal Woods,Aging Untouchable,52800086,,"4,400",-,,124,124,124,124,124,124,124,124,,-20,-20,-20,-20,40,40,40,40,,319,319,439,439,Immune,Immune,Immune,,1,1,1,1,1,,65,1,65,5,,1,1,1,1,1,1,1,1,1,0
[DLC] Abyssal Woods / Hinterland,Inquisitor,53100986,,"30,506",-,,124,124,124,124,124,124,124,124,,10,10,0,10,20,20,40,20,,718,718,718,"1,546","2,850",Immune,Immune,,1,1,1,1,1,,80,1,80,6.154,,1,1,1,1,1,1,1,1,1.5,0
[DLC] Gravesite Plain,Fat Inquisitor,53110080,,"1,219",-,,121,121,121,121,121,121,121,121,,10,10,-20,0,10,-20,0,0,,280,280,280,280,157,Immune,999,,1,1,1,1,1,,30,1,30,2.308,,1,1,1,1,1,1,1,1,1.5,0
[DLC] Abyssal Woods / Hinterland,Fat Inquisitor,53110086,,"2,357",-,,124,124,124,124,124,124,124,124,,10,10,-20,0,10,-20,0,0,,319,319,319,319,179,Immune,999,,1,1,1,1,1,,30,1,30,2.308,,1,1,1,1,1,1,1,1,1.5,0
[DLC] Jagged Peak / Enir-Ilim / Finger Birthing Grounds,Fat Inquisitor,53110089,,"2,438",-,,124,124,124,124,124,124,124,124,,10,10,-20,0,10,-20,0,0,,322,322,322,322,181,Immune,999,,1,1,1,1,1,,30,1,30,2.308,,1,1,1,1,1,1,1,1,1.5,0
[DLC] Scadu Altus,Fat Inquisitor,53110090,,"1,735",-,,122,122,122,122,122,122,122,122,,10,10,-20,0,10,-20,0,0,,294,294,294,294,165,Immune,999,,1,1,1,1,1,,30,1,30,2.308,,1,1,1,1,1,1,1,1,1.5,0
[DLC] Scaduview / Ancient Ruins of Rauh,Fat Inquisitor,53110094,,"2,276",-,,124,124,124,124,124,124,124,124,,10,10,-20,0,10,-20,0,0,,316,316,316,316,177,Immune,999,,1,1,1,1,1,,30,1,30,2.308,,1,1,1,1,1,1,1,1,1.5,0
[DLC] Gravesite Plain,Fat Inquisitor,53110180,,"1,219",-,,121,121,121,121,121,121,121,121,,10,10,-20,0,10,-20,0,0,,280,280,280,280,157,Immune,999,,1,1,1,1,1,,30,1,30,2.308,,1,1,1,1,1,1,1,1,1.5,0
[DLC] Abyssal Woods / Hinterland,Fat Inquisitor,53110186,,"2,357",-,,124,124,124,124,124,124,124,124,,10,10,-20,0,10,-20,0,0,,319,319,319,319,179,Immune,999,,1,1,1,1,1,,30,1,30,2.308,,1,1,1,1,1,1,1,1,1.5,0
[DLC] Jagged Peak / Enir-Ilim / Finger Birthing Grounds,Fat Inquisitor,53110189,,"2,438",-,,124,124,124,124,124,124,124,124,,10,10,-20,0,10,-20,0,0,,322,322,322,322,181,Immune,999,,1,1,1,1,1,,30,1,30,2.308,,1,1,1,1,1,1,1,1,1.5,0
[DLC] Scadu Altus,Fat Inquisitor,53110190,,"1,735",-,,122,122,122,122,122,122,122,122,,10,10,-20,0,10,-20,0,0,,294,294,294,294,165,Immune,999,,1,1,1,1,1,,30,1,30,2.308,,1,1,1,1,1,1,1,1,1.5,0
[DLC] Abyssal Woods / Hinterland,Fat Inquisitor,53110286,,"2,357",-,,124,124,124,124,124,124,124,124,,10,10,-20,0,10,-20,0,0,,319,319,319,319,179,Immune,999,,1,1,1,1,1,,30,1,30,2.308,,1,1,1,1,1,1,1,1,1.5,0
[DLC] Abyssal Woods / Hinterland,Fat Inquisitor,53110386,,"2,357",-,,124,124,124,124,124,124,124,124,,10,10,-20,0,10,-20,0,0,,319,319,319,319,179,Immune,999,,1,1,1,1,1,,30,1,30,2.308,,1,1,1,1,1,1,1,1,1.5,0
[DLC] Abyssal Woods / Hinterland,Fat Inquisitor,53110486,,"2,357",-,,124,124,124,124,124,124,124,124,,10,10,-20,0,10,-20,0,0,,319,319,319,319,179,Immune,999,,1,1,1,1,1,,30,1,30,2.308,,1,1,1,1,1,1,1,1,1.5,0
[DLC] Abyssal Woods / Hinterland,Fat Inquisitor,53110586,,"2,357",-,,124,124,124,124,124,124,124,124,,10,10,-20,0,10,-20,0,0,,319,319,319,319,179,Immune,999,,1,1,1,1,1,,30,1,30,2.308,,1,1,1,1,1,1,1,1,1.5,0
[DLC] Abyssal Woods / Hinterland,Fat Inquisitor,53110686,,"2,357",-,,124,124,124,124,124,124,124,124,,10,10,-20,0,10,-20,0,0,,319,319,319,319,Immune,Immune,999,,0.5,0.5,1,1,1,,1,1,1,0.077,,1,1,1,1,1,1,1,1,1.5,0
[DLC] Gravesite Plain,Fat Inquisitor,53111080,,"1,219",-,,121,121,121,121,121,121,121,121,,10,10,-20,0,10,-20,0,0,,280,280,280,280,157,Immune,999,,1,1,1,1,1,,30,1,30,2.308,,1,1,1,1,1,1,1,1,1.5,0
[DLC] Abyssal Woods / Hinterland,Fat Inquisitor,53111086,,"2,357",-,,124,124,124,124,124,124,124,124,,10,10,-20,0,10,-20,0,0,,319,319,319,319,179,Immune,999,,1,1,1,1,1,,30,1,30,2.308,,1,1,1,1,1,1,1,1,1.5,0
[DLC] Jagged Peak / Enir-Ilim / Finger Birthing Grounds,Fat Inquisitor,53111089,,"2,438",-,,124,124,124,124,124,124,124,124,,10,10,-20,0,10,-20,0,0,,322,322,322,322,181,Immune,999,,1,1,1,1,1,,30,1,30,2.308,,1,1,1,1,1,1,1,1,1.5,0
[DLC] Scadu Altus,Fat Inquisitor,53111090,,"1,735",-,,122,122,122,122,122,122,122,122,,10,10,-20,0,10,-20,0,0,,294,294,294,294,165,Immune,999,,1,1,1,1,1,,30,1,30,2.308,,1,1,1,1,1,1,1,1,1.5,0
[DLC] Abyssal Woods / Hinterland,Fat Inquisitor,53111186,,"2,357",-,,124,124,124,124,124,124,124,124,,10,10,-20,0,10,-20,0,0,,319,319,319,319,179,Immune,999,,1,1,1,1,1,,30,1,30,2.308,,1,1,1,1,1,1,1,1,1.5,0
[DLC] Abyssal Woods / Hinterland,Fat Inquisitor,53111286,,"2,357",-,,124,124,124,124,124,124,124,124,,10,10,-20,0,10,-20,0,0,,319,319,319,319,179,Immune,999,,1,1,1,1,1,,30,1,30,2.308,,1,1,1,1,1,1,1,1,1.5,0
[DLC] Abyssal Woods / Hinterland,Fat Inquisitor,53111386,,790,-,,124,124,124,124,124,124,124,124,,10,10,-20,0,10,-20,0,0,,319,319,319,319,Immune,Immune,999,,0.5,0.5,1,1,1,,1,1,1,0.077,,1,1,1,1,1,1,1,1,1.5,0
[DLC] Castle Ensis / Cerulean Coast,Giant Beast Skeleton (Spear),53600083,,"1,433",-,,122,122,122,122,122,122,122,122,,0,-40,10,35,0,20,40,-40,,Immune,293,Immune,Immune,Immune,Immune,Immune,,1,1,1,1,1,,30,1,30,2.308,,0,1,1,1,1,1,1,1,1.5,0
[DLC] Charo's Hidden Grave,Giant Beast Skeleton (Spear),53600084,,"1,591",-,,123,123,123,123,123,123,123,123,,0,-40,10,35,0,20,40,-40,,Immune,296,Immune,Immune,Immune,Immune,Immune,,1,1,1,1,1,,30,1,30,2.308,,0,1,1,1,1,1,1,1,1.5,0
[DLC] Ellac River,Giant Beast Skeleton (Spear),53600181,,"1,274",-,,122,122,122,122,122,122,122,122,,0,-40,10,35,0,20,40,-40,,Immune,288,Immune,Immune,Immune,Immune,Immune,,1,1,1,1,1,,30,1,30,2.308,,0,1,1,1,1,1,1,1,1.5,0
[DLC] Charo's Hidden Grave,Giant Beast Skeleton (Spear),53600184,,"1,591",-,,123,123,123,123,123,123,123,123,,0,-40,10,35,0,20,40,-40,,Immune,296,Immune,Immune,Immune,Immune,Immune,,1,1,1,1,1,,30,1,30,2.308,,0,1,1,1,1,1,1,1,1.5,0
[DLC] Scadu Altus,Giant Beast Skeleton (Spear),53600790,,"1,484",-,,122,122,122,122,122,122,122,122,,0,-40,10,35,0,20,40,0,,Immune,294,Immune,Immune,Immune,Immune,Immune,,1,1,1,1,1,,30,1,30,2.308,,0,1,1,1,1,1,1,1,1.5,0
[DLC] Castle Ensis / Cerulean Coast,Giant Beast Skeleton (Crossbow),53601083,,"1,433",-,,122,122,122,122,122,122,122,122,,0,-40,10,35,0,20,40,-40,,Immune,293,Immune,Immune,Immune,Immune,Immune,,1,1,1,1,1,,30,1,30,2.308,,0,1,1,1,1,1,1,1,1.5,0
[DLC] Charo's Hidden Grave,Giant Beast Skeleton (Crossbow),53601084,,"1,591",-,,123,123,123,123,123,123,123,123,,0,-40,10,35,0,20,40,-40,,Immune,296,Immune,Immune,Immune,Immune,Immune,,1,1,1,1,1,,30,1,30,2.308,,0,1,1,1,1,1,1,1,1.5,0
[DLC] Ellac River,Giant Beast Skeleton (Crossbow),53601181,,"1,274",-,,122,122,122,122,122,122,122,122,,0,-40,10,35,0,20,40,-40,,Immune,288,Immune,Immune,Immune,Immune,Immune,,1,1,1,1,1,,30,1,30,2.308,,0,1,1,1,1,1,1,1,1.5,0
[DLC] Charo's Hidden Grave,Giant Beast Skeleton (Crossbow),53601184,,"1,591",-,,123,123,123,123,123,123,123,123,,0,-40,10,35,0,20,40,-40,,Immune,296,Immune,Immune,Immune,Immune,Immune,,1,1,1,1,1,,30,1,30,2.308,,0,1,1,1,1,1,1,1,1.5,0
[DLC] Scadu Altus,Giant Beast Skeleton (Crossbow),53601790,,"1,484",-,,122,122,122,122,122,122,122,122,,0,-40,10,35,0,20,40,0,,Immune,294,Immune,Immune,Immune,Immune,Immune,,1,1,1,1,1,,30,1,30,2.308,,0,1,1,1,1,1,1,1,1.5,0
[DLC] Castle Ensis / Cerulean Coast,Giant Beast Skeleton (Sickle),53602083,,"1,433",-,,122,122,122,122,122,122,122,122,,0,-40,10,35,0,20,40,-40,,Immune,293,Immune,Immune,Immune,Immune,Immune,,1,1,1,1,1,,30,1,30,2.308,,0,1,1,1,1,1,1,1,1.5,0
[DLC] Charo's Hidden Grave,Giant Beast Skeleton (Sickle),53602084,,"1,591",-,,123,123,123,123,123,123,123,123,,0,-40,10,35,0,20,40,-40,,Immune,296,Immune,Immune,Immune,Immune,Immune,,1,1,1,1,1,,30,1,30,2.308,,0,1,1,1,1,1,1,1,1.5,0
[DLC] Ellac River,Giant Beast Skeleton (Sickle),53602181,,"1,274",-,,122,122,122,122,122,122,122,122,,0,-40,10,35,0,20,40,-40,,Immune,288,Immune,Immune,Immune,Immune,Immune,,1,1,1,1,1,,30,1,30,2.308,,0,1,1,1,1,1,1,1,1.5,0
[DLC] Charo's Hidden Grave,Giant Beast Skeleton (Sickle),53602184,,"1,591",-,,123,123,123,123,123,123,123,123,,0,-40,10,35,0,20,40,-40,,Immune,296,Immune,Immune,Immune,Immune,Immune,,1,1,1,1,1,,30,1,30,2.308,,0,1,1,1,1,1,1,1,1.5,0
[DLC] Scadu Altus,Giant Beast Skeleton (Sickle),53602790,,"1,484",-,,122,122,122,122,122,122,122,122,,0,-40,10,35,0,20,40,0,,Immune,294,Immune,Immune,Immune,Immune,Immune,,1,1,1,1,1,,30,1,30,2.308,,0,1,1,1,1,1,1,1,1.5,0
[DLC] Castle Ensis / Cerulean Coast,Giant Beast Skeleton (Sword),53603083,,"1,433",-,,122,122,122,122,122,122,122,122,,0,-40,10,35,0,20,40,-40,,Immune,293,Immune,Immune,Immune,Immune,Immune,,1,1,1,1,1,,35,1,35,2.692,,0,1,1,1,1,1,1,1,1.5,0
[DLC] Charo's Hidden Grave,Giant Beast Skeleton (Sword),53603084,,"1,591",-,,123,123,123,123,123,123,123,123,,0,-40,10,35,0,20,40,-40,,Immune,296,Immune,Immune,Immune,Immune,Immune,,1,1,1,1,1,,35,1,35,2.692,,0,1,1,1,1,1,1,1,1.5,0
[DLC] Ellac River,Giant Beast Skeleton (Sword),53603181,,"1,274",-,,122,122,122,122,122,122,122,122,,0,-40,10,35,0,20,40,-40,,Immune,288,Immune,Immune,Immune,Immune,Immune,,1,1,1,1,1,,35,1,35,2.692,,0,1,1,1,1,1,1,1,1.5,0
[DLC] Charo's Hidden Grave,Giant Beast Skeleton (Sword),53603184,,"1,591",-,,123,123,123,123,123,123,123,123,,0,-40,10,35,0,20,40,-40,,Immune,296,Immune,Immune,Immune,Immune,Immune,,1,1,1,1,1,,35,1,35,2.692,,0,1,1,1,1,1,1,1,1.5,0
[DLC] Scadu Altus,Giant Beast Skeleton (Sword),53603790,,"1,484",-,,122,122,122,122,122,122,122,122,,0,-40,10,35,0,20,40,0,,Immune,294,Immune,Immune,Immune,Immune,Immune,,1,1,1,1,1,,35,1,35,2.692,,0,1,1,1,1,1,1,1,1.5,0
[DLC] Castle Ensis / Cerulean Coast,Giant Beast Skeleton (Twinsword),53604083,,"1,433",-,,122,122,122,122,122,122,122,122,,0,-40,10,35,0,20,40,-40,,Immune,293,Immune,Immune,Immune,Immune,Immune,,1,1,1,1,1,,35,1,35,2.692,,0,1,1,1,1,1,1,1,1.5,0
[DLC] Charo's Hidden Grave,Giant Beast Skeleton (Twinsword),53604084,,"1,591",-,,123,123,123,123,123,123,123,123,,0,-40,10,35,0,20,40,-40,,Immune,296,Immune,Immune,Immune,Immune,Immune,,1,1,1,1,1,,35,1,35,2.692,,0,1,1,1,1,1,1,1,1.5,0
[DLC] Ellac River,Giant Beast Skeleton (Twinsword),53604181,,"1,274",-,,122,122,122,122,122,122,122,122,,0,-40,10,35,0,20,40,-40,,Immune,288,Immune,Immune,Immune,Immune,Immune,,1,1,1,1,1,,35,1,35,2.692,,0,1,1,1,1,1,1,1,1.5,0
[DLC] Charo's Hidden Grave,Giant Beast Skeleton (Twinsword),53604184,,"1,591",-,,123,123,123,123,123,123,123,123,,0,-40,10,35,0,20,40,-40,,Immune,296,Immune,Immune,Immune,Immune,Immune,,1,1,1,1,1,,35,1,35,2.692,,0,1,1,1,1,1,1,1,1.5,0
[DLC] Scadu Altus,Giant Beast Skeleton (Twinsword),53604790,,"1,484",-,,122,122,122,122,122,122,122,122,,0,-40,10,35,0,20,40,0,,Immune,294,Immune,Immune,Immune,Immune,Immune,,1,1,1,1,1,,35,1,35,2.692,,0,1,1,1,1,1,1,1,1.5,0
[DLC] Charo's Hidden Grave,Giant Beast Skeleton (?),53605084,,"1,591",-,,123,123,123,123,123,123,123,123,,0,-40,10,35,0,20,40,-40,,Immune,296,Immune,Immune,Immune,Immune,Immune,,1,1,1,1,1,,30,1,30,2.308,,0,1,1,1,1,1,1,1,1.5,0
[DLC] Charo's Hidden Grave,Giant Beast Skeleton (?),53606084,,"1,591",-,,123,123,123,123,123,123,123,123,,0,-40,10,35,0,20,40,-40,,Immune,296,Immune,Immune,Immune,Immune,Immune,,1,1,1,1,1,,30,1,30,2.308,,0,1,1,1,1,1,1,1,1.5,0
[DLC] Charo's Hidden Grave,Giant Beast Skeleton (?),53607084,,"1,591",-,,123,123,123,123,123,123,123,123,,0,-40,10,35,0,20,40,-40,,Immune,296,Immune,Immune,Immune,Immune,Immune,,1,1,1,1,1,,30,1,30,2.308,,0,1,1,1,1,1,1,1,1.5,0
[DLC] Charo's Hidden Grave,Giant Beast Skeleton (?),53608084,,"1,591",-,,123,123,123,123,123,123,123,123,,0,-40,10,35,0,20,40,-40,,Immune,296,Immune,Immune,Immune,Immune,Immune,,1,1,1,1,1,,35,1,35,2.692,,0,1,1,1,1,1,1,1,1.5,0
[DLC] Charo's Hidden Grave,Giant Beast Skeleton (?),53609084,,"1,591",-,,123,123,123,123,123,123,123,123,,0,-40,10,35,0,20,40,-40,,Immune,296,Immune,Immune,Immune,Immune,Immune,,1,1,1,1,1,,35,1,35,2.692,,0,1,1,1,1,1,1,1,1.5,0
[DLC] Castle Ensis / Cerulean Coast,Giant Beast Skeleton (?),53609183,,"1,433",-,,122,122,122,122,122,122,122,122,,0,-40,10,35,0,20,40,-40,,Immune,293,Immune,Immune,Immune,Immune,Immune,,1,1,1,1,1,,30,1,30,2.308,,0,1,1,1,1,1,1,1,1.5,0
[DLC] Castle Ensis / Cerulean Coast,Giant Beast Skeleton (?),53609283,,"1,433",-,,122,122,122,122,122,122,122,122,,0,-40,10,35,0,20,40,-40,,Immune,293,Immune,Immune,Immune,Immune,Immune,,1,1,1,1,1,,30,1,30,2.308,,0,1,1,1,1,1,1,1,1.5,0
[DLC] Castle Ensis / Cerulean Coast,Giant Beast Skeleton (?),53609383,,"1,433",-,,122,122,122,122,122,122,122,122,,0,-40,10,35,0,20,40,-40,,Immune,293,Immune,Immune,Immune,Immune,Immune,,1,1,1,1,1,,30,1,30,2.308,,0,1,1,1,1,1,1,1,1.5,0
[DLC] Castle Ensis / Cerulean Coast,Troll Knight,53900083,,"18,415",-,,122,122,122,122,122,122,122,122,,0,0,-10,0,0,0,0,0,,293,293,293,403,52,Immune,Immune,,1,1,1,1,1,,65,1,65,5,,1,1,1,1,1,1,1,1,2,1
[DLC] Scadu Altus,Troll Knight,53900090,,"19,069",-,,122,122,122,122,122,122,122,122,,0,0,-10,0,0,0,0,0,,294,294,294,405,52,Immune,Immune,,1,1,1,1,1,,65,1,65,5,,1,1,1,1,1,1,1,1,2,1
[DLC] Gravesite Plain,Owl,54300080,,190,-,,121,121,121,121,121,121,121,121,,-40,-40,-40,-40,-40,-100,-40,-40,,157,157,157,157,157,Immune,Immune,,1,1,1,1,1,,-1,1,∞,0,,1,1,1,1,1,1,1,1,1.5,0
[DLC] Ellac River,Owl,54300081,,232,-,,122,122,122,122,122,122,122,122,,-40,-40,-40,-40,-40,-100,-40,-40,,162,162,162,162,162,Immune,Immune,,1,1,1,1,1,,-1,1,∞,0,,1,1,1,1,1,1,1,1,1.5,0
[DLC] Castle Ensis / Cerulean Coast,Owl,54300082,,261,-,,122,122,122,122,122,122,122,122,,-40,-40,-40,-40,-40,-100,-40,-40,,164,164,164,164,164,Immune,Immune,,1,1,1,1,1,,-1,1,∞,0,,1,1,1,1,1,1,1,1,1.5,0
[DLC] Stone Coffin Fissure / Shadow Keep,Owl,54300087,,309,-,,123,123,123,123,123,123,123,123,,-40,-40,-40,-40,-40,-100,-40,-40,,170,170,170,170,170,Immune,Immune,,1,1,1,1,1,,-1,1,∞,0,,1,1,1,1,1,1,1,1,1.5,0
[DLC] Scadu Altus,Owl,54300090,,270,-,,122,122,122,122,122,122,122,122,,-40,-40,-40,-40,-40,-100,-40,-40,,165,165,165,165,165,Immune,Immune,,1,1,1,1,1,,-1,1,∞,0,,1,1,1,1,1,1,1,1,1.5,0
[DLC] Scaduview / Ancient Ruins of Rauh,Owl,54300093,,355,-,,124,124,124,124,124,124,124,124,,-40,-40,-40,-40,-40,-100,-40,-40,,177,177,177,177,177,Immune,Immune,,1,1,1,1,1,,-1,1,∞,0,,1,1,1,1,1,1,1,1,1.5,0
[DLC] Scaduview / Ancient Ruins of Rauh,Owl,54300094,,355,-,,124,124,124,124,124,124,124,124,,-40,-40,-40,-40,-40,-100,-40,-40,,177,177,177,177,177,Immune,Immune,,1,1,1,1,1,,-1,1,∞,0,,1,1,1,1,1,1,1,1,1.5,0
[DLC] Charo's Hidden Grave,Owl,54300095,,290,-,,123,123,123,123,123,123,123,123,,-40,-40,-40,-40,-40,-100,-40,-40,,166,166,166,166,166,Immune,Immune,,1,1,1,1,1,,-1,1,∞,0,,1,1,1,1,1,1,1,1,1.5,0
[DLC] Abyssal Woods / Hinterland,Owl,54301086,,367,-,,124,124,124,124,124,124,124,124,,-40,-40,-40,-40,-40,-100,-40,-40,,179,179,179,179,179,Immune,Immune,,1,1,1,1,1,,-1,1,∞,0,,1,1,1,1,1,1,1,1,1.5,0
[DLC] Castle Ensis / Cerulean Coast,Owl,54302083,,261,-,,122,122,122,122,122,122,122,122,,-40,-40,-40,-40,-40,-100,-40,-40,,164,164,164,164,164,Immune,Immune,,1,1,1,1,1,,-1,1,∞,0,,1,1,1,1,1,1,1,1,1.5,0
[DLC] Charo's Hidden Grave,Owl,54302084,,290,-,,123,123,123,123,123,123,123,123,,-40,-40,-40,-40,-40,-100,-40,-40,,166,166,166,166,166,Immune,Immune,,1,1,1,1,1,,-1,1,∞,0,,1,1,1,1,1,1,1,1,1.5,0
[DLC] Abyssal Woods / Hinterland,Owl,54302086,,367,-,,124,124,124,124,124,124,124,124,,-40,-40,-40,-40,-40,-100,-40,-40,,179,179,179,179,179,Immune,Immune,,1,1,1,1,1,,-1,1,∞,0,,1,1,1,1,1,1,1,1,1.5,0
[DLC] Scadu Altus,Owl,54302090,,270,-,,122,122,122,122,122,122,122,122,,-40,-40,-40,-40,-40,-100,-40,-40,,165,165,165,165,165,Immune,Immune,,1,1,1,1,1,,-1,1,∞,0,,1,1,1,1,1,1,1,1,1.5,0
[DLC] Scaduview / Ancient Ruins of Rauh,Owl,54302093,,355,-,,124,124,124,124,124,124,124,124,,-40,-40,-40,-40,-40,-100,-40,-40,,177,177,177,177,177,Immune,Immune,,1,1,1,1,1,,-1,1,∞,0,,1,1,1,1,1,1,1,1,1.5,0
[DLC] Scaduview / Ancient Ruins of Rauh,Owl,54302094,,355,-,,124,124,124,124,124,124,124,124,,-40,-40,-40,-40,-40,-100,-40,-40,,177,177,177,177,177,Immune,Immune,,1,1,1,1,1,,-1,1,∞,0,,1,1,1,1,1,1,1,1,1.5,0
[DLC] Charo's Hidden Grave,Owl,54302095,,290,-,,123,123,123,123,123,123,123,123,,-40,-40,-40,-40,-40,-100,-40,-40,,166,166,166,166,166,Immune,Immune,,1,1,1,1,1,,-1,1,∞,0,,1,1,1,1,1,1,1,1,1.5,0
[DLC] Ellac River,Living Magma,55000081,,955,-,,122,122,122,122,122,122,122,122,,35,35,35,35,20,100,40,20,,Immune,Immune,Immune,648,Immune,Immune,Immune,,1,1,1,1,1,,65,1,65,5,,1,1,1,1,1,1,1,1,1.5,0
[DLC] Scadu Altus,Living Magma,55000090,,"1,113",-,,122,122,122,122,122,122,122,122,,35,35,35,35,20,100,40,20,,Immune,Immune,Immune,663,Immune,Immune,Immune,,1,1,1,1,1,,65,1,65,5,,1,1,1,1,1,1,1,1,1.5,0
[DLC] Scaduview / Ancient Ruins of Rauh,Living Magma,55000093,,"1,460",-,,124,124,124,124,124,124,124,124,,35,35,35,35,20,100,40,20,,Immune,Immune,Immune,711,Immune,Immune,Immune,,1,1,1,1,1,,65,1,65,5,,1,1,1,1,1,1,1,1,1.5,0
[DLC] Charo's Hidden Grave,Living Magma,55000095,,"1,193",-,,123,123,123,123,123,123,123,123,,35,35,35,35,20,100,40,20,,Immune,Immune,Immune,667,Immune,Immune,Immune,,1,1,1,1,1,,65,1,65,5,,1,1,1,1,1,1,1,1,1.5,0
[DLC] Ellac River,Living Magma,55000181,,955,-,,122,122,122,122,122,122,122,122,,35,35,35,35,20,100,40,20,,Immune,Immune,Immune,648,Immune,Immune,Immune,,1,1,1,1,1,,65,1,65,5,,1,1,1,1,1,1,1,1,1.5,0
[DLC] Scadu Altus,Living Magma,55000190,,"1,113",-,,122,122,122,122,122,122,122,122,,35,35,35,35,20,100,40,20,,Immune,Immune,Immune,663,Immune,Immune,Immune,,1,1,1,1,1,,65,1,65,5,,1,1,1,1,1,1,1,1,1.5,0
[DLC] Scaduview / Ancient Ruins of Rauh,Living Magma,55000193,,"1,460",-,,124,124,124,124,124,124,124,124,,35,35,35,35,20,100,40,20,,Immune,Immune,Immune,711,Immune,Immune,Immune,,1,1,1,1,1,,65,1,65,5,,1,1,1,1,1,1,1,1,1.5,0
[DLC] Charo's Hidden Grave,Living Magma,55000195,,"1,193",-,,123,123,123,123,123,123,123,123,,35,35,35,35,20,100,40,20,,Immune,Immune,Immune,667,Immune,Immune,Immune,,1,1,1,1,1,,65,1,65,5,,1,1,1,1,1,1,1,1,1.5,0
[DLC] Ellac River,Living Magma,55000281,,955,-,,122,122,122,122,122,122,122,122,,35,35,35,35,20,100,40,20,,Immune,Immune,Immune,648,Immune,Immune,Immune,,1,1,1,1,1,,65,1,65,5,,1,1,1,1,1,1,1,1,1.5,0
[DLC] Scadu Altus,Living Magma,55000290,,"1,113",-,,122,122,122,122,122,122,122,122,,35,35,35,35,20,100,40,20,,Immune,Immune,Immune,663,Immune,Immune,Immune,,1,1,1,1,1,,65,1,65,5,,1,1,1,1,1,1,1,1,1.5,0
[DLC] Scaduview / Ancient Ruins of Rauh,Living Magma,55000293,,"1,460",-,,124,124,124,124,124,124,124,124,,35,35,35,35,20,100,40,20,,Immune,Immune,Immune,711,Immune,Immune,Immune,,1,1,1,1,1,,65,1,65,5,,1,1,1,1,1,1,1,1,1.5,0
[DLC] Charo's Hidden Grave,Living Magma,55000295,,"1,193",-,,123,123,123,123,123,123,123,123,,35,35,35,35,20,100,40,20,,Immune,Immune,Immune,667,Immune,Immune,Immune,,1,1,1,1,1,,65,1,65,5,,1,1,1,1,1,1,1,1,1.5,0
[DLC] Ellac River,Living Magma,55000381,,955,-,,122,122,122,122,122,122,122,122,,35,35,35,35,20,100,40,20,,Immune,Immune,Immune,648,Immune,Immune,Immune,,1,1,1,1,1,,65,1,65,5,,1,1,1,1,1,1,1,1,1.5,0
[DLC] Scadu Altus,Living Magma,55000390,,"1,113",-,,122,122,122,122,122,122,122,122,,35,35,35,35,20,100,40,20,,Immune,Immune,Immune,663,Immune,Immune,Immune,,1,1,1,1,1,,65,1,65,5,,1,1,1,1,1,1,1,1,1.5,0
[DLC] Scaduview / Ancient Ruins of Rauh,Living Magma,55000393,,"1,460",-,,124,124,124,124,124,124,124,124,,35,35,35,35,20,100,40,20,,Immune,Immune,Immune,711,Immune,Immune,Immune,,1,1,1,1,1,,65,1,65,5,,1,1,1,1,1,1,1,1,1.5,0
[DLC] Charo's Hidden Grave,Living Magma,55000395,,"1,193",-,,123,123,123,123,123,123,123,123,,35,35,35,35,20,100,40,20,,Immune,Immune,Immune,667,Immune,Immune,Immune,,1,1,1,1,1,,65,1,65,5,,1,1,1,1,1,1,1,1,1.5,0
[DLC] Ellac River,Living Magma,55000481,,955,-,,122,122,122,122,122,122,122,122,,35,35,35,35,20,100,40,20,,Immune,Immune,Immune,648,Immune,Immune,Immune,,1,1,1,1,1,,65,1,65,5,,1,1,1,1,1,1,1,1,1.5,0
[DLC] Scadu Altus,Living Magma,55000490,,"1,113",-,,122,122,122,122,122,122,122,122,,35,35,35,35,20,100,40,20,,Immune,Immune,Immune,663,Immune,Immune,Immune,,1,1,1,1,1,,65,1,65,5,,1,1,1,1,1,1,1,1,1.5,0
[DLC] Scaduview / Ancient Ruins of Rauh,Living Magma,55000493,,"1,460",-,,124,124,124,124,124,124,124,124,,35,35,35,35,20,100,40,20,,Immune,Immune,Immune,711,Immune,Immune,Immune,,1,1,1,1,1,,65,1,65,5,,1,1,1,1,1,1,1,1,1.5,0
[DLC] Charo's Hidden Grave,Living Magma,55000495,,"1,193",-,,123,123,123,123,123,123,123,123,,35,35,35,35,20,100,40,20,,Immune,Immune,Immune,667,Immune,Immune,Immune,,1,1,1,1,1,,65,1,65,5,,1,1,1,1,1,1,1,1,1.5,0
[DLC] Ellac River,Living Magma,55000581,,955,-,,122,122,122,122,122,122,122,122,,35,35,35,35,20,100,40,20,,Immune,Immune,Immune,648,Immune,Immune,Immune,,1,1,1,1,1,,65,1,65,5,,1,1,1,1,1,1,1,1,1.5,0
[DLC] Scadu Altus,Living Magma,55000590,,"1,113",-,,122,122,122,122,122,122,122,122,,35,35,35,35,20,100,40,20,,Immune,Immune,Immune,663,Immune,Immune,Immune,,1,1,1,1,1,,65,1,65,5,,1,1,1,1,1,1,1,1,1.5,0
[DLC] Scaduview / Ancient Ruins of Rauh,Living Magma,55000593,,"1,460",-,,124,124,124,124,124,124,124,124,,35,35,35,35,20,100,40,20,,Immune,Immune,Immune,711,Immune,Immune,Immune,,1,1,1,1,1,,65,1,65,5,,1,1,1,1,1,1,1,1,1.5,0
[DLC] Charo's Hidden Grave,Living Magma,55000595,,"1,193",-,,123,123,123,123,123,123,123,123,,35,35,35,35,20,100,40,20,,Immune,Immune,Immune,667,Immune,Immune,Immune,,1,1,1,1,1,,65,1,65,5,,1,1,1,1,1,1,1,1,1.5,0
[DLC] Scadu Altus,Living Magma,55000690,,"1,113",-,,122,122,122,122,122,122,122,122,,35,35,35,35,20,100,40,20,,Immune,Immune,Immune,663,Immune,Immune,Immune,,1,1,1,1,1,,65,1,65,5,,1,1,1,1,1,1,1,1,1.5,0
[DLC] Scadu Altus,Living Magma,55000790,,"1,113",-,,122,122,122,122,122,122,122,122,,35,35,35,35,20,100,40,20,,Immune,Immune,Immune,663,Immune,Immune,Immune,,1,1,1,1,1,,65,1,65,5,,1,1,1,1,1,1,1,1,1.5,0
[DLC] Scadu Altus,Living Magma,55000890,,"1,113",-,,122,122,122,122,122,122,122,122,,35,35,35,35,20,100,40,20,,Immune,Immune,Immune,663,Immune,Immune,Immune,,1,1,1,1,1,,65,1,65,5,,1,1,1,1,1,1,1,1,1.5,0
[DLC] Ellac River,Cemetary Shade,55130081,,"2,625",-,,122,122,122,122,122,122,122,122,,10,10,10,35,0,0,0,-20,,Immune,Immune,Immune,Immune,Immune,Immune,Immune,,1,1,1,1,1,,70,1,70,5.385,,1,1,1,1,1,1,1,1,1.5,0
[DLC] Castle Ensis / Cerulean Coast,Cemetary Shade,55130083,,"2,954",-,,122,122,122,122,122,122,122,122,,10,10,10,35,0,0,0,-20,,Immune,Immune,Immune,Immune,Immune,Immune,Immune,,1,1,1,1,1,,70,1,70,5.385,,1,1,1,1,1,1,1,1,1.5,0
[DLC] Scadu Altus,Cemetary Shade,55130090,,"3,059",-,,122,122,122,122,122,122,122,122,,10,10,10,35,0,0,0,-20,,Immune,Immune,Immune,Immune,Immune,Immune,Immune,,1,1,1,1,1,,70,1,70,5.385,,1,1,1,1,1,1,1,1,1.5,0
[DLC] Castle Ensis / Cerulean Coast,Fingercreeper (Small),55600083,,"1,017",-,,122,122,122,122,122,122,122,122,,-10,-10,-40,-10,0,0,0,0,,293,293,219,293,Immune,Immune,Immune,,1,1,1,1,1,,30,1,30,2.308,,1,1,1,1,1,1,1,1,1.5,0
[DLC] Scaduview / Ancient Ruins of Rauh,Fingercreeper (Small),55600093,,"1,381",-,,124,124,124,124,124,124,124,124,,-10,-10,-40,-10,0,0,0,0,,316,316,237,316,Immune,Immune,Immune,,1,1,1,1,1,,30,1,30,2.308,,1,1,1,1,1,1,1,1,1.5,0
[DLC] Jagged Peak / Enir-Ilim / Finger Birthing Grounds,Fingercreeper (Small),55600297,,887,-,,124,124,124,124,124,124,124,124,,-10,-10,-40,-10,0,0,0,0,,322,322,242,322,Immune,Immune,Immune,,1,1,1,1,1,,30,1,30,2.308,,1,1,1,1,1,1,1,1,1.5,0
[DLC] Scadu Altus,Fingercreeper (Small),55600390,,"2,969",-,,122,122,122,122,122,122,122,122,,-10,-10,-40,-10,0,0,0,0,,294,294,221,294,Immune,Immune,Immune,,1,1,1,1,1,,30,1,30,2.308,,1,1,1,1,1,1,1,1,1.5,0
[DLC] Stone Coffin Fissure / Shadow Keep,Catacomb Skeleton,56000087,,"3,218",-,,123,123,123,123,123,123,123,123,,0,-40,10,35,0,20,40,-40,,Immune,303,Immune,Immune,Immune,Immune,Immune,,1,1,1,1,1,,30,1,30,2.308,,1,1,1,1,1,1,1,1,1.5,0
[DLC] Stone Coffin Fissure / Shadow Keep,Catacomb Skeleton,56000187,,"3,218",-,,123,123,123,123,123,123,123,123,,0,-40,10,35,0,20,40,-40,,Immune,303,Immune,Immune,Immune,Immune,Immune,,1,1,1,1,1,,30,1,30,2.308,,1,1,1,1,1,1,1,1,1.5,0
[DLC] Stone Coffin Fissure / Shadow Keep,Catacomb Skeleton,56000287,,"3,218",-,,123,123,123,123,123,123,123,123,,0,-40,10,35,0,20,40,-40,,Immune,303,Immune,Immune,Immune,Immune,Immune,,1,1,1,1,1,,30,1,30,2.308,,1,1,1,1,1,1,1,1,1.5,0
[DLC] Stone Coffin Fissure / Shadow Keep,Catacomb Skeleton,56001087,,"3,218",-,,123,123,123,123,123,123,123,123,,0,-40,10,35,0,20,40,-40,,Immune,303,Immune,Immune,Immune,Immune,Immune,,1,1,1,1,1,,35,1,35,2.692,,1,1,1,1,1,1,1,1,1.5,0
[DLC] Stone Coffin Fissure / Shadow Keep,Catacomb Skeleton,56001187,,"3,218",-,,123,123,123,123,123,123,123,123,,0,-40,10,35,0,20,40,-40,,Immune,303,Immune,Immune,Immune,Immune,Immune,,1,1,1,1,1,,35,1,35,2.692,,1,1,1,1,1,1,1,1,1.5,0
[DLC] Stone Coffin Fissure / Shadow Keep,Catacomb Skeleton,56002087,,"3,218",-,,123,123,123,123,123,123,123,123,,0,-40,10,35,0,20,40,-40,,Immune,303,Immune,Immune,Immune,Immune,Immune,,1,1,1,1,1,,30,1,30,2.308,,1,1,1,1,1,1,1,1,1.5,0
[DLC] Stone Coffin Fissure / Shadow Keep,Catacomb Skeleton,56002187,,"3,218",-,,123,123,123,123,123,123,123,123,,0,-40,10,35,0,20,40,-40,,Immune,303,Immune,Immune,Immune,Immune,Immune,,1,1,1,1,1,,30,1,30,2.308,,1,1,1,1,1,1,1,1,1.5,0
[DLC] Stone Coffin Fissure / Shadow Keep,Catacomb Skeleton,56003087,,"3,218",-,,123,123,123,123,123,123,123,123,,0,-40,10,35,0,20,40,-40,,Immune,303,Immune,Immune,Immune,Immune,Immune,,1,1,1,1,1,,30,1,30,2.308,,1,1,1,1,1,1,1,1,1.5,0
[DLC] Stone Coffin Fissure / Shadow Keep,Catacomb Skeleton,56003187,,"3,218",-,,123,123,123,123,123,123,123,123,,0,-40,10,35,0,20,40,-40,,Immune,303,Immune,Immune,Immune,Immune,Immune,,1,1,1,1,1,,30,1,30,2.308,,1,1,1,1,1,1,1,1,1.5,0
[DLC] Stone Coffin Fissure / Shadow Keep,Catacomb Skeleton,56003287,,"3,218",-,,123,123,123,123,123,123,123,123,,0,-40,10,35,0,20,40,-40,,Immune,303,Immune,Immune,Immune,Immune,Immune,,1,1,1,1,1,,30,1,30,2.308,,1,1,1,1,1,1,1,1,1.5,0
[DLC] Charo's Hidden Grave,Tibia Mariner,56200084,,"20,618",-,,123,123,123,123,123,123,123,123,,10,-40,10,35,20,20,40,-40,,Immune,407,Immune,Immune,Immune,Immune,Immune,,1,1,1,1,1,,80,1,80,6.154,,1,1,1,1,1,1,1,1,1.5,0
[DLC] Ellac River,Shadow Militia (Saw),56610081,,"1,317",-,,122,122,122,122,122,122,122,122,,0,0,0,-10,0,0,-20,0,,Immune,216,288,216,288,Immune,Immune,,1,1,1,1,1,,30,1,30,2.308,,1,1,1,1,1,1,1,1,1.5,0
[DLC] Scadu Altus,Shadow Militia (Saw),56610090,,"1,534",-,,122,122,122,122,122,122,122,122,,0,0,0,-10,0,0,-20,0,,Immune,221,294,221,294,Immune,Immune,,1,1,1,1,1,,30,1,30,2.308,,1,1,1,1,1,1,1,1,1.5,0
[DLC] Scadutree Base,Shadow Militia (Saw),56610091,,"1,807",-,,123,123,123,123,123,123,123,123,,0,0,0,-10,0,0,-20,0,,Immune,229,306,229,306,Immune,Immune,,1,1,1,1,1,,30,1,30,2.308,,1,1,1,1,1,1,1,1,1.5,0
[DLC] Charo's Hidden Grave,Shadow Militia (Saw),56610095,,"1,644",-,,123,123,123,123,123,123,123,123,,0,0,0,-10,0,0,-20,0,,Immune,222,296,222,296,Immune,Immune,,1,1,1,1,1,,30,1,30,2.308,,1,1,1,1,1,1,1,1,1.5,0
[DLC] Stone Coffin Fissure / Shadow Keep,Shadow Militia (Saw),56610098,,"1,752",-,,123,123,123,123,123,123,123,123,,0,0,0,-10,0,0,-20,0,,Immune,227,303,227,303,Immune,Immune,,1,1,1,1,1,,30,1,30,2.308,,1,1,1,1,1,1,1,1,1.5,0
[DLC] Recluses' River / Specimen Storehouse,Shadow Militia (Saw),56610099,,"1,874",-,,123,123,123,123,123,123,123,123,,0,0,0,-10,0,0,-20,0,,Immune,232,309,232,309,Immune,Immune,,1,1,1,1,1,,30,1,30,2.308,,1,1,1,1,1,1,1,1,1.5,0
[DLC] Ellac River,Shadow Militia (Shotel),56611081,,"1,317",-,,122,122,122,122,122,122,122,122,,0,0,0,-10,0,0,-20,0,,Immune,216,288,216,288,Immune,Immune,,1,1,1,1,1,,30,1,30,2.308,,1,1,1,1,1,1,1,1,1.5,0
[DLC] Scadu Altus,Shadow Militia (Shotel),56611090,,"1,534",-,,122,122,122,122,122,122,122,122,,0,0,0,-10,0,0,-20,0,,Immune,221,294,221,294,Immune,Immune,,1,1,1,1,1,,30,1,30,2.308,,1,1,1,1,1,1,1,1,1.5,0
[DLC] Scadutree Base,Shadow Militia (Shotel),56611091,,"1,807",-,,123,123,123,123,123,123,123,123,,0,0,0,-10,0,0,-20,0,,Immune,229,306,229,306,Immune,Immune,,1,1,1,1,1,,30,1,30,2.308,,1,1,1,1,1,1,1,1,1.5,0
[DLC] Charo's Hidden Grave,Shadow Militia (Shotel),56611095,,"1,644",-,,123,123,123,123,123,123,123,123,,0,0,0,-10,0,0,-20,0,,Immune,222,296,222,296,Immune,Immune,,1,1,1,1,1,,30,1,30,2.308,,1,1,1,1,1,1,1,1,1.5,0
[DLC] Stone Coffin Fissure / Shadow Keep,Shadow Militia (Shotel),56611098,,"1,752",-,,123,123,123,123,123,123,123,123,,0,0,0,-10,0,0,-20,0,,Immune,227,303,227,303,Immune,Immune,,1,1,1,1,1,,30,1,30,2.308,,1,1,1,1,1,1,1,1,1.5,0
[DLC] Recluses' River / Specimen Storehouse,Shadow Militia (Shotel),56611099,,"1,874",-,,123,123,123,123,123,123,123,123,,0,0,0,-10,0,0,-20,0,,Immune,232,309,232,309,Immune,Immune,,1,1,1,1,1,,30,1,30,2.308,,1,1,1,1,1,1,1,1,1.5,0
[DLC] Ellac River,Shadow Militia (Chain),56612081,,"1,317",-,,122,122,122,122,122,122,122,122,,0,0,0,-10,0,0,-20,0,,Immune,216,288,216,288,Immune,Immune,,1,1,1,1,1,,30,1,30,2.308,,1,1,1,1,1,1,1,1,1.5,0
[DLC] Scadu Altus,Shadow Militia (Chain),56612090,,"1,534",-,,122,122,122,122,122,122,122,122,,0,0,0,-10,0,0,-20,0,,Immune,221,294,221,294,Immune,Immune,,1,1,1,1,1,,30,1,30,2.308,,1,1,1,1,1,1,1,1,1.5,0
[DLC] Scadutree Base,Shadow Militia (Chain),56612091,,"1,807",-,,123,123,123,123,123,123,123,123,,0,0,0,-10,0,0,-20,0,,Immune,229,306,229,306,Immune,Immune,,1,1,1,1,1,,30,1,30,2.308,,1,1,1,1,1,1,1,1,1.5,0
[DLC] Charo's Hidden Grave,Shadow Militia (Chain),56612095,,"1,644",-,,123,123,123,123,123,123,123,123,,0,0,0,-10,0,0,-20,0,,Immune,222,296,222,296,Immune,Immune,,1,1,1,1,1,,30,1,30,2.308,,1,1,1,1,1,1,1,1,1.5,0
[DLC] Stone Coffin Fissure / Shadow Keep,Shadow Militia (Chain),56612098,,"1,752",-,,123,123,123,123,123,123,123,123,,0,0,0,-10,0,0,-20,0,,Immune,227,303,227,303,Immune,Immune,,1,1,1,1,1,,30,1,30,2.308,,1,1,1,1,1,1,1,1,1.5,0
[DLC] Recluses' River / Specimen Storehouse,Shadow Militia (Chain),56612099,,"1,874",-,,123,123,123,123,123,123,123,123,,0,0,0,-10,0,0,-20,0,,Immune,232,309,232,309,Immune,Immune,,1,1,1,1,1,,30,1,30,2.308,,1,1,1,1,1,1,1,1,1.5,0
[DLC] Scadu Altus,Kindred of Rot,57400090,,"3,139",-,,122,122,122,122,122,122,122,122,,0,0,10,0,0,-20,0,0,,663,663,221,221,221,Immune,Immune,,1,1,1,1,1,,30,1,30,2.31,,1,1,1,1,1,1,1,1,1.5,0
[DLC] Scaduview / Ancient Ruins of Rauh,Kindred of Rot,57400094,,"4,117",-,,124,124,124,124,124,124,124,124,,0,0,10,0,0,-20,0,0,,711,Immune,237,237,237,Immune,Immune,,1,1,1,1,1,,30,1,30,2.31,,1,1,1,1,1,1,1,1,1.5,0
[DLC] Charo's Hidden Grave,Kindred of Rot,57400095,,"3,364",-,,123,123,123,123,123,123,123,123,,0,0,10,0,0,-20,0,0,,667,667,222,222,222,Immune,Immune,,1,1,1,1,1,,30,1,30,2.31,,1,1,1,1,1,1,1,1,1.5,0
[DLC] Scadu Altus,Kindred of Rot,57401090,,"3,139",-,,122,122,122,122,122,122,122,122,,0,0,10,0,0,-20,0,0,,663,663,221,221,221,Immune,Immune,,1,1,1,1,1,,30,1,30,2.31,,1,1,1,1,1,1,1,1,1.5,0
[DLC] Scaduview / Ancient Ruins of Rauh,Kindred of Rot,57401094,,"4,117",-,,124,124,124,124,124,124,124,124,,0,0,10,0,0,-20,0,0,,711,Immune,237,237,237,Immune,Immune,,1,1,1,1,1,,30,1,30,2.31,,1,1,1,1,1,1,1,1,1.5,0
[DLC] Charo's Hidden Grave,Kindred of Rot,57401095,,"3,364",-,,123,123,123,123,123,123,123,123,,0,0,10,0,0,-20,0,0,,667,667,222,222,222,Immune,Immune,,1,1,1,1,1,,30,1,30,2.31,,1,1,1,1,1,1,1,1,1.5,0
[DLC] Scadu Altus,Kindred of Rot,57402090,,"3,139",-,,122,122,122,122,122,122,122,122,,0,0,10,0,0,-20,0,0,,663,663,221,221,221,Immune,Immune,,1,1,1,1,1,,30,1,30,2.31,,1,1,1,1,1,1,1,1,1.5,0
[DLC] Scaduview / Ancient Ruins of Rauh,Kindred of Rot,57402094,,"4,117",-,,124,124,124,124,124,124,124,124,,0,0,10,0,0,-20,0,0,,711,Immune,237,237,237,Immune,Immune,,1,1,1,1,1,,30,1,30,2.31,,1,1,1,1,1,1,1,1,1.5,0
[DLC] Charo's Hidden Grave,Kindred of Rot,57402095,,"3,364",-,,123,123,123,123,123,123,123,123,,0,0,10,0,0,-20,0,0,,667,667,222,222,222,Immune,Immune,,1,1,1,1,1,,30,1,30,2.31,,1,1,1,1,1,1,1,1,1.5,0
[DLC] Scadu Altus,Kindred of Rot,57403090,,"3,139",-,,122,122,122,122,122,122,122,122,,0,0,10,0,0,-20,0,0,,663,663,221,221,221,Immune,Immune,,1,1,1,1,1,,30,1,30,2.31,,1,1,1,1,1,1,1,1,1.5,0
[DLC] Scaduview / Ancient Ruins of Rauh,Kindred of Rot,57403094,,"4,117",-,,124,124,124,124,124,124,124,124,,0,0,10,0,0,-20,0,0,,711,Immune,237,237,237,Immune,Immune,,1,1,1,1,1,,30,1,30,2.31,,1,1,1,1,1,1,1,1,1.5,0
[DLC] Charo's Hidden Grave,Kindred of Rot,57403095,,"3,364",-,,123,123,123,123,123,123,123,123,,0,0,10,0,0,-20,0,0,,667,667,222,222,222,Immune,Immune,,1,1,1,1,1,,30,1,30,2.31,,1,1,1,1,1,1,1,1,1.5,0
[DLC] Scadu Altus,Kindred of Rot,57404090,,"3,139",-,,122,122,122,122,122,122,122,122,,0,0,10,0,0,-20,0,0,,663,Immune,221,221,221,Immune,Immune,,1,1,1,1,1,,30,1,30,2.31,,1,1,1,1,1,1,1,1,1.5,0
[DLC] Scaduview / Ancient Ruins of Rauh,Kindred of Rot,57404094,,"4,117",-,,124,124,124,124,124,124,124,124,,0,0,10,0,0,-20,0,0,,711,Immune,237,237,237,Immune,Immune,,1,1,1,1,1,,30,1,30,2.31,,1,1,1,1,1,1,1,1,1.5,0
[DLC] Charo's Hidden Grave,Kindred of Rot,57404095,,"3,364",-,,123,123,123,123,123,123,123,123,,0,0,10,0,0,-20,0,0,,667,Immune,222,222,222,Immune,Immune,,1,1,1,1,1,,30,1,30,2.31,,1,1,1,1,1,1,1,1,1.5,0
[DLC] Scaduview / Ancient Ruins of Rauh,Kindred of Rot,57405094,,"4,117",-,,124,124,124,124,124,124,124,124,,0,0,10,0,0,-20,0,0,,711,Immune,237,237,237,Immune,Immune,,1,1,1,1,1,,30,1,30,2.31,,1,1,1,1,1,1,1,1,1.5,0
[DLC] Charo's Hidden Grave,Kindred of Rot,57405095,,"3,364",-,,123,123,123,123,123,123,123,123,,0,0,10,0,0,-20,0,0,,667,Immune,222,222,222,Immune,Immune,,1,1,1,1,1,,30,1,30,2.31,,1,1,1,1,1,1,1,1,1.5,0
[DLC] Scaduview / Ancient Ruins of Rauh,Kindred of Rot,57406094,,"4,117",-,,124,124,124,124,124,124,124,124,,0,0,10,0,0,-20,0,0,,711,Immune,237,237,237,Immune,Immune,,1,1,1,1,1,,30,1,30,2.31,,1,1,1,1,1,1,1,1,1.5,0
[DLC] Charo's Hidden Grave,Kindred of Rot,57406095,,"3,364",-,,123,123,123,123,123,123,123,123,,0,0,10,0,0,-20,0,0,,667,Immune,222,222,222,Immune,Immune,,1,1,1,1,1,,30,1,30,2.31,,1,1,1,1,1,1,1,1,1.5,0
[DLC] Scaduview / Ancient Ruins of Rauh,Kindred of Rot,57407094,,"4,117",-,,124,124,124,124,124,124,124,124,,0,0,10,0,0,-20,0,0,,711,Immune,237,237,237,Immune,Immune,,1,1,1,1,1,,30,1,30,2.31,,1,1,1,1,1,1,1,1,1.5,0
[DLC] Charo's Hidden Grave,Kindred of Rot,57407095,,"3,364",-,,123,123,123,123,123,123,123,123,,0,0,10,0,0,-20,0,0,,667,Immune,222,222,222,Immune,Immune,,1,1,1,1,1,,30,1,30,2.31,,1,1,1,1,1,1,1,1,1.5,0
[DLC] Gravesite Plain,Kindred of Rot,57409080,,"4,510",-,,121,121,121,121,121,121,121,121,,0,0,10,0,0,-20,0,0,,Immune,Immune,Immune,Immune,Immune,Immune,Immune,,1,1,1,1,1,,30,1,30,2.31,,1,1,1,1,1,1,1,1,1.5,0
[DLC] Ellac River,Kindred of Rot,57409081,,"5,510",-,,122,122,122,122,122,122,122,122,,0,0,10,0,0,-20,0,0,,Immune,Immune,Immune,Immune,Immune,Immune,Immune,,1,1,1,1,1,,30,1,30,2.31,,1,1,1,1,1,1,1,1,1.5,0
[DLC] Castle Ensis / Cerulean Coast,Kindred of Rot,57409083,,"6,200",-,,122,122,122,122,122,122,122,122,,0,0,10,0,0,-20,0,0,,Immune,Immune,Immune,Immune,Immune,Immune,Immune,,1,1,1,1,1,,30,1,30,2.31,,1,1,1,1,1,1,1,1,1.5,0
[DLC] Scadu Altus,Kindred of Rot,57409090,,"6,420",-,,122,122,122,122,122,122,122,122,,0,0,10,0,0,-20,0,0,,Immune,Immune,Immune,Immune,Immune,Immune,Immune,,1,1,1,1,1,,30,1,30,2.31,,1,1,1,1,1,1,1,1,1.5,0
[DLC] Scaduview / Ancient Ruins of Rauh,Crucible Knight Devonia,58000094,,"11,051",-,,124,124,124,124,124,124,124,124,,35,35,35,35,40,20,20,40,,711,711,Immune,711,711,Immune,Immune,,1,1,1,1,0.5,,80,1,80,6.154,,1,1,1,1,1,1,1,1,1.5,0
[DLC] Gravesite Plain,Messmer Soldier (Axe),58300080,,"1,353",-,,121,121,121,121,121,121,121,121,,0,0,10,-10,0,0,-20,0,,210,210,280,280,280,Immune,Immune,,1,1,1,1,1,,30,1,30,2.308,,1,1,1,1,1,1,1,1,1.5,0
[DLC] Ellac River,Messmer Soldier (Axe),58300081,,"1,653",-,,122,122,122,122,122,122,122,122,,0,0,10,-10,0,0,-20,0,,216,216,288,288,288,Immune,Immune,,1,1,1,1,1,,30,1,30,2.308,,1,1,1,1,1,1,1,1,1.5,0
[DLC] Castle Ensis / Cerulean Coast,Messmer Soldier (Axe),58300082,,"1,860",-,,122,122,122,122,122,122,122,122,,0,0,10,-10,0,0,-20,0,,219,219,293,293,293,Immune,Immune,,1,1,1,1,1,,30,1,30,2.308,,1,1,1,1,1,1,1,1,1.5,0
[DLC] Scadu Altus,Messmer Soldier (Axe),58300090,,"1,926",-,,122,122,122,122,122,122,122,122,,0,0,10,-10,0,0,-20,0,,221,221,294,294,294,Immune,Immune,,1,1,1,1,1,,30,1,30,2.308,,1,1,1,1,1,1,1,1,1.5,0
[DLC] Scaduview / Ancient Ruins of Rauh,Messmer Soldier (Axe),58300093,,"2,526",-,,124,124,124,124,124,124,124,124,,0,0,10,-10,0,0,-20,0,,237,237,316,316,316,Immune,Immune,,1,1,1,1,1,,30,1,30,2.308,,1,1,1,1,1,1,1,1,1.5,0
[DLC] Charo's Hidden Grave,Messmer Soldier (Axe),58300095,,"2,064",-,,123,123,123,123,123,123,123,123,,0,0,10,-10,0,0,-20,0,,222,222,296,296,296,Immune,Immune,,1,1,1,1,1,,30,1,30,2.308,,1,1,1,1,1,1,1,1,1.5,0
[DLC] Stone Coffin Fissure / Shadow Keep,Messmer Soldier (Axe),58300098,,"2,199",-,,123,123,123,123,123,123,123,123,,0,0,10,-10,0,0,-20,0,,227,227,303,303,303,Immune,Immune,,1,1,1,1,1,,30,1,30,2.308,,1,1,1,1,1,1,1,1,1.5,0
[DLC] Gravesite Plain,Messmer Soldier (Axe),58300180,,"1,353",-,,121,121,121,121,121,121,121,121,,0,0,10,-10,0,0,-20,0,,210,210,280,280,280,Immune,Immune,,1,1,1,1,1,,30,1,30,2.308,,1,1,1,1,1,1,1,1,1.5,0
[DLC] Ellac River,Messmer Soldier (Axe),58300181,,"1,653",-,,122,122,122,122,122,122,122,122,,0,0,10,-10,0,0,-20,0,,216,216,288,288,288,Immune,Immune,,1,1,1,1,1,,30,1,30,2.308,,1,1,1,1,1,1,1,1,1.5,0
[DLC] Castle Ensis / Cerulean Coast,Messmer Soldier (Axe),58300182,,"1,860",-,,122,122,122,122,122,122,122,122,,0,0,10,-10,0,0,-20,0,,219,219,293,293,293,Immune,Immune,,1,1,1,1,1,,30,1,30,2.308,,1,1,1,1,1,1,1,1,1.5,0
[DLC] Scadu Altus,Messmer Soldier (Axe),58300190,,"1,926",-,,122,122,122,122,122,122,122,122,,0,0,10,-10,0,0,-20,0,,221,221,294,294,294,Immune,Immune,,1,1,1,1,1,,30,1,30,2.308,,1,1,1,1,1,1,1,1,1.5,0
[DLC] Scaduview / Ancient Ruins of Rauh,Messmer Soldier (Axe),58300193,,"2,526",-,,124,124,124,124,124,124,124,124,,0,0,10,-10,0,0,-20,0,,237,237,316,316,316,Immune,Immune,,1,1,1,1,1,,30,1,30,2.308,,1,1,1,1,1,1,1,1,1.5,0
[DLC] Gravesite Plain,Messmer Soldier (Axe),58300280,,"1,353",-,,121,121,121,121,121,121,121,121,,0,0,10,-10,0,0,-20,0,,210,210,280,280,280,Immune,Immune,,1,1,1,1,1,,30,1,30,2.308,,1,1,1,1,1,1,1,1,1.5,0
[DLC] Ellac River,Messmer Soldier (Axe),58300281,,"1,653",-,,122,122,122,122,122,122,122,122,,0,0,10,-10,0,0,-20,0,,216,216,288,288,288,Immune,Immune,,1,1,1,1,1,,30,1,30,2.308,,1,1,1,1,1,1,1,1,1.5,0
[DLC] Castle Ensis / Cerulean Coast,Messmer Soldier (Axe),58300282,,"1,860",-,,122,122,122,122,122,122,122,122,,0,0,10,-10,0,0,-20,0,,219,219,293,293,293,Immune,Immune,,1,1,1,1,1,,30,1,30,2.308,,1,1,1,1,1,1,1,1,1.5,0
[DLC] Scadu Altus,Messmer Soldier (Axe),58300290,,"1,926",-,,122,122,122,122,122,122,122,122,,0,0,10,-10,0,0,-20,0,,221,221,294,294,294,Immune,Immune,,1,1,1,1,1,,30,1,30,2.308,,1,1,1,1,1,1,1,1,1.5,0
[DLC] Scaduview / Ancient Ruins of Rauh,Messmer Soldier (Axe),58300293,,"2,526",-,,124,124,124,124,124,124,124,124,,0,0,10,-10,0,0,-20,0,,237,237,316,316,316,Immune,Immune,,1,1,1,1,1,,30,1,30,2.308,,1,1,1,1,1,1,1,1,1.5,0
[DLC] Stone Coffin Fissure / Shadow Keep,Messmer Soldier (Axe),58300298,,"2,199",-,,123,123,123,123,123,123,123,123,,0,0,10,-10,0,0,-20,0,,227,227,303,303,303,Immune,Immune,,1,1,1,1,1,,30,1,30,2.308,,1,1,1,1,1,1,1,1,1.5,0
[DLC] Gravesite Plain,Messmer Soldier (Axe),58300380,,"1,353",-,,121,121,121,121,121,121,121,121,,0,0,10,-10,0,0,-20,0,,210,210,280,280,280,Immune,Immune,,1,1,1,1,1,,30,1,30,2.308,,1,1,1,1,1,1,1,1,1.5,0
[DLC] Ellac River,Messmer Soldier (Axe),58300381,,"1,653",-,,122,122,122,122,122,122,122,122,,0,0,10,-10,0,0,-20,0,,216,216,288,288,288,Immune,Immune,,1,1,1,1,1,,30,1,30,2.308,,1,1,1,1,1,1,1,1,1.5,0
[DLC] Castle Ensis / Cerulean Coast,Messmer Soldier (Axe),58300382,,"1,860",-,,122,122,122,122,122,122,122,122,,0,0,10,-10,0,0,-20,0,,219,219,293,293,293,Immune,Immune,,1,1,1,1,1,,30,1,30,2.308,,1,1,1,1,1,1,1,1,1.5,0
[DLC] Scadu Altus,Messmer Soldier (Axe),58300390,,"1,926",-,,122,122,122,122,122,122,122,122,,0,0,10,-10,0,0,-20,0,,221,221,294,294,294,Immune,Immune,,1,1,1,1,1,,30,1,30,2.308,,1,1,1,1,1,1,1,1,1.5,0
[DLC] Scaduview / Ancient Ruins of Rauh,Messmer Soldier (Axe),58300393,,"2,526",-,,124,124,124,124,124,124,124,124,,0,0,10,-10,0,0,-20,0,,237,237,316,316,316,Immune,Immune,,1,1,1,1,1,,30,1,30,2.308,,1,1,1,1,1,1,1,1,1.5,0
[DLC] Charo's Hidden Grave,Messmer Soldier (Axe),58300395,,"2,064",-,,123,123,123,123,123,123,123,123,,0,0,10,-10,0,0,-20,0,,222,222,296,296,296,Immune,Immune,,1,1,1,1,1,,30,1,30,2.308,,1,1,1,1,1,1,1,1,1.5,0
[DLC] Stone Coffin Fissure / Shadow Keep,Messmer Soldier (Axe),58300398,,"2,199",-,,123,123,123,123,123,123,123,123,,0,0,10,-10,0,0,-20,0,,227,227,303,303,303,Immune,Immune,,1,1,1,1,1,,30,1,30,2.308,,1,1,1,1,1,1,1,1,1.5,0
[DLC] Castle Ensis / Cerulean Coast,Messmer Soldier (Axe),58300482,,"1,860",-,,122,122,122,122,122,122,122,122,,0,0,10,-10,0,0,-20,0,,219,219,293,293,293,Immune,Immune,,1,1,1,1,1,,30,1,30,2.308,,1,1,1,1,1,1,1,1,1.5,0
[DLC] Scadu Altus,Messmer Soldier (Axe),58300490,,"1,926",-,,122,122,122,122,122,122,122,122,,0,0,10,-10,0,0,-20,0,,221,221,294,294,294,Immune,Immune,,1,1,1,1,1,,30,1,30,2.308,,1,1,1,1,1,1,1,1,1.5,0
[DLC] Gravesite Plain,Messmer Soldier (Spear),58300580,,"1,353",-,,121,121,121,121,121,121,121,121,,0,0,10,-10,0,0,-20,0,,210,210,280,280,280,Immune,Immune,,1,1,1,1,1,,30,1,30,2.308,,1,1,1,1,1,1,1,1,1.5,0
[DLC] Ellac River,Messmer Soldier (Spear),58300581,,"1,653",-,,122,122,122,122,122,122,122,122,,0,0,10,-10,0,0,-20,0,,216,216,288,288,288,Immune,Immune,,1,1,1,1,1,,30,1,30,2.308,,1,1,1,1,1,1,1,1,1.5,0
[DLC] Castle Ensis / Cerulean Coast,Messmer Soldier (Spear),58300582,,"1,860",-,,122,122,122,122,122,122,122,122,,0,0,10,-10,0,0,-20,0,,219,219,293,293,293,Immune,Immune,,1,1,1,1,1,,30,1,30,2.308,,1,1,1,1,1,1,1,1,1.5,0
[DLC] Scadu Altus,Messmer Soldier (Spear),58300590,,"1,926",-,,122,122,122,122,122,122,122,122,,0,0,10,-10,0,0,-20,0,,221,221,294,294,294,Immune,Immune,,1,1,1,1,1,,30,1,30,2.308,,1,1,1,1,1,1,1,1,1.5,0
[DLC] Scaduview / Ancient Ruins of Rauh,Messmer Soldier (Spear),58300593,,"2,526",-,,124,124,124,124,124,124,124,124,,0,0,10,-10,0,0,-20,0,,237,237,316,316,316,Immune,Immune,,1,1,1,1,1,,30,1,30,2.308,,1,1,1,1,1,1,1,1,1.5,0
[DLC] Charo's Hidden Grave,Messmer Soldier (Spear),58300595,,"2,064",-,,123,123,123,123,123,123,123,123,,0,0,10,-10,0,0,-20,0,,222,222,296,296,296,Immune,Immune,,1,1,1,1,1,,30,1,30,2.308,,1,1,1,1,1,1,1,1,1.5,0
[DLC] Stone Coffin Fissure / Shadow Keep,Messmer Soldier (Spear),58300598,,"2,199",-,,123,123,123,123,123,123,123,123,,0,0,10,-10,0,0,-20,0,,227,227,303,303,303,Immune,Immune,,1,1,1,1,1,,30,1,30,2.308,,1,1,1,1,1,1,1,1,1.5,0
[DLC] Gravesite Plain,Messmer Soldier (Axe),58300680,,"1,353",-,,121,121,121,121,121,121,121,121,,0,0,10,-10,0,0,-20,0,,210,210,280,280,280,Immune,Immune,,1,1,1,1,1,,30,1,30,2.308,,1,1,1,1,1,1,1,1,1.5,0
[DLC] Ellac River,Messmer Soldier (Axe),58300681,,"1,653",-,,122,122,122,122,122,122,122,122,,0,0,10,-10,0,0,-20,0,,216,216,288,288,288,Immune,Immune,,1,1,1,1,1,,30,1,30,2.308,,1,1,1,1,1,1,1,1,1.5,0
[DLC] Scadu Altus,Messmer Soldier (Axe),58300690,,"1,926",-,,122,122,122,122,122,122,122,122,,0,0,10,-10,0,0,-20,0,,221,221,294,294,294,Immune,Immune,,1,1,1,1,1,,30,1,30,2.308,,1,1,1,1,1,1,1,1,1.5,0
[DLC] Stone Coffin Fissure / Shadow Keep,Messmer Soldier (Axe),58300698,,"2,199",-,,123,123,123,123,123,123,123,123,,0,0,10,-10,0,0,-20,0,,227,227,303,303,303,Immune,Immune,,1,1,1,1,1,,30,1,30,2.308,,1,1,1,1,1,1,1,1,1.5,0
[DLC] Scadu Altus,Messmer Soldier (?),58301590,,"1,926",-,,122,122,122,122,122,122,122,122,,0,0,10,-10,0,0,-20,0,,221,221,294,294,294,Immune,Immune,,1,1,1,1,1,,30,1,30,2.308,,1,1,1,1,1,1,1,1,1.5,0
[DLC] Castle Ensis / Cerulean Coast,Messmer Soldier (?),58309082,,"1,860",-,,122,122,122,122,122,122,122,122,,0,0,10,-10,0,0,-20,0,,219,219,293,293,293,Immune,Immune,,1,1,1,1,1,,30,1,30,2.308,,1,1,1,1,1,1,1,1,1.5,0
[DLC] Scadu Altus,Messmer Soldier (?),58309090,,"1,926",-,,122,122,122,122,122,122,122,122,,0,0,10,-10,0,0,-20,0,,221,221,294,294,294,Immune,Immune,,1,1,1,1,1,,30,1,30,2.308,,1,1,1,1,1,1,1,1,1.5,0
[DLC] Stone Coffin Fissure / Shadow Keep,Messmer Soldier (?),58309098,,"2,199",-,,123,123,123,123,123,123,123,123,,0,0,10,-10,0,0,-20,0,,227,227,303,303,303,Immune,Immune,,1,1,1,1,1,,30,1,30,2.308,,1,1,1,1,1,1,1,1,1.5,0
[DLC] Castle Ensis / Cerulean Coast,Giant Ram,58500083,,"4,340",-,,122,122,122,122,122,122,122,122,,-40,-40,-40,-40,-40,-100,40,-40,,164,164,164,164,Immune,Immune,Immune,,1,1,1,1,1,,-1,1,∞,0,,1,1,1,1,1,1,1,1,1.5,0
[DLC] Charo's Hidden Grave,Giant Ram,58500084,,"4,816",-,,123,123,123,123,123,123,123,123,,-40,-40,-40,-40,-40,-100,40,-40,,166,166,166,166,Immune,Immune,Immune,,1,1,1,1,1,,-1,1,∞,0,,1,1,1,1,1,1,1,1,1.5,0
[DLC] Gravesite Plain,Giant Ram,58500180,,"3,157",-,,121,121,121,121,121,121,121,121,,-40,-40,-40,-40,-40,-100,40,-40,,157,157,157,157,Immune,Immune,Immune,,1,1,1,1,1,,30,1,30,2.308,,1,1,1,1,1,1,1,1,1.5,0
[DLC] Castle Ensis / Cerulean Coast,Giant Ram,58500183,,"4,340",-,,122,122,122,122,122,122,122,122,,-40,-40,-40,-40,-40,-100,40,-40,,164,164,164,164,Immune,Immune,Immune,,1,1,1,1,1,,30,1,30,2.308,,1,1,1,1,1,1,1,1,1.5,0
[DLC] Charo's Hidden Grave,Giant Ram,58500184,,"4,816",-,,123,123,123,123,123,123,123,123,,-40,-40,-40,-40,-40,-100,40,-40,,166,166,166,166,Immune,Immune,Immune,,1,1,1,1,1,,30,1,30,2.308,,1,1,1,1,1,1,1,1,1.5,0
[DLC] Scadu Altus,Giant Ram,58500190,,"4,494",-,,122,122,122,122,122,122,122,122,,-40,-40,-40,-40,-40,-100,40,-40,,165,165,165,165,Immune,Immune,Immune,,1,1,1,1,1,,30,1,30,2.308,,1,1,1,1,1,1,1,1,1.5,0
[DLC] Ellac River,Imp (Lion Head),58700081,,"1,480",-,,122,122,122,122,122,122,122,122,,10,0,35,35,20,40,40,40,,Immune,Immune,Immune,Immune,Immune,Immune,Immune,,1,1,1,1,1,,30,1,30,2.308,,1,1,1,1,1,1,1,1,1.5,0
[DLC] Scadu Altus,Imp (Lion Head),58700090,,"1,725",-,,122,122,122,122,122,122,122,122,,10,0,35,35,20,40,40,40,,Immune,Immune,Immune,Immune,Immune,Immune,Immune,,1,1,1,1,1,,30,1,30,2.308,,1,1,1,1,1,1,1,1,1.5,0
[DLC] Scadutree Base,Imp (Lion Head),58700091,,"2,031",-,,123,123,123,123,123,123,123,123,,10,0,35,35,20,40,40,40,,Immune,Immune,Immune,Immune,Immune,Immune,Immune,,1,1,1,1,1,,30,1,30,2.308,,1,1,1,1,1,1,1,1,1.5,0
[DLC] Charo's Hidden Grave,Imp (Lion Head),58700095,,"1,849",-,,123,123,123,123,123,123,123,123,,10,0,35,35,20,40,40,40,,Immune,Immune,Immune,Immune,Immune,Immune,Immune,,1,1,1,1,1,,30,1,30,2.308,,1,1,1,1,1,1,1,1,1.5,0
[DLC] Ellac River,Imp (Lion Head),58700181,,"1,480",-,,122,122,122,122,122,122,122,122,,10,0,35,35,20,40,40,40,,Immune,Immune,Immune,Immune,Immune,Immune,Immune,,1,1,1,1,1,,30,1,30,2.308,,1,1,1,1,1,1,1,1,1.5,0
[DLC] Scadu Altus,Imp (Lion Head),58700190,,"1,725",-,,122,122,122,122,122,122,122,122,,10,0,35,35,20,40,40,40,,Immune,Immune,Immune,Immune,Immune,Immune,Immune,,1,1,1,1,1,,30,1,30,2.308,,1,1,1,1,1,1,1,1,1.5,0
[DLC] Scadutree Base,Imp (Lion Head),58700191,,"2,031",-,,123,123,123,123,123,123,123,123,,10,0,35,35,20,40,40,40,,Immune,Immune,Immune,Immune,Immune,Immune,Immune,,1,1,1,1,1,,30,1,30,2.308,,1,1,1,1,1,1,1,1,1.5,0
[DLC] Charo's Hidden Grave,Imp (Lion Head),58700195,,"1,849",-,,123,123,123,123,123,123,123,123,,10,0,35,35,20,40,40,40,,Immune,Immune,Immune,Immune,Immune,Immune,Immune,,1,1,1,1,1,,30,1,30,2.308,,1,1,1,1,1,1,1,1,1.5,0
[DLC] Ellac River,Imp (Lion Head),58700281,,"1,480",-,,122,122,122,122,122,122,122,122,,10,0,35,35,20,40,40,40,,Immune,Immune,Immune,Immune,Immune,Immune,Immune,,1,1,1,1,1,,35,1,35,2.692,,1,1,1,1,1,1,1,1,1.5,0
[DLC] Scadu Altus,Imp (Lion Head),58700290,,"1,725",-,,122,122,122,122,122,122,122,122,,10,0,35,35,20,40,40,40,,Immune,Immune,Immune,Immune,Immune,Immune,Immune,,1,1,1,1,1,,35,1,35,2.692,,1,1,1,1,1,1,1,1,1.5,0
[DLC] Scadutree Base,Imp (Lion Head),58700291,,"2,031",-,,123,123,123,123,123,123,123,123,,10,0,35,35,20,40,40,40,,Immune,Immune,Immune,Immune,Immune,Immune,Immune,,1,1,1,1,1,,35,1,35,2.692,,1,1,1,1,1,1,1,1,1.5,0
[DLC] Charo's Hidden Grave,Imp (Lion Head),58700295,,"1,849",-,,123,123,123,123,123,123,123,123,,10,0,35,35,20,40,40,40,,Immune,Immune,Immune,Immune,Immune,Immune,Immune,,1,1,1,1,1,,35,1,35,2.692,,1,1,1,1,1,1,1,1,1.5,0
[DLC] Ellac River,Imp (Lion Head),58700381,,"1,480",-,,122,122,122,122,122,122,122,122,,10,0,35,35,20,40,40,40,,Immune,Immune,Immune,Immune,Immune,Immune,Immune,,1,1,1,1,1,,35,1,35,2.692,,1,1,1,1,1,1,1,1,1.5,0
[DLC] Scadu Altus,Imp (Lion Head),58700390,,"1,725",-,,122,122,122,122,122,122,122,122,,10,0,35,35,20,40,40,40,,Immune,Immune,Immune,Immune,Immune,Immune,Immune,,1,1,1,1,1,,35,1,35,2.692,,1,1,1,1,1,1,1,1,1.5,0
[DLC] Scadutree Base,Imp (Lion Head),58700391,,"2,031",-,,123,123,123,123,123,123,123,123,,10,0,35,35,20,40,40,40,,Immune,Immune,Immune,Immune,Immune,Immune,Immune,,1,1,1,1,1,,35,1,35,2.692,,1,1,1,1,1,1,1,1,1.5,0
[DLC] Charo's Hidden Grave,Imp (Lion Head),58700395,,"1,849",-,,123,123,123,123,123,123,123,123,,10,0,35,35,20,40,40,40,,Immune,Immune,Immune,Immune,Immune,Immune,Immune,,1,1,1,1,1,,35,1,35,2.692,,1,1,1,1,1,1,1,1,1.5,0
[DLC] Ellac River,Imp (Lion Head),58700481,,"1,480",-,,122,122,122,122,122,122,122,122,,10,0,35,35,20,40,40,40,,Immune,Immune,Immune,Immune,Immune,Immune,Immune,,1,1,1,1,1,,30,1,30,2.308,,1,1,1,1,1,1,1,1,1.5,0
[DLC] Scadutree Base,Imp (Lion Head),58700491,,"2,031",-,,123,123,123,123,123,123,123,123,,10,0,35,35,20,40,40,40,,Immune,Immune,Immune,Immune,Immune,Immune,Immune,,1,1,1,1,1,,30,1,30,2.308,,1,1,1,1,1,1,1,1,1.5,0
[DLC] Charo's Hidden Grave,Imp (Lion Head),58700495,,"1,849",-,,123,123,123,123,123,123,123,123,,10,0,35,35,20,40,40,40,,Immune,Immune,Immune,Immune,Immune,Immune,Immune,,1,1,1,1,1,,30,1,30,2.308,,1,1,1,1,1,1,1,1,1.5,0
[DLC] Scadu Altus,Imp (Dragon Head),58710090,,"1,725",-,,122,122,122,122,122,122,122,122,,10,0,35,35,20,40,40,40,,Immune,Immune,Immune,Immune,Immune,Immune,Immune,,1,1,1,1,1,,-1,1,∞,0,,1,1,1,1,1,1,1,1,1.5,0
[DLC] Charo's Hidden Grave,Imp (Dragon Head),58710095,,"1,849",-,,123,123,123,123,123,123,123,123,,10,0,35,35,20,40,40,40,,Immune,Immune,Immune,Immune,Immune,Immune,Immune,,1,1,1,1,1,,-1,1,∞,0,,1,1,1,1,1,1,1,1,1.5,0
[DLC] Scadu Altus,Imp (Dragon Head),58720090,,"1,725",-,,122,122,122,122,122,122,122,122,,10,0,35,35,20,40,40,40,,Immune,Immune,Immune,Immune,Immune,Immune,Immune,,1,1,1,1,1,,-1,1,∞,0,,1,1,1,1,1,1,1,1,1.5,0
[DLC] Scadutree Base,Imp (Dragon Head),58720091,,"2,031",-,,123,123,123,123,123,123,123,123,,10,0,35,35,20,40,40,40,,Immune,Immune,Immune,Immune,Immune,Immune,Immune,,1,1,1,1,1,,-1,1,∞,0,,1,1,1,1,1,1,1,1,1.5,0
[DLC] Scadu Altus,Imp (Dragon Head),58727090,,"1,725",-,,122,122,122,122,122,122,122,122,,10,0,35,35,20,40,40,40,,Immune,Immune,Immune,Immune,Immune,Immune,Immune,,1,1,1,1,1,,-1,1,∞,0,,1,1,1,1,1,1,1,1,1.5,0
[DLC] Scadutree Base,Imp (Dragon Head),58727091,,"2,031",-,,123,123,123,123,123,123,123,123,,10,0,35,35,20,40,40,40,,Immune,Immune,Immune,Immune,Immune,Immune,Immune,,1,1,1,1,1,,-1,1,∞,0,,1,1,1,1,1,1,1,1,1.5,0
[DLC] Scadu Altus,Putrescence Sorcerer,58800090,,"2,106",-,,122,122,122,122,122,122,122,122,,-10,-20,0,0,0,0,0,-40,,663,663,221,294,221,Immune,Immune,,1,1,1,1,1,,30,1,30,2.308,,1,1,1,1,1,1,1,1,1.5,0
[DLC] Scadutree Base,Putrescence Sorcerer,58800091,,"2,480",-,,123,123,123,123,123,123,123,123,,-10,-20,0,0,0,0,0,-40,,689,689,229,306,229,Immune,Immune,,1,1,1,1,1,,30,1,30,2.308,,1,1,1,1,1,1,1,1,1.5,0
[DLC] Charo's Hidden Grave,Putrescence Sorcerer,58800095,,"2,257",-,,123,123,123,123,123,123,123,123,,-10,-20,0,0,0,0,0,-40,,667,667,222,296,222,Immune,Immune,,1,1,1,1,1,,30,1,30,2.308,,1,1,1,1,1,1,1,1,1.5,0
[DLC] Ellac River,Putrescence Sorcerer,58800181,,"1,807",-,,122,122,122,122,122,122,122,122,,-10,-20,0,0,0,0,0,-40,,648,648,216,288,216,Immune,Immune,,1,1,1,1,1,,30,1,30,2.308,,1,1,1,1,1,1,1,1,1.5,0
[DLC] Scadu Altus,Putrescence Sorcerer,58800190,,"2,106",-,,122,122,122,122,122,122,122,122,,-10,-20,0,0,0,0,0,-40,,663,663,221,294,221,Immune,Immune,,1,1,1,1,1,,30,1,30,2.308,,1,1,1,1,1,1,1,1,1.5,0
[DLC] Scadutree Base,Putrescence Sorcerer,58800191,,"2,480",-,,123,123,123,123,123,123,123,123,,-10,-20,0,0,0,0,0,-40,,689,689,229,306,229,Immune,Immune,,1,1,1,1,1,,30,1,30,2.308,,1,1,1,1,1,1,1,1,1.5,0
[DLC] Ellac River,Putrescence Sorcerer,58800281,,"1,807",-,,122,122,122,122,122,122,122,122,,-10,-20,0,0,0,0,0,-40,,648,648,216,288,216,Immune,Immune,,1,1,1,1,1,,30,1,30,2.308,,1,1,1,1,1,1,1,1,1.5,0
[DLC] Scadu Altus,Putrescence Sorcerer,58800290,,"2,106",-,,122,122,122,122,122,122,122,122,,-10,-20,0,0,0,0,0,-40,,663,663,221,294,221,Immune,Immune,,1,1,1,1,1,,30,1,30,2.308,,1,1,1,1,1,1,1,1,1.5,0
[DLC] Scadu Altus,Black Knight Horse,58900090,,"4,494",-,,122,122,122,122,122,122,122,122,,0,0,-10,0,0,0,0,0,,294,294,294,294,294,Immune,Immune,,1,1,1,1,1,,65,1,65,5,,1,1,1,1,1,1,1,1,1.5,0
[DLC] Scaduview / Ancient Ruins of Rauh,Black Knight Horse,58900093,,"5,894",-,,124,124,124,124,124,124,124,124,,0,0,-10,0,0,0,0,0,,316,316,316,316,316,Immune,Immune,,1,1,1,1,1,,65,1,65,5,,1,1,1,1,1,1,1,1,1.5,0
[DLC] Scadu Altus,Black Knight Horse,58900190,,"4,494",-,,122,122,122,122,122,122,122,122,,0,0,-10,0,0,0,0,0,,294,294,294,294,294,Immune,Immune,,1,1,1,1,1,,65,1,65,5,,1,1,1,1,1,1,1,1,1.5,0
[DLC] Gravesite Plain,Man-Fly,59000080,,"1,353",-,,121,121,121,121,121,121,121,121,,0,0,20,0,0,-20,0,0,,630,630,210,210,157,Immune,Immune,,1,1,1,1,1,,30,1,30,2.308,,1,1,1,1,1,1,1,1,1.5,0
[DLC] Ellac River,Man-Fly,59000081,,"1,653",-,,122,122,122,122,122,122,122,122,,0,0,20,0,0,-20,0,0,,648,648,216,216,162,Immune,Immune,,1,1,1,1,1,,30,1,30,2.308,,1,1,1,1,1,1,1,1,1.5,0
[DLC] Castle Ensis / Cerulean Coast,Man-Fly,59000083,,"1,860",-,,122,122,122,122,122,122,122,122,,0,0,20,0,0,-20,0,0,,659,659,219,219,164,Immune,Immune,,1,1,1,1,1,,30,1,30,2.308,,1,1,1,1,1,1,1,1,1.5,0
"[DLC] Belurat, Tower Settlement",Man-Fly,59000088,,"1,506",-,,121,121,121,121,121,121,121,121,,0,0,20,0,0,-20,0,0,,Immune,641,213,213,160,Immune,Immune,,1,1,1,1,1,,30,1,30,2.308,,1,1,1,1,1,1,1,1,1.5,0
[DLC] Jagged Peak / Enir-Ilim / Finger Birthing Grounds,Man-Fly,59000089,,"2,706",-,,124,124,124,124,124,124,124,124,,0,0,20,0,0,-20,0,0,,726,726,242,242,181,Immune,Immune,,1,1,1,1,1,,30,1,30,2.308,,1,1,1,1,1,1,1,1,1.5,0
[DLC] Scadu Altus,Man-Fly,59000090,,"1,926",-,,122,122,122,122,122,122,122,122,,0,0,20,0,0,-20,0,0,,663,663,221,221,165,Immune,Immune,,1,1,1,1,1,,30,1,30,2.308,,1,1,1,1,1,1,1,1,1.5,0
[DLC] Scadutree Base,Man-Fly,59000091,,"2,268",-,,123,123,123,123,123,123,123,123,,0,0,20,0,0,-20,0,0,,689,689,229,229,172,Immune,Immune,,1,1,1,1,1,,30,1,30,2.308,,1,1,1,1,1,1,1,1,1.5,0
[DLC] Scaduview / Ancient Ruins of Rauh,Man-Fly,59000094,,"2,526",-,,124,124,124,124,124,124,124,124,,0,0,20,0,0,-20,0,0,,711,711,237,237,177,Immune,Immune,,1,1,1,1,1,,30,1,30,2.308,,1,1,1,1,1,1,1,1,1.5,0
[DLC] Gravesite Plain,Man-Fly,59000180,,"1,353",-,,121,121,121,121,121,121,121,121,,0,0,20,0,0,-20,0,0,,630,630,210,210,157,Immune,Immune,,1,1,1,1,1,,30,1,30,2.308,,1,1,1,1,1,1,1,1,1.5,0
[DLC] Ellac River,Man-Fly,59000181,,"1,653",-,,122,122,122,122,122,122,122,122,,0,0,20,0,0,-20,0,0,,648,648,216,216,162,Immune,Immune,,1,1,1,1,1,,30,1,30,2.308,,1,1,1,1,1,1,1,1,1.5,0
[DLC] Castle Ensis / Cerulean Coast,Man-Fly,59000183,,"1,860",-,,122,122,122,122,122,122,122,122,,0,0,20,0,0,-20,0,0,,659,659,219,219,164,Immune,Immune,,1,1,1,1,1,,30,1,30,2.308,,1,1,1,1,1,1,1,1,1.5,0
"[DLC] Belurat, Tower Settlement",Man-Fly,59000188,,"1,506",-,,121,121,121,121,121,121,121,121,,0,0,20,0,0,-20,0,0,,Immune,641,213,213,160,Immune,Immune,,1,1,1,1,1,,30,1,30,2.308,,1,1,1,1,1,1,1,1,1.5,0
[DLC] Jagged Peak / Enir-Ilim / Finger Birthing Grounds,Man-Fly,59000189,,"2,706",-,,124,124,124,124,124,124,124,124,,0,0,20,0,0,-20,0,0,,726,726,242,242,181,Immune,Immune,,1,1,1,1,1,,30,1,30,2.308,,1,1,1,1,1,1,1,1,1.5,0
[DLC] Scadu Altus,Man-Fly,59000190,,"1,926",-,,122,122,122,122,122,122,122,122,,0,0,20,0,0,-20,0,0,,663,663,221,221,165,Immune,Immune,,1,1,1,1,1,,30,1,30,2.308,,1,1,1,1,1,1,1,1,1.5,0
[DLC] Scadutree Base,Man-Fly,59000191,,"2,268",-,,123,123,123,123,123,123,123,123,,0,0,20,0,0,-20,0,0,,689,689,229,229,172,Immune,Immune,,1,1,1,1,1,,30,1,30,2.308,,1,1,1,1,1,1,1,1,1.5,0
[DLC] Scaduview / Ancient Ruins of Rauh,Man-Fly,59000194,,"2,526",-,,124,124,124,124,124,124,124,124,,0,0,20,0,0,-20,0,0,,711,711,237,237,177,Immune,Immune,,1,1,1,1,1,,30,1,30,2.308,,1,1,1,1,1,1,1,1,1.5,0
[DLC] Stone Coffin Fissure / Shadow Keep,Watcher Stones,59400087,,"1,992",-,,123,123,123,123,123,123,123,123,,35,10,35,35,40,40,40,40,,Immune,Immune,Immune,Immune,Immune,Immune,Immune,,1,1,1,1,1,,30,1,30,2.308,,1,1,1,1,1,1,1,1,2,0
[DLC] Stone Coffin Fissure / Shadow Keep,Watcher Stones,59400187,,"1,992",-,,123,123,123,123,123,123,123,123,,35,10,35,35,40,40,40,40,,Immune,Immune,Immune,Immune,Immune,Immune,Immune,,1,1,1,1,1,,30,1,30,2.308,,1,1,1,1,1,1,1,1,2,0
[DLC] Stone Coffin Fissure / Shadow Keep,Watcher Stones,59400287,,"1,992",-,,123,123,123,123,123,123,123,123,,35,10,35,35,40,40,40,40,,Immune,Immune,Immune,Immune,Immune,Immune,Immune,,1,1,1,1,1,,30,1,30,2.308,,1,1,1,1,1,1,1,1,2,0
[DLC] Stone Coffin Fissure / Shadow Keep,Watcher Stones,59400387,,"1,992",-,,123,123,123,123,123,123,123,123,,35,10,35,35,40,40,40,40,,Immune,Immune,Immune,Immune,Immune,Immune,Immune,,1,1,1,1,1,,30,1,30,2.308,,1,1,1,1,1,1,1,1,2,0
[DLC] Stone Coffin Fissure / Shadow Keep,Watcher Stones,59400487,,"1,992",-,,123,123,123,123,123,123,123,123,,35,10,35,35,40,40,40,40,,Immune,Immune,Immune,Immune,Immune,Immune,Immune,,1,1,1,1,1,,30,0,∞,2.308,,1,1,1,1,1,1,1,1,2,0
[DLC] Stone Coffin Fissure / Shadow Keep,Watcher Stones,59401087,,"1,992",-,,123,123,123,123,123,123,123,123,,35,10,35,35,40,40,40,40,,Immune,Immune,Immune,Immune,Immune,Immune,Immune,,1,1,1,1,1,,30,1,30,2.308,,1,1,1,1,1,1,1,1,2,0
[DLC] Stone Coffin Fissure / Shadow Keep,Leonine Misbegotten,59500087,,"6,459",-,,123,123,123,123,123,123,123,123,,10,10,0,10,20,0,20,20,,416,416,416,416,416,Immune,Immune,,1,1,1,1,1,,80,1,80,6.154,,1,1,1,1,1,1,1,1,1.5,0
[DLC] Stone Coffin Fissure / Shadow Keep,Leonine Misbegotten,59501087,,"6,459",-,,123,123,123,123,123,123,123,123,,10,10,0,10,20,0,20,40,,416,416,416,416,416,Immune,Immune,,1,1,1,1,1,,80,1,80,6.154,,1,1,1,1,1,1,1,1,1.5,0
[DLC] Gravesite Plain,Common Soldier (Dagger),56510080,,"1,035",-,,121,121,121,121,121,121,121,121,,0,0,0,-10,0,0,-20,0,,157,157,210,210,210,Immune,Immune,,1,1,1,1,1,,30,1,30,2.308,,1,1,1,1,1,1,1,1,1.5,0
[DLC] Ellac River,Common Soldier (Dagger),56510081,,"1,265",-,,122,122,122,122,122,122,122,122,,0,0,0,-10,0,0,-20,0,,162,162,216,216,216,Immune,Immune,,1,1,1,1,1,,30,1,30,2.308,,1,1,1,1,1,1,1,1,1.5,0
[DLC] Castle Ensis / Cerulean Coast,Common Soldier (Dagger),56510082,,"1,424",-,,122,122,122,122,122,122,122,122,,0,0,0,-10,0,0,-20,0,,164,164,219,219,219,Immune,Immune,,1,1,1,1,1,,30,1,30,2.308,,1,1,1,1,1,1,1,1,1.5,0
[DLC] Scadu Altus,Common Soldier (Dagger),56510090,,"1,474",-,,122,122,122,122,122,122,122,122,,0,0,0,-10,0,0,-20,0,,165,165,221,221,221,Immune,Immune,,1,1,1,1,1,,30,1,30,2.308,,1,1,1,1,1,1,1,1,1.5,0
[DLC] Scaduview / Ancient Ruins of Rauh,Common Soldier (Dagger),56510093,,"1,933",-,,124,124,124,124,124,124,124,124,,0,0,0,-10,0,0,-20,0,,177,177,237,237,237,Immune,Immune,,1,1,1,1,1,,30,1,30,2.308,,1,1,1,1,1,1,1,1,1.5,0
[DLC] Charo's Hidden Grave,Common Soldier (Dagger),56510095,,"1,580",-,,123,123,123,123,123,123,123,123,,0,0,0,-10,0,0,-20,0,,166,166,222,222,222,Immune,Immune,,1,1,1,1,1,,30,1,30,2.308,,1,1,1,1,1,1,1,1,1.5,0
[DLC] Stone Coffin Fissure / Shadow Keep,Common Soldier (Dagger),56510098,,"1,683",-,,123,123,123,123,123,123,123,123,,0,0,0,-10,0,0,-20,0,,170,170,227,227,227,Immune,Immune,,1,1,1,1,1,,30,1,30,2.308,,1,1,1,1,1,1,1,1,1.5,0
[DLC] Castle Ensis / Cerulean Coast,Common Soldier (Dagger),56510582,,"1,424",-,,122,122,122,122,122,122,122,122,,0,0,0,-10,0,0,-20,0,,164,164,219,219,219,Immune,Immune,,1,1,1,1,1,,30,1,30,2.308,,1,1,1,1,1,1,1,1,1.5,0
[DLC] Scadu Altus,Common Soldier (Dagger),56510590,,"1,474",-,,122,122,122,122,122,122,122,122,,0,0,0,-10,0,0,-20,0,,165,165,221,221,221,Immune,Immune,,1,1,1,1,1,,30,1,30,2.308,,1,1,1,1,1,1,1,1,1.5,0
[DLC] Stone Coffin Fissure / Shadow Keep,Common Soldier (Dagger),56510598,,"1,683",-,,123,123,123,123,123,123,123,123,,0,0,0,-10,0,0,-20,0,,170,170,227,227,227,Immune,Immune,,1,1,1,1,1,,30,1,30,2.308,,1,1,1,1,1,1,1,1,1.5,0
[DLC] Scadu Altus,Common Soldier (Dagger),56510890,,"1,474",-,,122,122,122,122,122,122,122,122,,0,0,0,-10,0,0,-20,0,,165,165,221,221,221,Immune,Immune,,1,1,1,1,1,,30,1,30,2.308,,1,1,1,1,1,1,1,1,1.5,0
[DLC] Ellac River,Common Soldier (Dagger),56511581,,"1,265",-,,122,122,122,122,122,122,122,122,,0,0,0,-10,0,0,-20,0,,162,162,216,216,216,Immune,Immune,,1,1,1,1,1,,30,1,30,2.308,,1,1,1,1,1,1,1,1,1.5,0
[DLC] Scaduview / Ancient Ruins of Rauh,Common Soldier (Dagger),56511593,,"1,933",-,,124,124,124,124,124,124,124,124,,0,0,0,-10,0,0,-20,0,,177,177,237,237,237,Immune,Immune,,1,1,1,1,1,,30,1,30,2.308,,1,1,1,1,1,1,1,1,1.5,0
[DLC] Scadu Altus,Common Soldier (Dagger),56511690,,"1,474",-,,122,122,122,122,122,122,122,122,,0,0,0,-10,0,0,-20,0,,165,165,221,221,221,Immune,Immune,,1,1,1,1,1,,30,1,30,2.308,,1,1,1,1,1,1,1,1,1.5,0
[DLC] Scadu Altus,Common Soldier (Dagger),56511890,,"1,474",-,,122,122,122,122,122,122,122,122,,0,0,0,-10,0,0,-20,0,,165,165,221,221,221,Immune,Immune,,1,1,1,1,1,,30,1,30,2.308,,1,1,1,1,1,1,1,1,1.5,0
[DLC] Ellac River,Common Soldier (Short Sword),56512081,,"1,265",-,,122,122,122,122,122,122,122,122,,0,0,0,-10,0,0,-20,0,,162,162,216,216,216,Immune,Immune,,1,1,1,1,1,,30,1,30,2.308,,1,1,1,1,1,1,1,1,1.5,0
[DLC] Castle Ensis / Cerulean Coast,Common Soldier (Short Sword),56512082,,"1,424",-,,122,122,122,122,122,122,122,122,,0,0,0,-10,0,0,-20,0,,164,164,219,219,219,Immune,Immune,,1,1,1,1,1,,30,1,30,2.308,,1,1,1,1,1,1,1,1,1.5,0
[DLC] Scadu Altus,Common Soldier (Short Sword),56512090,,"1,474",-,,122,122,122,122,122,122,122,122,,0,0,0,-10,0,0,-20,0,,165,165,221,221,221,Immune,Immune,,1,1,1,1,1,,30,1,30,2.308,,1,1,1,1,1,1,1,1,1.5,0
[DLC] Scaduview / Ancient Ruins of Rauh,Common Soldier (Short Sword),56512093,,"1,933",-,,124,124,124,124,124,124,124,124,,0,0,0,-10,0,0,-20,0,,177,177,237,237,237,Immune,Immune,,1,1,1,1,1,,30,1,30,2.308,,1,1,1,1,1,1,1,1,1.5,0
[DLC] Charo's Hidden Grave,Common Soldier (Short Sword),56512095,,"1,580",-,,123,123,123,123,123,123,123,123,,0,0,0,-10,0,0,-20,0,,166,166,222,222,222,Immune,Immune,,1,1,1,1,1,,30,1,30,2.308,,1,1,1,1,1,1,1,1,1.5,0
[DLC] Stone Coffin Fissure / Shadow Keep,Common Soldier (Short Sword),56512098,,"1,683",-,,123,123,123,123,123,123,123,123,,0,0,0,-10,0,0,-20,0,,170,170,227,227,227,Immune,Immune,,1,1,1,1,1,,30,1,30,2.308,,1,1,1,1,1,1,1,1,1.5,0
[DLC] Scadu Altus,Common Soldier (Short Sword),56512590,,"1,474",-,,122,122,122,122,122,122,122,122,,0,0,0,-10,0,0,-20,0,,165,165,221,221,221,Immune,Immune,,1,1,1,1,1,,30,1,30,2.308,,1,1,1,1,1,1,1,1,1.5,0
[DLC] Charo's Hidden Grave,Common Soldier (Short Sword),56512595,,"1,580",-,,123,123,123,123,123,123,123,123,,0,0,0,-10,0,0,-20,0,,166,166,222,222,222,Immune,Immune,,1,1,1,1,1,,30,1,30,2.308,,1,1,1,1,1,1,1,1,1.5,0
[DLC] Scadu Altus,Common Soldier (Soldier's Crossbow),56514090,,"1,093",-,,122,122,122,122,122,122,122,122,,0,0,0,-10,0,0,-20,0,,165,165,221,221,221,Immune,Immune,,1,1,1,1,1,,30,1,30,2.308,,1,1,1,1,1,1,1,1,1.5,0
[DLC] Charo's Hidden Grave,Common Soldier (Soldier's Crossbow),56514095,,"1,171",-,,123,123,123,123,123,123,123,123,,0,0,0,-10,0,0,-20,0,,166,166,222,222,222,Immune,Immune,,1,1,1,1,1,,30,1,30,2.308,,1,1,1,1,1,1,1,1,1.5,0
[DLC] Stone Coffin Fissure / Shadow Keep,Common Soldier (Soldier's Crossbow),56514098,,"1,248",-,,123,123,123,123,123,123,123,123,,0,0,0,-10,0,0,-20,0,,170,170,227,227,227,Immune,Immune,,1,1,1,1,1,,30,1,30,2.308,,1,1,1,1,1,1,1,1,1.5,0
[DLC] Ellac River,Common Soldier (Short Spear),56516081,,"1,265",-,,122,122,122,122,122,122,122,122,,0,0,0,-10,0,0,-20,0,,162,162,216,216,216,Immune,Immune,,1,1,1,1,1,,30,1,30,2.308,,1,1,1,1,1,1,1,1,1.5,0
[DLC] Castle Ensis / Cerulean Coast,Common Soldier (Short Spear),56516082,,"1,424",-,,122,122,122,122,122,122,122,122,,0,0,0,-10,0,0,-20,0,,164,164,219,219,219,Immune,Immune,,1,1,1,1,1,,30,1,30,2.308,,1,1,1,1,1,1,1,1,1.5,0
[DLC] Scadu Altus,Common Soldier (Short Spear),56516090,,"1,474",-,,122,122,122,122,122,122,122,122,,0,0,0,-10,0,0,-20,0,,165,165,221,221,221,Immune,Immune,,1,1,1,1,1,,30,1,30,2.308,,1,1,1,1,1,1,1,1,1.5,0
[DLC] Scaduview / Ancient Ruins of Rauh,Common Soldier (Short Spear),56516093,,"1,933",-,,124,124,124,124,124,124,124,124,,0,0,0,-10,0,0,-20,0,,177,177,237,237,237,Immune,Immune,,1,1,1,1,1,,30,1,30,2.308,,1,1,1,1,1,1,1,1,1.5,0
[DLC] Charo's Hidden Grave,Common Soldier (Short Spear),56516095,,"1,580",-,,123,123,123,123,123,123,123,123,,0,0,0,-10,0,0,-20,0,,166,166,222,222,222,Immune,Immune,,1,1,1,1,1,,30,1,30,2.308,,1,1,1,1,1,1,1,1,1.5,0
[DLC] Stone Coffin Fissure / Shadow Keep,Common Soldier (Short Spear),56516098,,"1,683",-,,123,123,123,123,123,123,123,123,,0,0,0,-10,0,0,-20,0,,170,170,227,227,227,Immune,Immune,,1,1,1,1,1,,30,1,30,2.308,,1,1,1,1,1,1,1,1,1.5,0
[DLC] Ellac River,Common Soldier (?),56517081,,"1,265",-,,122,122,122,122,122,122,122,122,,0,0,0,-10,0,0,-20,0,,162,162,216,216,216,Immune,Immune,,1,1,1,1,1,,30,1,30,2.308,,1,1,1,1,1,1,1,1,1.5,0
[DLC] Charo's Hidden Grave,Common Soldier (?),56517095,,"1,580",-,,123,123,123,123,123,123,123,123,,0,0,0,-10,0,0,-20,0,,166,166,222,222,222,Immune,Immune,,1,1,1,1,1,,30,1,30,2.308,,1,1,1,1,1,1,1,1,1.5,0
[DLC] Castle Ensis / Cerulean Coast,Lamprey (?),50610083,,"2,034",-,,122,122,122,122,122,122,122,122,,20,40,20,0,20,20,20,-20,,293,293,293,219,Immune,Immune,Immune,,1,1,1,1,1,,30,1,30,2.308,,1,1,1,1,1,1,1,1,1.5,0
[DLC] Scaduview / Ancient Ruins of Rauh,Lamprey (?),50610093,,"2,762",-,,124,124,124,124,124,124,124,124,,20,40,20,0,20,20,20,-20,,316,316,316,237,Immune,Immune,Immune,,1,1,1,1,1,,30,1,30,2.308,,1,1,1,1,1,1,1,1,1.5,0
[DLC] Castle Ensis / Cerulean Coast,Lamprey (?),50610883,,"2,034",-,,122,122,122,122,122,122,122,122,,20,40,20,0,20,20,20,-20,,293,293,293,219,Immune,Immune,Immune,,1,1,1,1,1,,30,1,30,2.308,,1,1,1,1,1,1,1,1,1.5,0
[DLC] Scaduview / Ancient Ruins of Rauh,Lamprey (?),50610893,,"2,762",-,,124,124,124,124,124,124,124,124,,20,40,20,0,20,20,20,-20,,316,316,316,237,Immune,Immune,Immune,,1,1,1,1,1,,30,1,30,2.308,,1,1,1,1,1,1,1,1,1.5,0
"[DLC] Belurat, Tower Settlement",Spider Scorpion (?),51920088,,"3,310",-,,121,121,121,121,121,121,121,121,,25,0,45,25,20,-20,20,20,,641,641,391,213,213,Immune,Immune,,1,1,1,1,1,,65,1,65,5,,1,1,1,1,1,1,1,1,1.5,0
[DLC] Scadu Altus,Spider Scorpion (?),51920090,,"4,233",-,,122,122,122,122,122,122,122,122,,25,0,45,25,20,-20,20,20,,663,663,405,221,221,Immune,Immune,,1,1,1,1,1,,65,1,65,5,,1,1,1,1,1,1,1,1,1.5,0
[DLC] Scaduview / Ancient Ruins of Rauh,Spider Scorpion (?),51920094,,"5,551",-,,124,124,124,124,124,124,124,124,,25,0,45,25,20,-20,20,20,,711,711,434,237,237,Immune,Immune,,1,1,1,1,1,,65,1,65,5,,1,1,1,1,1,1,1,1,1.5,0
"[DLC] Belurat, Tower Settlement",Spider Scorpion (?),51930088,,454,-,,121,121,121,121,121,121,121,121,,25,0,45,25,20,-20,20,20,,641,641,391,213,213,Immune,Immune,,1,1,1,1,1,,30,1,30,2.308,,1,1,1,1,1,1,1,1,1.5,0
[DLC] Scadu Altus,Spider Scorpion (?),51930090,,581,-,,122,122,122,122,122,122,122,122,,25,0,45,25,20,-20,20,20,,663,663,405,221,221,Immune,Immune,,1,1,1,1,1,,30,1,30,2.308,,1,1,1,1,1,1,1,1,1.5,0
[DLC] Scaduview / Ancient Ruins of Rauh,Spider Scorpion (?),51930094,,763,-,,124,124,124,124,124,124,124,124,,25,0,45,25,20,-20,20,20,,711,711,434,237,237,Immune,Immune,,1,1,1,1,1,,30,1,30,2.308,,1,1,1,1,1,1,1,1,1.5,0
[DLC] Ellac River,Giant Miranda Sprout,53800081,,"16,693",-,,122,122,122,122,122,122,122,122,,0,35,-40,0,0,-40,40,40,,Immune,648,648,162,288,Immune,Immune,,1,1,1,1,1,,100,1,100,7.692,,1,1,1,1,1,1,1,1,1.5,1
[DLC] Charo's Hidden Grave,Giant Miranda Sprout,53800084,,"20,844",-,,123,123,123,123,123,123,123,123,,0,35,-40,0,0,-40,40,40,,Immune,667,667,166,296,Immune,Immune,,1,1,1,1,1,,100,1,100,7.692,,1,1,1,1,1,1,1,1,1.5,1
[DLC] Scadu Altus,Giant Miranda Sprout,53800090,,"19,450",-,,122,122,122,122,122,122,122,122,,0,35,-40,0,0,-40,40,40,,Immune,663,663,165,294,Immune,Immune,,1,1,1,1,1,,100,1,100,7.692,,1,1,1,1,1,1,1,1,1.5,1
[DLC] Scadutree Base,Giant Miranda Sprout,53800091,,"22,904",-,,123,123,123,123,123,123,123,123,,0,35,-40,0,0,-40,40,40,,Immune,689,689,172,306,Immune,Immune,,1,1,1,1,1,,100,1,100,7.692,,1,1,1,1,1,1,1,1,1.5,1
[DLC] Scaduview / Ancient Ruins of Rauh,Giant Miranda Sprout,53800094,,"25,509",-,,124,124,124,124,124,124,124,124,,0,35,-40,0,0,-40,40,40,,Immune,711,711,177,316,Immune,Immune,,1,1,1,1,1,,100,1,100,7.692,,1,1,1,1,1,1,1,1,1.5,1
[DLC] Charo's Hidden Grave,Giant Miranda Sprout,53800284,,"20,844",-,,123,123,123,123,123,123,123,123,,0,35,-40,0,40,0,0,40,,"1,434",667,667,166,296,Immune,Immune,,1,1,1,1,1,,100,1,100,7.692,,1,1,1,1,1,1,1,1,1.5,1
[DLC] Scadu Altus,Giant Miranda Sprout,53800390,,"19,450",-,,122,122,122,122,122,122,122,122,,0,35,-40,0,0,-40,40,40,,"1,426",663,663,165,294,Immune,Immune,,1,1,1,1,1,,100,1,100,7.692,,1,1,1,1,1,1,1,1,1.5,1
[DLC] Ellac River,Miranda Sprout,53810081,,"1,024",-,,122,122,122,122,122,122,122,122,,-10,10,-40,-10,-20,-40,20,20,,Immune,648,648,162,288,Immune,Immune,,1,1,1,1,1,,30,1,30,2.308,,1,1,1,1,1,1,1,1,1.5,1
[DLC] Charo's Hidden Grave,Miranda Sprout,53810084,,"1,279",-,,123,123,123,123,123,123,123,123,,-10,10,-40,-10,-20,-40,20,20,,Immune,667,667,166,296,Immune,Immune,,1,1,1,1,1,,30,1,30,2.308,,1,1,1,1,1,1,1,1,1.5,1
[DLC] Scadu Altus,Miranda Sprout,53810090,,"1,193",-,,122,122,122,122,122,122,122,122,,-10,10,-40,-10,-20,-40,20,20,,Immune,663,663,165,294,Immune,Immune,,1,1,1,1,1,,30,1,30,2.308,,1,1,1,1,1,1,1,1,1.5,1
[DLC] Scadutree Base,Miranda Sprout,53810091,,"1,405",-,,123,123,123,123,123,123,123,123,,-10,10,-40,-10,-20,-40,20,20,,Immune,689,689,172,306,Immune,Immune,,1,1,1,1,1,,30,1,30,2.308,,1,1,1,1,1,1,1,1,1.5,1
[DLC] Scaduview / Ancient Ruins of Rauh,Miranda Sprout,53810094,,"1,565",-,,124,124,124,124,124,124,124,124,,-10,10,-40,-10,-20,-40,20,20,,Immune,711,711,177,316,Immune,Immune,,1,1,1,1,1,,30,1,30,2.308,,1,1,1,1,1,1,1,1,1.5,1
[DLC] Charo's Hidden Grave,Miranda Sprout,53810284,,"1,279",-,,123,123,123,123,123,123,123,123,,-10,10,-40,-10,40,0,0,20,,"1,434",667,667,166,296,Immune,Immune,,1,1,1,1,1,,30,1,30,2.308,,1,1,1,1,1,1,1,1,1.5,1
[DLC] Scadu Altus,Miranda Sprout,53810390,,"1,193",-,,122,122,122,122,122,122,122,122,,-10,10,-40,-10,-20,-40,20,20,,"1,426",663,663,165,294,Immune,Immune,,1,1,1,1,1,,30,1,30,2.308,,1,1,1,1,1,1,1,1,1.5,1
[DLC] Ellac River,Miranda Sprout,53811081,,"1,024",-,,122,122,122,122,122,122,122,122,,-10,10,-40,-10,-20,-40,20,20,,"1,394",648,648,162,288,Immune,Immune,,1,1,1,1,1,,-1,1,∞,0,,1,1,1,1,1,1,1,1,1.5,1
[DLC] Scadu Altus,Miranda Sprout,53811390,,"1,193",-,,122,122,122,122,122,122,122,122,,-10,10,-40,-10,-20,-40,20,20,,"1,426",663,663,165,294,Immune,Immune,,1,1,1,1,1,,-1,1,∞,0,,1,1,1,1,1,1,1,1,1.5,1
[DLC] Castle Ensis / Cerulean Coast,Armored Troll Knight,53910082,,"18,415",-,,122,122,122,122,122,122,122,122,,0,0,-10,0,20,0,0,0,,293,293,293,403,52,Immune,Immune,,1,1,1,1,1,,65,1,65,5,,1,1,1,1,1,1,1,1,1,1
[DLC] Scadu Altus,Armored Troll Knight,53910190,,"19,069",-,,122,122,122,122,122,122,122,122,,0,0,-10,0,20,0,0,0,,Immune,Immune,Immune,Immune,Immune,Immune,Immune,,1,1,1,1,1,,65,1,65,5,,1,1,1,1,1,1,1,1,1.5,1
[DLC] Gravesite Plain,Hawk,54010080,,190,-,,121,121,121,121,121,121,121,121,,-40,-40,-40,-40,-40,-100,-40,-40,,157,157,157,157,157,Immune,Immune,,1,1,1,1,1,,-1,1,∞,0,,1,1,1,1,1,1,1,1,1.5,0
[DLC] Ellac River,Hawk,54010081,,232,-,,122,122,122,122,122,122,122,122,,-40,-40,-40,-40,-40,-100,-40,-40,,162,162,162,162,162,Immune,Immune,,1,1,1,1,1,,-1,1,∞,0,,1,1,1,1,1,1,1,1,1.5,0
[DLC] Castle Ensis / Cerulean Coast,Hawk,54010082,,261,-,,122,122,122,122,122,122,122,122,,-40,-40,-40,-40,-40,-100,-40,-40,,164,164,164,164,164,Immune,Immune,,1,1,1,1,1,,-1,1,∞,0,,1,1,1,1,1,1,1,1,1.5,0
[DLC] Castle Ensis / Cerulean Coast,Hawk,54010083,,261,-,,122,122,122,122,122,122,122,122,,-40,-40,-40,-40,-40,-100,-40,-40,,164,164,164,164,164,Immune,Immune,,1,1,1,1,1,,-1,1,∞,0,,1,1,1,1,1,1,1,1,1.5,0
[DLC] Charo's Hidden Grave,Hawk,54010084,,290,-,,123,123,123,123,123,123,123,123,,-40,-40,-40,-40,-40,-100,-40,-40,,166,166,166,166,166,Immune,Immune,,1,1,1,1,1,,-1,1,∞,0,,1,1,1,1,1,1,1,1,1.5,0
[DLC] Jagged Peak / Enir-Ilim / Finger Birthing Grounds,Hawk,54010085,,380,-,,124,124,124,124,124,124,124,124,,-40,-40,-40,-40,-40,-100,-40,-40,,181,181,181,181,181,Immune,Immune,,1,1,1,1,1,,-1,1,∞,0,,1,1,1,1,1,1,1,1,1.5,0
[DLC] Stone Coffin Fissure / Shadow Keep,Hawk,54010087,,309,-,,123,123,123,123,123,123,123,123,,-40,-40,-40,-40,-40,-100,-40,-40,,170,170,170,170,170,Immune,Immune,,1,1,1,1,1,,-1,1,∞,0,,1,1,1,1,1,1,1,1,1.5,0
[DLC] Scadu Altus,Hawk,54010090,,270,-,,122,122,122,122,122,122,122,122,,-40,-40,-40,-40,-40,-100,-40,-40,,165,165,165,165,165,Immune,Immune,,1,1,1,1,1,,-1,1,∞,0,,1,1,1,1,1,1,1,1,1.5,0
[DLC] Scadutree Base,Hawk,54010091,,318,-,,123,123,123,123,123,123,123,123,,-40,-40,-40,-40,-40,-100,-40,-40,,172,172,172,172,172,Immune,Immune,,1,1,1,1,1,,-1,1,∞,0,,1,1,1,1,1,1,1,1,1.5,0
[DLC] Recluses' River / Specimen Storehouse,Hawk,54010092,,330,-,,123,123,123,123,123,123,123,123,,-40,-40,-40,-40,-40,-100,-40,-40,,174,174,174,174,174,Immune,Immune,,1,1,1,1,1,,-1,1,∞,0,,1,1,1,1,1,1,1,1,1.5,0
[DLC] Scaduview / Ancient Ruins of Rauh,Hawk,54010093,,355,-,,124,124,124,124,124,124,124,124,,-40,-40,-40,-40,-40,-100,-40,-40,,177,177,177,177,177,Immune,Immune,,1,1,1,1,1,,-1,1,∞,0,,1,1,1,1,1,1,1,1,1.5,0
[DLC] Scaduview / Ancient Ruins of Rauh,Hawk,54010094,,355,-,,124,124,124,124,124,124,124,124,,-40,-40,-40,-40,-40,-100,-40,-40,,177,177,177,177,177,Immune,Immune,,1,1,1,1,1,,-1,1,∞,0,,1,1,1,1,1,1,1,1,1.5,0
[DLC] Charo's Hidden Grave,Hawk,54010095,,290,-,,123,123,123,123,123,123,123,123,,-40,-40,-40,-40,-40,-100,-40,-40,,166,166,166,166,166,Immune,Immune,,1,1,1,1,1,,-1,1,∞,0,,1,1,1,1,1,1,1,1,1.5,0
[DLC] Jagged Peak / Enir-Ilim / Finger Birthing Grounds,Hawk,54010885,,380,-,,124,124,124,124,124,124,124,124,,-40,-40,-40,-40,-40,-100,-40,-40,,181,181,181,181,181,Immune,Immune,,1,1,1,1,1,,-1,1,∞,0,,1,1,1,1,1,1,1,1,1.5,0
"[DLC] Belurat, Tower Settlement",Hawk,54010888,,211,-,,121,121,121,121,121,121,121,121,,-40,-40,-40,-40,-40,-100,-40,-40,,160,160,160,160,160,Immune,Immune,,1,1,1,1,1,,-1,1,∞,0,,1,1,1,1,1,1,1,1,1.5,0
[DLC] Gravesite Plain,Hawk,54011080,,190,-,,121,121,121,121,121,121,121,121,,-40,-40,-40,-40,-40,-100,-40,-40,,157,157,157,157,157,Immune,Immune,,1,1,1,1,1,,-1,1,∞,0,,1,1,1,1,1,1,1,1,1.5,0
[DLC] Ellac River,Hawk,54011081,,232,-,,122,122,122,122,122,122,122,122,,-40,-40,-40,-40,-40,-100,-40,-40,,162,162,162,162,162,Immune,Immune,,1,1,1,1,1,,-1,1,∞,0,,1,1,1,1,1,1,1,1,1.5,0
[DLC] Castle Ensis / Cerulean Coast,Hawk,54011083,,261,-,,122,122,122,122,122,122,122,122,,-40,-40,-40,-40,-40,-100,-40,-40,,164,164,164,164,164,Immune,Immune,,1,1,1,1,1,,-1,1,∞,0,,1,1,1,1,1,1,1,1,1.5,0
[DLC] Charo's Hidden Grave,Hawk,54011084,,290,-,,123,123,123,123,123,123,123,123,,-40,-40,-40,-40,-40,-100,-40,-40,,166,166,166,166,166,Immune,Immune,,1,1,1,1,1,,-1,1,∞,0,,1,1,1,1,1,1,1,1,1.5,0
[DLC] Jagged Peak / Enir-Ilim / Finger Birthing Grounds,Hawk,54011085,,380,-,,124,124,124,124,124,124,124,124,,-40,-40,-40,-40,-40,-100,-40,-40,,181,181,181,181,181,Immune,Immune,,1,1,1,1,1,,-1,1,∞,0,,1,1,1,1,1,1,1,1,1.5,0
[DLC] Scadu Altus,Hawk,54011090,,270,-,,122,122,122,122,122,122,122,122,,-40,-40,-40,-40,-40,-100,-40,-40,,165,165,165,165,165,Immune,Immune,,1,1,1,1,1,,-1,1,∞,0,,1,1,1,1,1,1,1,1,1.5,0
[DLC] Scadutree Base,Hawk,54011091,,318,-,,123,123,123,123,123,123,123,123,,-40,-40,-40,-40,-40,-100,-40,-40,,172,172,172,172,172,Immune,Immune,,1,1,1,1,1,,-1,1,∞,0,,1,1,1,1,1,1,1,1,1.5,0
[DLC] Scaduview / Ancient Ruins of Rauh,Hawk,54011093,,355,-,,124,124,124,124,124,124,124,124,,-40,-40,-40,-40,-40,-100,-40,-40,,177,177,177,177,177,Immune,Immune,,1,1,1,1,1,,-1,1,∞,0,,1,1,1,1,1,1,1,1,1.5,0
[DLC] Scaduview / Ancient Ruins of Rauh,Hawk,54011094,,355,-,,124,124,124,124,124,124,124,124,,-40,-40,-40,-40,-40,-100,-40,-40,,177,177,177,177,177,Immune,Immune,,1,1,1,1,1,,-1,1,∞,0,,1,1,1,1,1,1,1,1,1.5,0
[DLC] Charo's Hidden Grave,Hawk,54011095,,290,-,,123,123,123,123,123,123,123,123,,-40,-40,-40,-40,-40,-100,-40,-40,,166,166,166,166,166,Immune,Immune,,1,1,1,1,1,,-1,1,∞,0,,1,1,1,1,1,1,1,1,1.5,0
[DLC] Gravesite Plain,Deer,54100080,,387,-,,121,121,121,121,121,121,121,121,,-40,-40,-40,-40,-40,-100,-40,-40,,157,157,157,157,157,Immune,Immune,,1,1,1,1,1,,-1,1,∞,0,,1,1,1,1,1,1,1,1,1.5,0
[DLC] Ellac River,Deer,54100081,,473,-,,122,122,122,122,122,122,122,122,,-40,-40,-40,-40,-40,-100,-40,-40,,162,162,162,162,162,Immune,Immune,,1,1,1,1,1,,-1,1,∞,0,,1,1,1,1,1,1,1,1,1.5,0
[DLC] Castle Ensis / Cerulean Coast,Deer,54100082,,532,-,,122,122,122,122,122,122,122,122,,-40,-40,-40,-40,-40,-100,-40,-40,,164,164,164,164,164,Immune,Immune,,1,1,1,1,1,,-1,1,∞,0,,1,1,1,1,1,1,1,1,1.5,0
[DLC] Castle Ensis / Cerulean Coast,Deer,54100083,,532,-,,122,122,122,122,122,122,122,122,,-40,-40,-40,-40,-40,-100,-40,-40,,164,164,164,164,164,Immune,Immune,,1,1,1,1,1,,-1,1,∞,0,,1,1,1,1,1,1,1,1,1.5,0
[DLC] Charo's Hidden Grave,Deer,54100084,,591,-,,123,123,123,123,123,123,123,123,,-40,-40,-40,-40,-40,-100,-40,-40,,166,166,166,166,166,Immune,Immune,,1,1,1,1,1,,-1,1,∞,0,,1,1,1,1,1,1,1,1,1.5,0
[DLC] Jagged Peak / Enir-Ilim / Finger Birthing Grounds,Deer,54100085,,775,-,,124,124,124,124,124,124,124,124,,-40,-40,-40,-40,-40,-100,-40,-40,,181,181,181,181,181,Immune,Immune,,1,1,1,1,1,,-1,1,∞,0,,1,1,1,1,1,1,1,1,1.5,0
[DLC] Stone Coffin Fissure / Shadow Keep,Deer,54100087,,629,-,,123,123,123,123,123,123,123,123,,-40,-40,-40,-40,-40,-100,-40,-40,,170,170,170,170,170,Immune,Immune,,1,1,1,1,1,,-1,1,∞,0,,1,1,1,1,1,1,1,1,1.5,0
[DLC] Scadu Altus,Deer,54100090,,551,-,,122,122,122,122,122,122,122,122,,-40,-40,-40,-40,-40,-100,-40,-40,,165,165,165,165,165,Immune,Immune,,1,1,1,1,1,,-1,1,∞,0,,1,1,1,1,1,1,1,1,1.5,0
[DLC] Scadutree Base,Deer,54100091,,649,-,,123,123,123,123,123,123,123,123,,-40,-40,-40,-40,-40,-100,-40,-40,,172,172,172,172,172,Immune,Immune,,1,1,1,1,1,,-1,1,∞,0,,1,1,1,1,1,1,1,1,1.5,0
[DLC] Recluses' River / Specimen Storehouse,Deer,54100092,,673,-,,123,123,123,123,123,123,123,123,,-40,-40,-40,-40,-40,-100,-40,-40,,174,174,174,174,174,Immune,Immune,,1,1,1,1,1,,-1,1,∞,0,,1,1,1,1,1,1,1,1,1.5,0
[DLC] Scaduview / Ancient Ruins of Rauh,Deer,54100093,,723,-,,124,124,124,124,124,124,124,124,,-40,-40,-40,-40,-40,-100,-40,-40,,177,177,177,177,177,Immune,Immune,,1,1,1,1,1,,-1,1,∞,0,,1,1,1,1,1,1,1,1,1.5,0
[DLC] Scaduview / Ancient Ruins of Rauh,Deer,54100094,,723,-,,124,124,124,124,124,124,124,124,,-40,-40,-40,-40,-40,-100,-40,-40,,177,177,177,177,177,Immune,Immune,,1,1,1,1,1,,-1,1,∞,0,,1,1,1,1,1,1,1,1,1.5,0
[DLC] Charo's Hidden Grave,Deer,54100095,,591,-,,123,123,123,123,123,123,123,123,,-40,-40,-40,-40,-40,-100,-40,-40,,166,166,166,166,166,Immune,Immune,,1,1,1,1,1,,-1,1,∞,0,,1,1,1,1,1,1,1,1,1.5,0
[DLC] Gravesite Plain,Deer,54100880,,387,-,,121,121,121,121,121,121,121,121,,-40,-40,-40,-40,-40,-100,-40,-40,,157,157,157,157,157,Immune,Immune,,1,1,1,1,1,,-1,1,∞,0,,1,1,1,1,1,1,1,1,1.5,0
[DLC] Ellac River,Deer,54100881,,473,-,,122,122,122,122,122,122,122,122,,-40,-40,-40,-40,-40,-100,-40,-40,,162,162,162,162,162,Immune,Immune,,1,1,1,1,1,,-1,1,∞,0,,1,1,1,1,1,1,1,1,1.5,0
[DLC] Jagged Peak / Enir-Ilim / Finger Birthing Grounds,Deer,54100885,,775,-,,124,124,124,124,124,124,124,124,,-40,-40,-40,-40,-40,-100,-40,-40,,181,181,181,181,181,Immune,Immune,,1,1,1,1,1,,-1,1,∞,0,,1,1,1,1,1,1,1,1,1.5,0
[DLC] Gravesite Plain,Deer,54102080,,387,-,,121,121,121,121,121,121,121,121,,-40,-40,-40,-40,-40,-100,-40,-40,,157,157,157,157,157,Immune,Immune,,1,1,1,1,1,,-1,1,∞,0,,1,1,1,1,1,1,1,1,1.5,0
[DLC] Ellac River,Deer,54102081,,473,-,,122,122,122,122,122,122,122,122,,-40,-40,-40,-40,-40,-100,-40,-40,,162,162,162,162,162,Immune,Immune,,1,1,1,1,1,,-1,1,∞,0,,1,1,1,1,1,1,1,1,1.5,0
[DLC] Castle Ensis / Cerulean Coast,Deer,54102083,,532,-,,122,122,122,122,122,122,122,122,,-40,-40,-40,-40,-40,-100,-40,-40,,164,164,164,164,164,Immune,Immune,,1,1,1,1,1,,-1,1,∞,0,,1,1,1,1,1,1,1,1,1.5,0
[DLC] Charo's Hidden Grave,Deer,54102084,,591,-,,123,123,123,123,123,123,123,123,,-40,-40,-40,-40,-40,-100,-40,-40,,166,166,166,166,166,Immune,Immune,,1,1,1,1,1,,-1,1,∞,0,,1,1,1,1,1,1,1,1,1.5,0
[DLC] Jagged Peak / Enir-Ilim / Finger Birthing Grounds,Deer,54102085,,775,-,,124,124,124,124,124,124,124,124,,-40,-40,-40,-40,-40,-100,-40,-40,,181,181,181,181,181,Immune,Immune,,1,1,1,1,1,,-1,1,∞,0,,1,1,1,1,1,1,1,1,1.5,0
[DLC] Scadu Altus,Deer,54102090,,551,-,,122,122,122,122,122,122,122,122,,-40,-40,-40,-40,-40,-100,-40,-40,,165,165,165,165,165,Immune,Immune,,1,1,1,1,1,,-1,1,∞,0,,1,1,1,1,1,1,1,1,1.5,0
[DLC] Scadutree Base,Deer,54102091,,649,-,,123,123,123,123,123,123,123,123,,-40,-40,-40,-40,-40,-100,-40,-40,,172,172,172,172,172,Immune,Immune,,1,1,1,1,1,,-1,1,∞,0,,1,1,1,1,1,1,1,1,1.5,0
[DLC] Scaduview / Ancient Ruins of Rauh,Deer,54102093,,723,-,,124,124,124,124,124,124,124,124,,-40,-40,-40,-40,-40,-100,-40,-40,,177,177,177,177,177,Immune,Immune,,1,1,1,1,1,,-1,1,∞,0,,1,1,1,1,1,1,1,1,1.5,0
[DLC] Scaduview / Ancient Ruins of Rauh,Deer,54102094,,723,-,,124,124,124,124,124,124,124,124,,-40,-40,-40,-40,-40,-100,-40,-40,,177,177,177,177,177,Immune,Immune,,1,1,1,1,1,,-1,1,∞,0,,1,1,1,1,1,1,1,1,1.5,0
[DLC] Charo's Hidden Grave,Deer,54102095,,591,-,,123,123,123,123,123,123,123,123,,-40,-40,-40,-40,-40,-100,-40,-40,,166,166,166,166,166,Immune,Immune,,1,1,1,1,1,,-1,1,∞,0,,1,1,1,1,1,1,1,1,1.5,0
[DLC] Gravesite Plain,Bear,54210080,,"4,798",-,,121,121,121,121,121,121,121,121,,-40,-40,-40,-40,-40,-100,-40,-40,,157,157,157,157,157,Immune,Immune,,1,1,1,1,1,,-1,1,∞,0,,1,1,1,1,1,1,1,1,1.5,0
[DLC] Castle Ensis / Cerulean Coast,Bear,54210083,,"6,597",-,,122,122,122,122,122,122,122,122,,-40,-40,-40,-40,-40,-100,-40,-40,,164,164,164,164,164,Immune,Immune,,1,1,1,1,1,,-1,1,∞,0,,1,1,1,1,1,1,1,1,1.5,0
[DLC] Charo's Hidden Grave,Bear,54210084,,"7,320",-,,123,123,123,123,123,123,123,123,,-40,-40,-40,-40,-40,-100,-40,-40,,166,166,166,166,166,Immune,Immune,,1,1,1,1,1,,-1,1,∞,0,,1,1,1,1,1,1,1,1,1.5,0
[DLC] Scadu Altus,Bear,54210090,,"6,831",-,,122,122,122,122,122,122,122,122,,-40,-40,-40,-40,-40,-100,-40,-40,,165,165,165,165,165,Immune,Immune,,1,1,1,1,1,,-1,1,∞,0,,1,1,1,1,1,1,1,1,1.5,0
[DLC] Scaduview / Ancient Ruins of Rauh,Bear,54210093,,"8,959",-,,124,124,124,124,124,124,124,124,,-40,-40,-40,-40,-40,-100,-40,-40,,177,177,177,177,177,Immune,Immune,,1,1,1,1,1,,-1,1,∞,0,,1,1,1,1,1,1,1,1,1.5,0
[DLC] Gravesite Plain,Bear,54211080,,"4,798",-,,121,121,121,121,121,121,121,121,,-40,-40,-40,-40,-40,-100,-40,-40,,157,157,157,157,157,Immune,Immune,,1,1,1,1,1,,-1,1,∞,0,,1,1,1,1,1,1,1,1,1.5,0
[DLC] Ellac River,Bear,54211081,,"5,862",-,,122,122,122,122,122,122,122,122,,-40,-40,-40,-40,-40,-100,-40,-40,,162,162,162,162,162,Immune,Immune,,1,1,1,1,1,,-1,1,∞,0,,1,1,1,1,1,1,1,1,1.5,0
[DLC] Castle Ensis / Cerulean Coast,Bear,54211083,,"6,597",-,,122,122,122,122,122,122,122,122,,-40,-40,-40,-40,-40,-100,-40,-40,,164,164,164,164,164,Immune,Immune,,1,1,1,1,1,,-1,1,∞,0,,1,1,1,1,1,1,1,1,1.5,0
[DLC] Charo's Hidden Grave,Bear,54211084,,"7,320",-,,123,123,123,123,123,123,123,123,,-40,-40,-40,-40,-40,-100,-40,-40,,166,166,166,166,166,Immune,Immune,,1,1,1,1,1,,-1,1,∞,0,,1,1,1,1,1,1,1,1,1.5,0
[DLC] Scadu Altus,Bear,54211090,,"6,831",-,,122,122,122,122,122,122,122,122,,-40,-40,-40,-40,-40,-100,-40,-40,,165,165,165,165,165,Immune,Immune,,1,1,1,1,1,,-1,1,∞,0,,1,1,1,1,1,1,1,1,1.5,0
[DLC] Scaduview / Ancient Ruins of Rauh,Bear,54211093,,"8,959",-,,124,124,124,124,124,124,124,124,,-40,-40,-40,-40,-40,-100,-40,-40,,177,177,177,177,177,Immune,Immune,,1,1,1,1,1,,-1,1,∞,0,,1,1,1,1,1,1,1,1,1.5,0
[DLC] Scaduview / Ancient Ruins of Rauh,Bear,54211094,,"8,959",-,,124,124,124,124,124,124,124,124,,-40,-40,-40,-40,-40,-100,-40,-40,,177,177,177,177,177,Immune,Immune,,1,1,1,1,1,,-1,1,∞,0,,1,1,1,1,1,1,1,1,1.5,0
[DLC] Gravesite Plain,Boar,54400080,,577,-,,121,121,121,121,121,121,121,121,,-40,-40,-40,-40,-40,-100,-40,-40,,157,157,157,157,157,Immune,Immune,,1,1,1,1,1,,-1,1,∞,0,,1,1,1,1,1,1,1,1,1.5,0
[DLC] Charo's Hidden Grave,Boar,54400084,,881,-,,123,123,123,123,123,123,123,123,,-40,-40,-40,-40,-40,-100,-40,-40,,166,166,166,166,166,Immune,Immune,,1,1,1,1,1,,-1,1,∞,0,,1,1,1,1,1,1,1,1,1.5,0
[DLC] Scadu Altus,Boar,54400090,,822,-,,122,122,122,122,122,122,122,122,,-40,-40,-40,-40,-40,-100,-40,-40,,165,165,165,165,165,Immune,Immune,,1,1,1,1,1,,-1,1,∞,0,,1,1,1,1,1,1,1,1,1.5,0
[DLC] Scadutree Base,Boar,54400091,,968,-,,123,123,123,123,123,123,123,123,,-40,-40,-40,-40,-40,-100,-40,-40,,172,172,172,172,172,Immune,Immune,,1,1,1,1,1,,-1,1,∞,0,,1,1,1,1,1,1,1,1,1.5,0
[DLC] Scaduview / Ancient Ruins of Rauh,Boar,54400093,,"1,078",-,,124,124,124,124,124,124,124,124,,-40,-40,-40,-40,-40,-100,-40,-40,,177,177,177,177,177,Immune,Immune,,1,1,1,1,1,,-1,1,∞,0,,1,1,1,1,1,1,1,1,1.5,0
[DLC] Scaduview / Ancient Ruins of Rauh,Boar,54400094,,"1,078",-,,124,124,124,124,124,124,124,124,,-40,-40,-40,-40,-40,-100,-40,-40,,177,177,177,177,177,Immune,Immune,,1,1,1,1,1,,-1,1,∞,0,,1,1,1,1,1,1,1,1,1.5,0
[DLC] Charo's Hidden Grave,Boar,54400095,,881,-,,123,123,123,123,123,123,123,123,,-40,-40,-40,-40,-40,-100,-40,-40,,166,166,166,166,166,Immune,Immune,,1,1,1,1,1,,-1,1,∞,0,,1,1,1,1,1,1,1,1,1.5,0
[DLC] Gravesite Plain,Boar,54400180,,577,-,,121,121,121,121,121,121,121,121,,-40,-40,-40,-40,-40,-100,-40,-40,,157,157,157,157,157,Immune,Immune,,1,1,1,1,1,,-1,1,∞,0,,1,1,1,1,1,1,1,1,1.5,0
[DLC] Castle Ensis / Cerulean Coast,Boar,54400183,,794,-,,122,122,122,122,122,122,122,122,,-40,-40,-40,-40,-40,-100,-40,-40,,164,164,164,164,164,Immune,Immune,,1,1,1,1,1,,-1,1,∞,0,,1,1,1,1,1,1,1,1,1.5,0
[DLC] Charo's Hidden Grave,Boar,54400184,,881,-,,123,123,123,123,123,123,123,123,,-40,-40,-40,-40,-40,-100,-40,-40,,166,166,166,166,166,Immune,Immune,,1,1,1,1,1,,-1,1,∞,0,,1,1,1,1,1,1,1,1,1.5,0
[DLC] Scadu Altus,Boar,54400190,,822,-,,122,122,122,122,122,122,122,122,,-40,-40,-40,-40,-40,-100,-40,-40,,165,165,165,165,165,Immune,Immune,,1,1,1,1,1,,-1,1,∞,0,,1,1,1,1,1,1,1,1,1.5,0
[DLC] Scadutree Base,Boar,54400191,,968,-,,123,123,123,123,123,123,123,123,,-40,-40,-40,-40,-40,-100,-40,-40,,172,172,172,172,172,Immune,Immune,,1,1,1,1,1,,-1,1,∞,0,,1,1,1,1,1,1,1,1,1.5,0
[DLC] Scaduview / Ancient Ruins of Rauh,Boar,54400194,,"1,078",-,,124,124,124,124,124,124,124,124,,-40,-40,-40,-40,-40,-100,-40,-40,,177,177,177,177,177,Immune,Immune,,1,1,1,1,1,,-1,1,∞,0,,1,1,1,1,1,1,1,1,1.5,0
[DLC] Charo's Hidden Grave,Boar,54400195,,881,-,,123,123,123,123,123,123,123,123,,-40,-40,-40,-40,-40,-100,-40,-40,,166,166,166,166,166,Immune,Immune,,1,1,1,1,1,,-1,1,∞,0,,1,1,1,1,1,1,1,1,1.5,0
[DLC] Scadu Altus,Boar,54400890,,822,-,,122,122,122,122,122,122,122,122,,-40,-40,-40,-40,-40,-100,-40,-40,,165,165,165,165,165,Immune,Immune,,1,1,1,1,1,,-1,1,∞,0,,1,1,1,1,1,1,1,1,1.5,0
[DLC] Gravesite Plain,Boar,54401080,,577,-,,121,121,121,121,121,121,121,121,,-40,-40,-40,-40,-40,-100,-40,-40,,157,157,157,157,157,Immune,Immune,,1,1,1,1,1,,-1,1,∞,0,,1,1,1,1,1,1,1,1,1.5,0
[DLC] Charo's Hidden Grave,Boar,54401084,,881,-,,123,123,123,123,123,123,123,123,,-40,-40,-40,-40,-40,-100,-40,-40,,166,166,166,166,166,Immune,Immune,,1,1,1,1,1,,-1,1,∞,0,,1,1,1,1,1,1,1,1,1.5,0
[DLC] Scadu Altus,Boar,54401090,,822,-,,122,122,122,122,122,122,122,122,,-40,-40,-40,-40,-40,-100,-40,-40,,165,165,165,165,165,Immune,Immune,,1,1,1,1,1,,-1,1,∞,0,,1,1,1,1,1,1,1,1,1.5,0
[DLC] Scadutree Base,Boar,54401091,,968,-,,123,123,123,123,123,123,123,123,,-40,-40,-40,-40,-40,-100,-40,-40,,172,172,172,172,172,Immune,Immune,,1,1,1,1,1,,-1,1,∞,0,,1,1,1,1,1,1,1,1,1.5,0
[DLC] Scaduview / Ancient Ruins of Rauh,Boar,54401093,,"1,078",-,,124,124,124,124,124,124,124,124,,-40,-40,-40,-40,-40,-100,-40,-40,,177,177,177,177,177,Immune,Immune,,1,1,1,1,1,,-1,1,∞,0,,1,1,1,1,1,1,1,1,1.5,0
[DLC] Scaduview / Ancient Ruins of Rauh,Boar,54401094,,"1,078",-,,124,124,124,124,124,124,124,124,,-40,-40,-40,-40,-40,-100,-40,-40,,177,177,177,177,177,Immune,Immune,,1,1,1,1,1,,-1,1,∞,0,,1,1,1,1,1,1,1,1,1.5,0
[DLC] Charo's Hidden Grave,Boar,54401095,,881,-,,123,123,123,123,123,123,123,123,,-40,-40,-40,-40,-40,-100,-40,-40,,166,166,166,166,166,Immune,Immune,,1,1,1,1,1,,-1,1,∞,0,,1,1,1,1,1,1,1,1,1.5,0
[DLC] Ellac River,Boar,54401181,,705,-,,122,122,122,122,122,122,122,122,,-40,-40,-40,-40,-40,-100,-40,-40,,162,162,162,162,162,Immune,Immune,,1,1,1,1,1,,-1,1,∞,0,,1,1,1,1,1,1,1,1,1.5,0
[DLC] Scadu Altus,Boar,54401190,,822,-,,122,122,122,122,122,122,122,122,,-40,-40,-40,-40,-40,-100,-40,-40,,165,165,165,165,165,Immune,Immune,,1,1,1,1,1,,-1,1,∞,0,,1,1,1,1,1,1,1,1,1.5,0
[DLC] Scadutree Base,Boar,54401191,,968,-,,123,123,123,123,123,123,123,123,,-40,-40,-40,-40,-40,-100,-40,-40,,172,172,172,172,172,Immune,Immune,,1,1,1,1,1,,-1,1,∞,0,,1,1,1,1,1,1,1,1,1.5,0
[DLC] Scaduview / Ancient Ruins of Rauh,Boar,54401193,,"1,078",-,,124,124,124,124,124,124,124,124,,-40,-40,-40,-40,-40,-100,-40,-40,,177,177,177,177,177,Immune,Immune,,1,1,1,1,1,,-1,1,∞,0,,1,1,1,1,1,1,1,1,1.5,0
[DLC] Charo's Hidden Grave,Boar,54401195,,881,-,,123,123,123,123,123,123,123,123,,-40,-40,-40,-40,-40,-100,-40,-40,,166,166,166,166,166,Immune,Immune,,1,1,1,1,1,,-1,1,∞,0,,1,1,1,1,1,1,1,1,1.5,0
[DLC] Gravesite Plain,Goat,54500080,,387,-,,121,121,121,121,121,121,121,121,,-40,-40,-40,-40,-40,-100,-40,-40,,157,157,157,157,157,Immune,Immune,,1,1,1,1,1,,-1,1,∞,0,,1,1,1,1,1,1,1,1,1.5,0
[DLC] Ellac River,Goat,54500081,,473,-,,122,122,122,122,122,122,122,122,,-40,-40,-40,-40,-40,-100,-40,-40,,162,162,162,162,162,Immune,Immune,,1,1,1,1,1,,-1,1,∞,0,,1,1,1,1,1,1,1,1,1.5,0
[DLC] Castle Ensis / Cerulean Coast,Goat,54500083,,532,-,,122,122,122,122,122,122,122,122,,-40,-40,-40,-40,-40,-100,-40,-40,,164,164,164,164,164,Immune,Immune,,1,1,1,1,1,,-1,1,∞,0,,1,1,1,1,1,1,1,1,1.5,0
[DLC] Charo's Hidden Grave,Goat,54500084,,591,-,,123,123,123,123,123,123,123,123,,-40,-40,-40,-40,-40,-100,-40,-40,,166,166,166,166,166,Immune,Immune,,1,1,1,1,1,,-1,1,∞,0,,1,1,1,1,1,1,1,1,1.5,0
[DLC] Jagged Peak / Enir-Ilim / Finger Birthing Grounds,Goat,54500085,,775,-,,124,124,124,124,124,124,124,124,,-40,-40,-40,-40,-40,-100,-40,-40,,181,181,181,181,181,Immune,Immune,,1,1,1,1,1,,-1,1,∞,0,,1,1,1,1,1,1,1,1,1.5,0
[DLC] Stone Coffin Fissure / Shadow Keep,Goat,54500087,,629,-,,123,123,123,123,123,123,123,123,,-40,-40,-40,-40,-40,-100,-40,-40,,170,170,170,170,170,Immune,Immune,,1,1,1,1,1,,-1,1,∞,0,,1,1,1,1,1,1,1,1,1.5,0
[DLC] Scadu Altus,Goat,54500090,,551,-,,122,122,122,122,122,122,122,122,,-40,-40,-40,-40,-40,-100,-40,-40,,165,165,165,165,165,Immune,Immune,,1,1,1,1,1,,-1,1,∞,0,,1,1,1,1,1,1,1,1,1.5,0
[DLC] Scadutree Base,Goat,54500091,,649,-,,123,123,123,123,123,123,123,123,,-40,-40,-40,-40,-40,-100,-40,-40,,172,172,172,172,172,Immune,Immune,,1,1,1,1,1,,-1,1,∞,0,,1,1,1,1,1,1,1,1,1.5,0
[DLC] Recluses' River / Specimen Storehouse,Goat,54500092,,673,-,,123,123,123,123,123,123,123,123,,-40,-40,-40,-40,-40,-100,-40,-40,,174,174,174,174,174,Immune,Immune,,1,1,1,1,1,,-1,1,∞,0,,1,1,1,1,1,1,1,1,1.5,0
[DLC] Scaduview / Ancient Ruins of Rauh,Goat,54500093,,723,-,,124,124,124,124,124,124,124,124,,-40,-40,-40,-40,-40,-100,-40,-40,,177,177,177,177,177,Immune,Immune,,1,1,1,1,1,,-1,1,∞,0,,1,1,1,1,1,1,1,1,1.5,0
[DLC] Scaduview / Ancient Ruins of Rauh,Goat,54500094,,723,-,,124,124,124,124,124,124,124,124,,-40,-40,-40,-40,-40,-100,-40,-40,,177,177,177,177,177,Immune,Immune,,1,1,1,1,1,,-1,1,∞,0,,1,1,1,1,1,1,1,1,1.5,0
[DLC] Charo's Hidden Grave,Goat,54500095,,591,-,,123,123,123,123,123,123,123,123,,-40,-40,-40,-40,-40,-100,-40,-40,,166,166,166,166,166,Immune,Immune,,1,1,1,1,1,,-1,1,∞,0,,1,1,1,1,1,1,1,1,1.5,0
[DLC] Gravesite Plain,Goat,54500880,,387,-,,121,121,121,121,121,121,121,121,,-40,-40,-40,-40,-40,-100,-40,-40,,157,157,157,157,157,Immune,Immune,,1,1,1,1,1,,-1,1,∞,0,,1,1,1,1,1,1,1,1,1.5,0
[DLC] Jagged Peak / Enir-Ilim / Finger Birthing Grounds,Goat,54500885,,775,-,,124,124,124,124,124,124,124,124,,-40,-40,-40,-40,-40,-100,-40,-40,,181,181,181,181,181,Immune,Immune,,1,1,1,1,1,,-1,1,∞,0,,1,1,1,1,1,1,1,1,1.5,0
[DLC] Scadu Altus,Goat,54500890,,551,-,,122,122,122,122,122,122,122,122,,-40,-40,-40,-40,-40,-100,-40,-40,,165,165,165,165,165,Immune,Immune,,1,1,1,1,1,,-1,1,∞,0,,1,1,1,1,1,1,1,1,1.5,0
[DLC] Scadu Altus,Goat,54501090,,551,-,,122,122,122,122,122,122,122,122,,-40,-40,-40,-40,-40,-100,-40,-40,,165,165,165,165,165,Immune,Immune,,1,1,1,1,1,,-1,1,∞,0,,1,1,1,1,1,1,1,1,1.5,0
[DLC] Scadutree Base,Goat,54501091,,649,-,,123,123,123,123,123,123,123,123,,-40,-40,-40,-40,-40,-100,-40,-40,,172,172,172,172,172,Immune,Immune,,1,1,1,1,1,,-1,1,∞,0,,1,1,1,1,1,1,1,1,1.5,0
[DLC] Recluses' River / Specimen Storehouse,Goat,54501092,,673,-,,123,123,123,123,123,123,123,123,,-40,-40,-40,-40,-40,-100,-40,-40,,174,174,174,174,174,Immune,Immune,,1,1,1,1,1,,-1,1,∞,0,,1,1,1,1,1,1,1,1,1.5,0
[DLC] Scaduview / Ancient Ruins of Rauh,Goat,54501093,,723,-,,124,124,124,124,124,124,124,124,,-40,-40,-40,-40,-40,-100,-40,-40,,177,177,177,177,177,Immune,Immune,,1,1,1,1,1,,-1,1,∞,0,,1,1,1,1,1,1,1,1,1.5,0
[DLC] Scaduview / Ancient Ruins of Rauh,Goat,54501094,,723,-,,124,124,124,124,124,124,124,124,,-40,-40,-40,-40,-40,-100,-40,-40,,177,177,177,177,177,Immune,Immune,,1,1,1,1,1,,-1,1,∞,0,,1,1,1,1,1,1,1,1,1.5,0
[DLC] Charo's Hidden Grave,Goat,54501095,,591,-,,123,123,123,123,123,123,123,123,,-40,-40,-40,-40,-40,-100,-40,-40,,166,166,166,166,166,Immune,Immune,,1,1,1,1,1,,-1,1,∞,0,,1,1,1,1,1,1,1,1,1.5,0
[DLC] Scaduview / Ancient Ruins of Rauh,Goat,54502093,,"1,078",-,,124,124,124,124,124,124,124,124,,-40,-40,-40,-40,-40,-100,-40,-40,,177,177,177,177,177,Immune,Immune,,1,1,1,1,1,,-1,1,∞,0,,1,1,1,1,1,1,1,1,1.5,0
[DLC] Gravesite Plain,Goat,54503080,,577,-,,121,121,121,121,121,121,121,121,,-40,-40,-40,-40,-40,-100,20,-40,,157,157,157,157,157,Immune,Immune,,1,1,1,1,1,,-1,1,∞,0,,1,1,1,1,1,1,1,1,1.5,0
[DLC] Castle Ensis / Cerulean Coast,Goat,54503083,,794,-,,122,122,122,122,122,122,122,122,,-40,-40,-40,-40,-40,-100,20,-40,,164,164,164,164,164,Immune,Immune,,1,1,1,1,1,,-1,1,∞,0,,1,1,1,1,1,1,1,1,1.5,0
[DLC] Charo's Hidden Grave,Goat,54503084,,881,-,,123,123,123,123,123,123,123,123,,-40,-40,-40,-40,-40,-100,20,-40,,166,166,166,166,166,Immune,Immune,,1,1,1,1,1,,-1,1,∞,0,,1,1,1,1,1,1,1,1,1.5,0
[DLC] Scadu Altus,Goat,54503090,,822,-,,122,122,122,122,122,122,122,122,,-40,-40,-40,-40,-40,-100,20,-40,,165,165,165,165,165,Immune,Immune,,1,1,1,1,1,,-1,1,∞,0,,1,1,1,1,1,1,1,1,1.5,0
[DLC] Gravesite Plain,Goat,54504080,,577,-,,121,121,121,121,121,121,121,121,,-40,-40,-40,-40,-40,-100,20,-40,,157,157,157,157,157,Immune,Immune,,1,1,1,1,1,,-1,1,∞,0,,1,1,1,1,1,1,1,1,1.5,0
[DLC] Scadu Altus,Goat,54504090,,822,-,,122,122,122,122,122,122,122,122,,-40,-40,-40,-40,-40,-100,20,-40,,165,165,165,165,165,Immune,Immune,,1,1,1,1,1,,-1,1,∞,0,,1,1,1,1,1,1,1,1,1.5,0
[DLC] Gravesite Plain,Goat,54506080,,387,-,,121,121,121,121,121,121,121,121,,-40,-40,-40,-40,-40,-100,-40,-40,,157,157,157,157,157,Immune,Immune,,1,1,1,1,1,,-1,1,∞,0,,1,1,1,1,1,1,1,1,1.5,0
[DLC] Castle Ensis / Cerulean Coast,Goat,54506083,,532,-,,122,122,122,122,122,122,122,122,,-40,-40,-40,-40,-40,-100,-40,-40,,164,164,164,164,164,Immune,Immune,,1,1,1,1,1,,-1,1,∞,0,,1,1,1,1,1,1,1,1,1.5,0
[DLC] Charo's Hidden Grave,Goat,54506084,,591,-,,123,123,123,123,123,123,123,123,,-40,-40,-40,-40,-40,-100,-40,-40,,166,166,166,166,166,Immune,Immune,,1,1,1,1,1,,-1,1,∞,0,,1,1,1,1,1,1,1,1,1.5,0
[DLC] Jagged Peak / Enir-Ilim / Finger Birthing Grounds,Goat,54506085,,775,-,,124,124,124,124,124,124,124,124,,-40,-40,-40,-40,-40,-100,-40,-40,,181,181,181,181,181,Immune,Immune,,1,1,1,1,1,,-1,1,∞,0,,1,1,1,1,1,1,1,1,1.5,0
[DLC] Scadu Altus,Goat,54506090,,551,-,,122,122,122,122,122,122,122,122,,-40,-40,-40,-40,-40,-100,-40,-40,,165,165,165,165,165,Immune,Immune,,1,1,1,1,1,,-1,1,∞,0,,1,1,1,1,1,1,1,1,1.5,0
[DLC] Scadutree Base,Goat,54506091,,649,-,,123,123,123,123,123,123,123,123,,-40,-40,-40,-40,-40,-100,-40,-40,,172,172,172,172,172,Immune,Immune,,1,1,1,1,1,,-1,1,∞,0,,1,1,1,1,1,1,1,1,1.5,0
[DLC] Scaduview / Ancient Ruins of Rauh,Goat,54506094,,723,-,,124,124,124,124,124,124,124,124,,-40,-40,-40,-40,-40,-100,-40,-40,,177,177,177,177,177,Immune,Immune,,1,1,1,1,1,,-1,1,∞,0,,1,1,1,1,1,1,1,1,1.5,0
[DLC] Charo's Hidden Grave,Goat,54506095,,591,-,,123,123,123,123,123,123,123,123,,-40,-40,-40,-40,-40,-100,-40,-40,,166,166,166,166,166,Immune,Immune,,1,1,1,1,1,,-1,1,∞,0,,1,1,1,1,1,1,1,1,1.5,0
[DLC] Ellac River,Goat,54506181,,473,-,,122,122,122,122,122,122,122,122,,-40,-40,-40,-40,-40,-100,-40,-40,,162,162,162,162,162,Immune,Immune,,1,1,1,1,1,,-1,1,∞,0,,1,1,1,1,1,1,1,1,1.5,0
[DLC] Scadu Altus,Goat,54506190,,551,-,,122,122,122,122,122,122,122,122,,-40,-40,-40,-40,-40,-100,-40,-40,,165,165,165,165,165,Immune,Immune,,1,1,1,1,1,,-1,1,∞,0,,1,1,1,1,1,1,1,1,1.5,0
[DLC] Scadutree Base,Goat,54506191,,649,-,,123,123,123,123,123,123,123,123,,-40,-40,-40,-40,-40,-100,-40,-40,,172,172,172,172,172,Immune,Immune,,1,1,1,1,1,,-1,1,∞,0,,1,1,1,1,1,1,1,1,1.5,0
[DLC] Scaduview / Ancient Ruins of Rauh,Goat,54506193,,723,-,,124,124,124,124,124,124,124,124,,-40,-40,-40,-40,-40,-100,-40,-40,,177,177,177,177,177,Immune,Immune,,1,1,1,1,1,,-1,1,∞,0,,1,1,1,1,1,1,1,1,1.5,0
[DLC] Scaduview / Ancient Ruins of Rauh,Goat,54506194,,723,-,,124,124,124,124,124,124,124,124,,-40,-40,-40,-40,-40,-100,-40,-40,,177,177,177,177,177,Immune,Immune,,1,1,1,1,1,,-1,1,∞,0,,1,1,1,1,1,1,1,1,1.5,0
[DLC] Charo's Hidden Grave,Goat,54506195,,591,-,,123,123,123,123,123,123,123,123,,-40,-40,-40,-40,-40,-100,-40,-40,,166,166,166,166,166,Immune,Immune,,1,1,1,1,1,,-1,1,∞,0,,1,1,1,1,1,1,1,1,1.5,0
[DLC] Abyssal Woods / Hinterland,Goat,54507086,,749,-,,124,124,124,124,124,124,124,124,,-40,-40,-40,-40,-40,-100,-40,-40,,179,179,179,179,179,Immune,Immune,,1,1,1,1,1,,-1,1,∞,0,,1,1,1,1,1,1,1,1,1.5,0
[DLC] Abyssal Woods / Hinterland,Goat,54507186,,749,-,,124,124,124,124,124,124,124,124,,-40,-40,-40,-40,-40,-100,-40,-40,,179,179,179,179,179,Immune,Immune,,1,1,1,1,1,,-1,1,∞,0,,1,1,1,1,1,1,1,1,1.5,0
[DLC] Castle Ensis / Cerulean Coast,Gull,54600083,,261,-,,122,122,122,122,122,122,122,122,,-40,-40,-40,-40,-40,-100,-40,-40,,164,164,164,164,164,Immune,Immune,,1,1,1,1,1,,-1,1,∞,0,,1,1,1,1,1,1,1,1,1.5,0
[DLC] Scadu Altus,Gull,54600090,,270,-,,122,122,122,122,122,122,122,122,,-40,-40,-40,-40,-40,-100,-40,-40,,165,165,165,165,165,Immune,Immune,,1,1,1,1,1,,-1,1,∞,0,,1,1,1,1,1,1,1,1,1.5,0
[DLC] Scaduview / Ancient Ruins of Rauh,Gull,54600093,,355,-,,124,124,124,124,124,124,124,124,,-40,-40,-40,-40,-40,-100,-40,-40,,177,177,177,177,177,Immune,Immune,,1,1,1,1,1,,-1,1,∞,0,,1,1,1,1,1,1,1,1,1.5,0
[DLC] Castle Ensis / Cerulean Coast,Gull,54600183,,261,-,,122,122,122,122,122,122,122,122,,-40,-40,-40,-40,-40,-100,-40,-40,,164,164,164,164,164,Immune,Immune,,1,1,1,1,1,,-1,1,∞,0,,1,1,1,1,1,1,1,1,1.5,0
[DLC] Ellac River,Dragonfly,54700081,,146,-,,122,122,122,122,122,122,122,122,,-40,-40,-10,-40,-40,-100,-40,-40,,216,216,162,51,162,Immune,Immune,,1,1,1,1,1,,-1,1,∞,0,,1,1,1,1,1,1,1,1,1.5,0
[DLC] Castle Ensis / Cerulean Coast,Dragonfly,54700083,,164,-,,122,122,122,122,122,122,122,122,,-40,-40,-10,-40,-40,-100,-40,-40,,219,219,164,52,164,Immune,Immune,,1,1,1,1,1,,-1,1,∞,0,,1,1,1,1,1,1,1,1,1.5,0
[DLC] Charo's Hidden Grave,Dragonfly,54700084,,182,-,,123,123,123,123,123,123,123,123,,-40,-40,-10,-40,-40,-100,-40,-40,,222,222,166,52,166,Immune,Immune,,1,1,1,1,1,,-1,1,∞,0,,1,1,1,1,1,1,1,1,1.5,0
[DLC] Scadu Altus,Dragonfly,54700090,,170,-,,122,122,122,122,122,122,122,122,,-40,-40,-10,-40,-40,-100,-40,-40,,221,221,165,52,165,Immune,Immune,,1,1,1,1,1,,-1,1,∞,0,,1,1,1,1,1,1,1,1,1.5,0
[DLC] Scadutree Base,Dragonfly,54700091,,200,-,,123,123,123,123,123,123,123,123,,-40,-40,-10,-40,-40,-100,-40,-40,,229,229,172,54,172,Immune,Immune,,1,1,1,1,1,,-1,1,∞,0,,1,1,1,1,1,1,1,1,1.5,0
[DLC] Scaduview / Ancient Ruins of Rauh,Dragonfly,54700093,,223,-,,124,124,124,124,124,124,124,124,,-40,-40,-10,-40,-40,-100,-40,-40,,237,237,177,56,177,Immune,Immune,,1,1,1,1,1,,-1,1,∞,0,,1,1,1,1,1,1,1,1,1.5,0
[DLC] Scaduview / Ancient Ruins of Rauh,Dragonfly,54700094,,223,-,,124,124,124,124,124,124,124,124,,-40,-40,-10,-40,-40,-100,-40,-40,,237,237,177,56,177,Immune,Immune,,1,1,1,1,1,,-1,1,∞,0,,1,1,1,1,1,1,1,1,1.5,0
[DLC] Charo's Hidden Grave,Dragonfly,54700095,,182,-,,123,123,123,123,123,123,123,123,,-40,-40,-10,-40,-40,-100,-40,-40,,222,222,166,52,166,Immune,Immune,,1,1,1,1,1,,-1,1,∞,0,,1,1,1,1,1,1,1,1,1.5,0
[DLC] Scadu Altus,Dragonfly,54710090,,170,-,,122,122,122,122,122,122,122,122,,-40,-40,-10,-40,-40,-100,-40,-40,,221,221,165,52,165,Immune,Immune,,1,1,1,1,1,,-1,1,∞,0,,1,1,1,1,1,1,1,1,1.5,0
[DLC] Scadutree Base,Dragonfly,54710091,,200,-,,123,123,123,123,123,123,123,123,,-40,-40,-10,-40,-40,-100,-40,-40,,229,229,172,54,172,Immune,Immune,,1,1,1,1,1,,-1,1,∞,0,,1,1,1,1,1,1,1,1,1.5,0
[DLC] Scaduview / Ancient Ruins of Rauh,Dragonfly,54710093,,223,-,,124,124,124,124,124,124,124,124,,-40,-40,-10,-40,-40,-100,-40,-40,,237,237,177,56,177,Immune,Immune,,1,1,1,1,1,,-1,1,∞,0,,1,1,1,1,1,1,1,1,1.5,0
[DLC] Scaduview / Ancient Ruins of Rauh,Dragonfly,54710094,,223,-,,124,124,124,124,124,124,124,124,,-40,-40,-10,-40,-40,-100,-40,-40,,237,237,177,56,177,Immune,Immune,,1,1,1,1,1,,-1,1,∞,0,,1,1,1,1,1,1,1,1,1.5,0
[DLC] Charo's Hidden Grave,Dragonfly,54710095,,182,-,,123,123,123,123,123,123,123,123,,-40,-40,-10,-40,-40,-100,-40,-40,,222,222,166,52,166,Immune,Immune,,1,1,1,1,1,,-1,1,∞,0,,1,1,1,1,1,1,1,1,1.5,0
[DLC] Scadu Altus,Dragonfly,54720090,,170,-,,122,122,122,122,122,122,122,122,,-40,-40,-10,-40,-40,-100,-40,-40,,Immune,221,165,52,165,Immune,Immune,,1,1,1,1,1,,-1,1,∞,0,,1,1,1,1,1,1,1,1,1.5,0
[DLC] Scadutree Base,Dragonfly,54720091,,200,-,,123,123,123,123,123,123,123,123,,-40,-40,-10,-40,-40,-100,-40,-40,,Immune,229,172,54,172,Immune,Immune,,1,1,1,1,1,,-1,1,∞,0,,1,1,1,1,1,1,1,1,1.5,0
[DLC] Scaduview / Ancient Ruins of Rauh,Dragonfly,54720093,,223,-,,124,124,124,124,124,124,124,124,,-40,-40,-10,-40,-40,-100,-40,-40,,Immune,237,177,56,177,Immune,Immune,,1,1,1,1,1,,-1,1,∞,0,,1,1,1,1,1,1,1,1,1.5,0
[DLC] Charo's Hidden Grave,Dragonfly,54720095,,182,-,,123,123,123,123,123,123,123,123,,-40,-40,-10,-40,-40,-100,-40,-40,,Immune,222,166,52,166,Immune,Immune,,1,1,1,1,1,,-1,1,∞,0,,1,1,1,1,1,1,1,1,1.5,0
[DLC] Gravesite Plain,Turtle,54800080,,"2,663",-,,121,121,121,121,121,121,121,121,,35,0,35,0,-40,-100,-40,-40,,157,157,157,157,157,Immune,Immune,,1,1,1,1,1,,-1,1,∞,0,,2,1,1,1,1,1,1,1,1.5,1
[DLC] Ellac River,Turtle,54800081,,"3,254",-,,122,122,122,122,122,122,122,122,,35,0,35,0,-40,-100,-40,-40,,162,162,162,162,162,Immune,Immune,,1,1,1,1,1,,-1,1,∞,0,,2,1,1,1,1,1,1,1,1.5,1
[DLC] Castle Ensis / Cerulean Coast,Turtle,54800082,,"3,661",-,,122,122,122,122,122,122,122,122,,35,0,35,0,-40,-100,-40,-40,,164,164,164,164,164,Immune,Immune,,1,1,1,1,1,,-1,1,∞,0,,2,1,1,1,1,1,1,1,1.5,1
[DLC] Castle Ensis / Cerulean Coast,Turtle,54800083,,"3,661",-,,122,122,122,122,122,122,122,122,,35,0,35,0,-40,-100,-40,-40,,164,164,164,164,164,Immune,Immune,,1,1,1,1,1,,-1,1,∞,0,,2,1,1,1,1,1,1,1,1.5,1
[DLC] Charo's Hidden Grave,Turtle,54800084,,"4,063",-,,123,123,123,123,123,123,123,123,,35,0,35,0,-40,-100,-40,-40,,166,166,166,166,166,Immune,Immune,,1,1,1,1,1,,-1,1,∞,0,,2,1,1,1,1,1,1,1,1.5,1
[DLC] Stone Coffin Fissure / Shadow Keep,Turtle,54800087,,"4,329",-,,123,123,123,123,123,123,123,123,,35,0,35,0,-40,-100,-40,-40,,170,170,170,170,170,Immune,Immune,,1,1,1,1,1,,-1,1,∞,0,,2,1,1,1,1,1,1,1,1.5,1
[DLC] Scadu Altus,Turtle,54800090,,"3,791",-,,122,122,122,122,122,122,122,122,,35,0,35,0,-40,-100,-40,-40,,165,165,165,165,165,Immune,Immune,,1,1,1,1,1,,-1,1,∞,0,,2,1,1,1,1,1,1,1,1.5,1
[DLC] Scadutree Base,Turtle,54800091,,"4,465",-,,123,123,123,123,123,123,123,123,,35,0,35,0,-40,-100,-40,-40,,172,172,172,172,172,Immune,Immune,,1,1,1,1,1,,-1,1,∞,0,,2,1,1,1,1,1,1,1,1.5,1
[DLC] Scaduview / Ancient Ruins of Rauh,Turtle,54800094,,"4,973",-,,124,124,124,124,124,124,124,124,,35,0,35,0,-40,-100,-40,-40,,177,177,177,177,177,Immune,Immune,,1,1,1,1,1,,-1,1,∞,0,,2,1,1,1,1,1,1,1,1.5,1
[DLC] Charo's Hidden Grave,Turtle,54800095,,"4,063",-,,123,123,123,123,123,123,123,123,,35,0,35,0,-40,-100,-40,-40,,166,166,166,166,166,Immune,Immune,,1,1,1,1,1,,-1,1,∞,0,,2,1,1,1,1,1,1,1,1.5,1
[DLC] Ellac River,Turtle,54800181,,"3,254",-,,122,122,122,122,122,122,122,122,,35,0,35,0,-40,-100,-40,-40,,162,162,162,162,162,Immune,Immune,,1,1,1,1,1,,-1,1,∞,0,,2,1,1,1,1,1,1,1,1.5,1
[DLC] Castle Ensis / Cerulean Coast,Turtle,54800183,,"3,661",-,,122,122,122,122,122,122,122,122,,35,0,35,0,-40,-100,-40,-40,,164,164,164,164,164,Immune,Immune,,1,1,1,1,1,,-1,1,∞,0,,2,1,1,1,1,1,1,1,1.5,1
[DLC] Charo's Hidden Grave,Turtle,54800184,,"4,063",-,,123,123,123,123,123,123,123,123,,35,0,35,0,-40,-100,-40,-40,,166,166,166,166,166,Immune,Immune,,1,1,1,1,1,,-1,1,∞,0,,2,1,1,1,1,1,1,1,1.5,1
[DLC] Scadu Altus,Turtle,54800190,,"3,791",-,,122,122,122,122,122,122,122,122,,35,0,35,0,-40,-100,-40,-40,,165,165,165,165,165,Immune,Immune,,1,1,1,1,1,,-1,1,∞,0,,2,1,1,1,1,1,1,1,1.5,1
[DLC] Scadutree Base,Turtle,54800191,,"4,465",-,,123,123,123,123,123,123,123,123,,35,0,35,0,-40,-100,-40,-40,,172,172,172,172,172,Immune,Immune,,1,1,1,1,1,,-1,1,∞,0,,2,1,1,1,1,1,1,1,1.5,1
[DLC] Scaduview / Ancient Ruins of Rauh,Turtle,54800193,,"4,973",-,,124,124,124,124,124,124,124,124,,35,0,35,0,-40,-100,-40,-40,,177,177,177,177,177,Immune,Immune,,1,1,1,1,1,,-1,1,∞,0,,2,1,1,1,1,1,1,1,1.5,1
[DLC] Scaduview / Ancient Ruins of Rauh,Turtle,54800194,,"4,973",-,,124,124,124,124,124,124,124,124,,35,0,35,0,-40,-100,-40,-40,,177,177,177,177,177,Immune,Immune,,1,1,1,1,1,,-1,1,∞,0,,2,1,1,1,1,1,1,1,1.5,1
[DLC] Gravesite Plain,Springhare,54900080,,190,-,,121,121,121,121,121,121,121,121,,-40,-40,-40,-40,-40,-100,-40,-40,,157,157,157,157,157,Immune,Immune,,1,1,1,1,1,,-1,1,∞,0,,1,1,1,1,1,1,1,1,1.5,0
[DLC] Ellac River,Springhare,54900081,,232,-,,122,122,122,122,122,122,122,122,,-40,-40,-40,-40,-40,-100,-40,-40,,162,162,162,162,162,Immune,Immune,,1,1,1,1,1,,-1,1,∞,0,,1,1,1,1,1,1,1,1,1.5,0
[DLC] Castle Ensis / Cerulean Coast,Springhare,54900082,,261,-,,122,122,122,122,122,122,122,122,,-40,-40,-40,-40,-40,-100,-40,-40,,164,164,164,164,164,Immune,Immune,,1,1,1,1,1,,-1,1,∞,0,,1,1,1,1,1,1,1,1,1.5,0
[DLC] Castle Ensis / Cerulean Coast,Springhare,54900083,,261,-,,122,122,122,122,122,122,122,122,,-40,-40,-40,-40,-40,-100,-40,-40,,164,164,164,164,164,Immune,Immune,,1,1,1,1,1,,-1,1,∞,0,,1,1,1,1,1,1,1,1,1.5,0
[DLC] Charo's Hidden Grave,Springhare,54900084,,290,-,,123,123,123,123,123,123,123,123,,-40,-40,-40,-40,-40,-100,-40,-40,,166,166,166,166,166,Immune,Immune,,1,1,1,1,1,,-1,1,∞,0,,1,1,1,1,1,1,1,1,1.5,0
[DLC] Jagged Peak / Enir-Ilim / Finger Birthing Grounds,Springhare,54900085,,380,-,,124,124,124,124,124,124,124,124,,-40,-40,-40,-40,-40,-100,-40,-40,,181,181,181,181,181,Immune,Immune,,1,1,1,1,1,,-1,1,∞,0,,1,1,1,1,1,1,1,1,1.5,0
[DLC] Stone Coffin Fissure / Shadow Keep,Springhare,54900087,,309,-,,123,123,123,123,123,123,123,123,,-40,-40,-40,-40,-40,-100,-40,-40,,170,170,170,170,170,Immune,Immune,,1,1,1,1,1,,-1,1,∞,0,,1,1,1,1,1,1,1,1,1.5,0
[DLC] Scadu Altus,Springhare,54900090,,270,-,,122,122,122,122,122,122,122,122,,-40,-40,-40,-40,-40,-100,-40,-40,,165,165,165,165,165,Immune,Immune,,1,1,1,1,1,,-1,1,∞,0,,1,1,1,1,1,1,1,1,1.5,0
[DLC] Scadutree Base,Springhare,54900091,,318,-,,123,123,123,123,123,123,123,123,,-40,-40,-40,-40,-40,-100,-40,-40,,172,172,172,172,172,Immune,Immune,,1,1,1,1,1,,-1,1,∞,0,,1,1,1,1,1,1,1,1,1.5,0
[DLC] Scaduview / Ancient Ruins of Rauh,Springhare,54900093,,355,-,,124,124,124,124,124,124,124,124,,-40,-40,-40,-40,-40,-100,-40,-40,,177,177,177,177,177,Immune,Immune,,1,1,1,1,1,,-1,1,∞,0,,1,1,1,1,1,1,1,1,1.5,0
[DLC] Scaduview / Ancient Ruins of Rauh,Springhare,54900094,,355,-,,124,124,124,124,124,124,124,124,,-40,-40,-40,-40,-40,-100,-40,-40,,177,177,177,177,177,Immune,Immune,,1,1,1,1,1,,-1,1,∞,0,,1,1,1,1,1,1,1,1,1.5,0
[DLC] Charo's Hidden Grave,Springhare,54900095,,290,-,,123,123,123,123,123,123,123,123,,-40,-40,-40,-40,-40,-100,-40,-40,,166,166,166,166,166,Immune,Immune,,1,1,1,1,1,,-1,1,∞,0,,1,1,1,1,1,1,1,1,1.5,0
[DLC] Jagged Peak / Enir-Ilim / Finger Birthing Grounds,Springhare,54900885,,380,-,,124,124,124,124,124,124,124,124,,-40,-40,-40,-40,-40,-100,-40,-40,,181,181,181,181,181,Immune,Immune,,1,1,1,1,1,,-1,1,∞,0,,1,1,1,1,1,1,1,1,1.5,0
[DLC] Gravesite Plain,Springhare,54901080,,190,-,,121,121,121,121,121,121,121,121,,-40,-40,-40,-40,-40,-100,-40,-40,,157,157,157,157,157,Immune,Immune,,1,1,1,1,1,,-1,1,∞,0,,1,1,1,1,1,1,1,1,1.5,0
[DLC] Ellac River,Springhare,54901081,,232,-,,122,122,122,122,122,122,122,122,,-40,-40,-40,-40,-40,-100,-40,-40,,162,162,162,162,162,Immune,Immune,,1,1,1,1,1,,-1,1,∞,0,,1,1,1,1,1,1,1,1,1.5,0
[DLC] Castle Ensis / Cerulean Coast,Springhare,54901083,,261,-,,122,122,122,122,122,122,122,122,,-40,-40,-40,-40,-40,-100,-40,-40,,164,164,164,164,164,Immune,Immune,,1,1,1,1,1,,-1,1,∞,0,,1,1,1,1,1,1,1,1,1.5,0
[DLC] Charo's Hidden Grave,Springhare,54901084,,290,-,,123,123,123,123,123,123,123,123,,-40,-40,-40,-40,-40,-100,-40,-40,,166,166,166,166,166,Immune,Immune,,1,1,1,1,1,,-1,1,∞,0,,1,1,1,1,1,1,1,1,1.5,0
[DLC] Scadu Altus,Springhare,54901090,,270,-,,122,122,122,122,122,122,122,122,,-40,-40,-40,-40,-40,-100,-40,-40,,165,165,165,165,165,Immune,Immune,,1,1,1,1,1,,-1,1,∞,0,,1,1,1,1,1,1,1,1,1.5,0
[DLC] Scadutree Base,Springhare,54901091,,318,-,,123,123,123,123,123,123,123,123,,-40,-40,-40,-40,-40,-100,-40,-40,,172,172,172,172,172,Immune,Immune,,1,1,1,1,1,,-1,1,∞,0,,1,1,1,1,1,1,1,1,1.5,0
[DLC] Scaduview / Ancient Ruins of Rauh,Springhare,54901093,,355,-,,124,124,124,124,124,124,124,124,,-40,-40,-40,-40,-40,-100,-40,-40,,177,177,177,177,177,Immune,Immune,,1,1,1,1,1,,-1,1,∞,0,,1,1,1,1,1,1,1,1,1.5,0
[DLC] Scaduview / Ancient Ruins of Rauh,Springhare,54901094,,355,-,,124,124,124,124,124,124,124,124,,-40,-40,-40,-40,-40,-100,-40,-40,,177,177,177,177,177,Immune,Immune,,1,1,1,1,1,,-1,1,∞,0,,1,1,1,1,1,1,1,1,1.5,0
[DLC] Charo's Hidden Grave,Springhare,54901095,,290,-,,123,123,123,123,123,123,123,123,,-40,-40,-40,-40,-40,-100,-40,-40,,166,166,166,166,166,Immune,Immune,,1,1,1,1,1,,-1,1,∞,0,,1,1,1,1,1,1,1,1,1.5,0
[DLC] Jagged Peak / Enir-Ilim / Finger Birthing Grounds,Jagged Peak Living Mass,55010085,,"1,564",-,,124,124,124,124,124,124,124,124,,35,35,35,35,20,40,-100,20,,Immune,Immune,Immune,726,Immune,Immune,Immune,,1,1,1,1,1,,65,1,65,5,,1,1,1,1,1,1,1,1,1.5,0
[DLC] Jagged Peak / Enir-Ilim / Finger Birthing Grounds,Jagged Peak Living Mass,55010185,,"1,564",-,,124,124,124,124,124,124,124,124,,35,35,35,35,20,40,-100,20,,Immune,Immune,Immune,726,Immune,Immune,Immune,,1,1,1,1,1,,65,1,65,5,,1,1,1,1,1,1,1,1,1.5,0
[DLC] Jagged Peak / Enir-Ilim / Finger Birthing Grounds,Jagged Peak Living Mass,55010285,,"1,564",-,,124,124,124,124,124,124,124,124,,35,35,35,35,20,40,-100,20,,Immune,Immune,Immune,726,Immune,Immune,Immune,,1,1,1,1,1,,65,1,65,5,,1,1,1,1,1,1,1,1,1.5,0
[DLC] Jagged Peak / Enir-Ilim / Finger Birthing Grounds,Jagged Peak Living Mass,55010685,,"1,564",-,,124,124,124,124,124,124,124,124,,35,35,35,35,20,40,-100,20,,Immune,Immune,Immune,726,Immune,Immune,Immune,,1,1,1,1,1,,65,1,65,5,,1,1,1,1,1,1,1,1,1.5,0
[DLC] Jagged Peak / Enir-Ilim / Finger Birthing Grounds,Jagged Peak Living Mass,55010785,,"1,564",-,,124,124,124,124,124,124,124,124,,35,35,35,35,20,40,-100,20,,Immune,Immune,Immune,726,Immune,Immune,Immune,,1,1,1,1,1,,65,1,65,5,,1,1,1,1,1,1,1,1,1.5,0
[DLC] Jagged Peak / Enir-Ilim / Finger Birthing Grounds,Jagged Peak Living Mass,55010885,,"1,564",-,,124,124,124,124,124,124,124,124,,35,35,35,35,20,40,-100,20,,Immune,Immune,Immune,726,Immune,Immune,Immune,,1,1,1,1,1,,65,1,65,5,,1,1,1,1,1,1,1,1,1.5,0
[DLC] Scadu Altus,Marionette,55700090,,"1,795",-,,122,122,122,122,122,122,122,122,,0,-10,10,10,0,-20,0,0,,Immune,Immune,Immune,Immune,Immune,Immune,Immune,,1,1,1,1,1,,30,1,30,2.308,,1,1,1,1,1,1,1,1,1,0
[DLC] Scadu Altus,Marionette,55701090,,"1,795",-,,122,122,122,122,122,122,122,122,,0,-10,10,10,0,-20,0,0,,Immune,Immune,Immune,Immune,Immune,Immune,Immune,,1,1,1,1,1,,30,1,30,2.308,,1,1,1,1,1,1,1,1,1,0
[DLC] Scadu Altus,Marionette,55701190,,"1,795",-,,122,122,122,122,122,122,122,122,,0,-10,10,10,0,-20,0,0,,Immune,Immune,Immune,Immune,Immune,Immune,Immune,,1,1,1,1,1,,30,1,30,2.308,,1,1,1,1,1,1,1,1,1,0
[DLC] Scadu Altus,Marionette,55701290,,"1,795",-,,122,122,122,122,122,122,122,122,,0,-10,10,10,0,-20,0,0,,Immune,Immune,Immune,Immune,Immune,Immune,Immune,,1,1,1,1,1,,30,1,30,2.308,,1,1,1,1,1,1,1,1,1,0
[DLC] Scadu Altus,Marionette,55702090,,"1,795",-,,122,122,122,122,122,122,122,122,,0,-10,10,10,0,-20,0,0,,Immune,Immune,Immune,Immune,Immune,Immune,Immune,,1,1,1,1,1,,30,1,30,2.308,,1,1,1,1,1,1,1,1,1,0
[DLC] Ellac River,Small Living Mass,55900081,,"2,367",-,,122,122,122,122,122,122,122,122,,80,80,80,80,40,-40,40,40,,648,648,288,288,Immune,Immune,Immune,,1,1,1,1,1,,120,1,120,9.231,,1,1,1,1,1,1,1,1,1.5,1
[DLC] Castle Ensis / Cerulean Coast,Small Living Mass,55900083,,"2,664",-,,122,122,122,122,122,122,122,122,,80,80,80,80,40,-40,40,40,,659,659,293,293,Immune,Immune,Immune,,1,1,1,1,1,,120,1,120,9.231,,1,1,1,1,1,1,1,1,1.5,1
[DLC] Stone Coffin Fissure / Shadow Keep,Small Living Mass,55900087,,"3,149",-,,123,123,123,123,123,123,123,123,,80,80,80,80,40,-40,40,40,,681,681,303,303,Immune,Immune,Immune,,1,1,1,1,1,,120,1,120,9.231,,1,1,1,1,1,1,1,1,1.5,1
[DLC] Scadu Altus,Small Living Mass,55900090,,"2,758",-,,122,122,122,122,122,122,122,122,,80,80,80,80,40,-40,40,40,,663,663,294,294,Immune,Immune,Immune,,1,1,1,1,1,,120,1,120,9.231,,1,1,1,1,1,1,1,1,1.5,1
[DLC] Scadutree Base,Small Living Mass,55900091,,"3,248",-,,123,123,123,123,123,123,123,123,,80,80,80,80,40,-40,40,40,,689,689,306,306,Immune,Immune,Immune,,1,1,1,1,1,,120,1,120,9.231,,1,1,1,1,1,1,1,1,1.5,1
[DLC] Gravesite Plain,Small Living Mass,55900180,,"1,937",-,,121,121,121,121,121,121,121,121,,80,80,80,80,40,-40,40,40,,630,630,280,280,Immune,Immune,Immune,,1,1,1,1,1,,120,1,120,9.231,,1,1,1,1,1,1,1,1,1.5,1
[DLC] Charo's Hidden Grave,Small Living Mass,55900184,,"2,956",-,,123,123,123,123,123,123,123,123,,80,80,80,80,40,-40,40,40,,667,667,296,296,Immune,Immune,Immune,,1,1,1,1,1,,120,1,120,9.231,,1,1,1,1,1,1,1,1,1.5,1
[DLC] Scadu Altus,Small Living Mass,55900190,,"2,758",-,,122,122,122,122,122,122,122,122,,80,80,80,80,40,-40,40,40,,663,663,294,294,Immune,Immune,Immune,,1,1,1,1,1,,120,1,120,9.231,,1,1,1,1,1,1,1,1,1.5,1
[DLC] Castle Ensis / Cerulean Coast,Small Living Mass,55900483,,"2,664",-,,122,122,122,122,122,122,122,122,,80,80,80,80,40,-40,40,40,,659,659,293,293,Immune,Immune,Immune,,1,1,1,1,1,,120,1,120,9.231,,1,1,1,1,1,1,1,1,1.5,1
[DLC] Stone Coffin Fissure / Shadow Keep,Small Living Mass,55900487,,"3,149",-,,123,123,123,123,123,123,123,123,,80,80,80,80,40,-40,40,40,,681,681,303,303,Immune,Immune,Immune,,1,1,1,1,1,,120,1,120,9.231,,1,1,1,1,1,1,1,1,1.5,1
[DLC] Jagged Peak / Enir-Ilim / Finger Birthing Grounds,Small Living Mass,55900585,,"3,875",-,,124,124,124,124,124,124,124,124,,80,80,80,80,40,-40,80,40,,726,726,322,322,Immune,Immune,Immune,,1,1,1,1,1,,120,1,120,9.231,,1,1,1,1,1,1,1,1,1.5,1
[DLC] Stone Coffin Fissure / Shadow Keep,Giant Living Mass,55910087,,"21,680",-,,123,123,123,123,123,123,123,123,,35,35,35,35,20,0,20,20,,681,681,416,303,Immune,Immune,Immune,,1,1,1,1,1,,180,1,180,13.846,,1,1,1,1,1,1,1,1,1.5,1
[DLC] Stone Coffin Fissure / Shadow Keep,Giant Living Mass,55910587,,"21,680",-,,123,123,123,123,123,123,123,123,,35,35,35,35,20,0,20,20,,681,681,416,303,Immune,Immune,Immune,,1,1,1,1,1,,180,1,180,13.846,,1,1,1,1,1,1,1,1,1.5,1
[DLC] Stone Coffin Fissure / Shadow Keep,Giant Living Mass,55917587,,"21,680",-,,123,123,123,123,123,123,123,123,,35,35,35,35,20,0,20,20,,681,681,416,303,Immune,Immune,Immune,,1,1,1,1,1,,180,1,180,13.846,,1,1,1,1,1,1,1,1,1.5,1
[DLC] Castle Ensis / Cerulean Coast,Giant Crayfish,56300083,,"8,486",-,,122,122,122,122,122,122,122,122,,10,0,35,10,20,20,20,20,,403,403,403,219,219,Immune,Immune,,1,1,1,1,1,,80,0.5,160,6.154,,1,1,1,1,1,1,1,1,4,1
[DLC] Scadu Altus,Giant Crayfish,56300090,,"8,787",-,,122,122,122,122,122,122,122,122,,10,0,35,10,20,20,20,20,,405,405,405,221,221,Immune,Immune,,1,1,1,1,1,,80,0.5,160,6.154,,1,1,1,1,1,1,1,1,4,1
[DLC] Ellac River,Giant Crayfish,56302081,,"7,541",-,,122,122,122,122,122,122,122,122,,10,0,35,10,20,20,20,20,,396,396,396,0,216,Immune,Immune,,1,1,1,1,1,,80,0.5,160,6.154,,1,1,1,1,1,1,1,1,4,1
[DLC] Ellac River,Giant Crayfish,56307081,,"7,541",-,,122,122,122,122,122,122,122,122,,10,0,35,10,20,20,20,20,,396,396,396,0,216,Immune,Immune,,1,1,1,1,1,,80,0.5,160,6.154,,1,1,1,1,1,1,1,1,4,1
[DLC] Ellac River,Giant Crab,56400081,,"3,073",-,,122,122,122,122,122,122,122,122,,35,0,35,35,20,20,20,20,,396,396,396,216,216,Immune,Immune,,1,1,1,1,1,,80,1,80,6.154,,1,1,1,1,1,1,1,1,1.5,0
[DLC] Castle Ensis / Cerulean Coast,Giant Crab,56400083,,"3,458",-,,122,122,122,122,122,122,122,122,,35,0,35,35,20,20,20,20,,403,403,403,219,219,Immune,Immune,,1,1,1,1,1,,80,1,80,6.154,,1,1,1,1,1,1,1,1,1.5,0
[DLC] Stone Coffin Fissure / Shadow Keep,Giant Crab,56400098,,"4,088",-,,123,123,123,123,123,123,123,123,,35,0,35,35,20,20,20,20,,416,416,416,227,227,Immune,Immune,,1,1,1,1,1,,80,1,80,6.154,,1,1,1,1,1,1,1,1,1.5,0
[DLC] Castle Ensis / Cerulean Coast,Giant Crab,56400183,,"3,458",-,,122,122,122,122,122,122,122,122,,35,0,35,35,20,20,20,20,,403,403,403,219,219,Immune,Immune,,1,1,1,1,1,,80,1,80,6.154,,1,1,1,1,1,1,1,1,1.5,0
[DLC] Stone Coffin Fissure / Shadow Keep,Giant Crab,56400198,,"4,088",-,,123,123,123,123,123,123,123,123,,35,0,35,35,20,20,20,20,,416,416,416,227,227,Immune,Immune,,1,1,1,1,1,,80,1,80,6.154,,1,1,1,1,1,1,1,1,1.5,0
[DLC] Ellac River,Crab,56410081,,241,-,,122,122,122,122,122,122,122,122,,10,-40,10,10,0,0,0,0,,216,216,288,162,162,Immune,Immune,,1,1,1,1,1,,30,1,30,2.308,,1,1,1,1,1,1,1,1,1.5,0
[DLC] Castle Ensis / Cerulean Coast,Crab,56410083,,271,-,,122,122,122,122,122,122,122,122,,10,-40,10,10,0,0,0,0,,219,219,293,164,164,Immune,Immune,,1,1,1,1,1,,30,1,30,2.308,,1,1,1,1,1,1,1,1,1.5,0
[DLC] Scaduview / Ancient Ruins of Rauh,Crab,56410094,,368,-,,124,124,124,124,124,124,124,124,,10,-40,10,10,0,0,0,0,,237,237,316,177,177,Immune,Immune,,1,1,1,1,1,,30,1,30,2.308,,1,1,1,1,1,1,1,1,1.5,0
[DLC] Stone Coffin Fissure / Shadow Keep,Crab,56410098,,320,-,,123,123,123,123,123,123,123,123,,10,-40,10,10,0,0,0,0,,227,227,303,170,170,Immune,Immune,,1,1,1,1,1,,30,1,30,2.308,,1,1,1,1,1,1,1,1,1.5,0
[DLC] Castle Ensis / Cerulean Coast,Demi-Human (Falchion),57000083,,"1,152",-,,122,122,122,122,122,122,122,122,,-10,-10,-40,-10,-20,-20,-20,-20,,219,219,219,293,219,Immune,Immune,,1,1,1,1,1,,30,1,30,2.308,,1,1,1,1,1,1,1,1,1.5,0
[DLC] Scaduview / Ancient Ruins of Rauh,Demi-Human (Falchion),57000093,,"1,565",-,,124,124,124,124,124,124,124,124,,-10,-10,-40,-10,-20,-20,-20,-20,,237,237,237,316,237,Immune,Immune,,1,1,1,1,1,,30,1,30,2.308,,1,1,1,1,1,1,1,1,1.5,0
[DLC] Castle Ensis / Cerulean Coast,Demi-Human (Falchion),57001083,,"1,152",-,,122,122,122,122,122,122,122,122,,-10,-10,-40,-10,-20,-20,-20,-20,,219,219,219,293,219,Immune,Immune,,1,1,1,1,1,,30,1,30,2.308,,1,1,1,1,1,1,1,1,1.5,0
[DLC] Scaduview / Ancient Ruins of Rauh,Demi-Human (Falchion),57001093,,"1,565",-,,124,124,124,124,124,124,124,124,,-10,-10,-40,-10,-20,-20,-20,-20,,237,237,237,316,237,Immune,Immune,,1,1,1,1,1,,30,1,30,2.308,,1,1,1,1,1,1,1,1,1.5,0
[DLC] Castle Ensis / Cerulean Coast,Demi-Human (Club),57002083,,"1,152",-,,122,122,122,122,122,122,122,122,,-10,-10,-40,-10,-20,-20,-20,-20,,219,219,219,293,219,Immune,Immune,,1,1,1,1,1,,30,1,30,2.308,,1,1,1,1,1,1,1,1,1.5,0
[DLC] Scaduview / Ancient Ruins of Rauh,Demi-Human (Club),57002093,,"1,565",-,,124,124,124,124,124,124,124,124,,-10,-10,-40,-10,-20,-20,-20,-20,,237,237,237,316,237,Immune,Immune,,1,1,1,1,1,,30,1,30,2.308,,1,1,1,1,1,1,1,1,1.5,0
[DLC] Castle Ensis / Cerulean Coast,Large Demi-Human,57010083,,"2,257",-,,122,122,122,122,122,122,122,122,,-10,-10,-40,-10,-20,-20,-20,-20,,219,219,219,293,219,Immune,Immune,,1,1,1,1,1,,30,1,30,2.308,,1,1,1,1,1,1,1,1,1.5,0
[DLC] Scaduview / Ancient Ruins of Rauh,Large Demi-Human,57010093,,"3,065",-,,124,124,124,124,124,124,124,124,,-10,-10,-40,-10,-20,-20,-20,-20,,237,237,237,316,237,Immune,Immune,,1,1,1,1,1,,30,1,30,2.308,,1,1,1,1,1,1,1,1,1.5,0
[DLC] Castle Ensis / Cerulean Coast,Demi-Human Shaman,57100083,,823,-,,122,122,122,122,122,122,122,122,,-10,-10,-40,-10,-20,-20,-20,-20,,219,219,219,219,219,Immune,Immune,,1,1,1,1,1,,30,1,30,2.308,,1,1,1,1,1,1,1,1,1.5,0
[DLC] Scaduview / Ancient Ruins of Rauh,Demi-Human Shaman,57100093,,"1,118",-,,124,124,124,124,124,124,124,124,,-10,-10,-40,-10,-20,-20,-20,-20,,237,237,237,237,237,Immune,Immune,,1,1,1,1,1,,30,1,30,2.308,,1,1,1,1,1,1,1,1,1.5,0
[DLC] Castle Ensis / Cerulean Coast,Demi-Human Beastmaster,57200083,,"5,173",-,,122,122,122,122,122,122,122,122,,-10,-10,-40,-10,-20,-20,-20,-20,,219,219,293,293,219,Immune,Immune,,1,1,1,1,1,,65,1,65,5,,1,1,1,1,1,1,1,1,1.5,0
[DLC] Scaduview / Ancient Ruins of Rauh,Demi-Human Beastmaster,57200093,,"7,025",-,,124,124,124,124,124,124,124,124,,-10,-10,-40,-10,-20,-20,-20,-20,,237,237,316,316,237,Immune,Immune,,1,1,1,1,1,,65,1,65,5,,1,1,1,1,1,1,1,1,1.5,0
[DLC] Gravesite Plain,Living Jar (Large),57500080,,"3,164",-,,121,121,121,121,121,121,121,121,,10,-40,35,35,0,20,20,20,,Immune,Immune,Immune,Immune,280,Immune,Immune,,1,1,1,1,1,,65,1,65,5,,1,1,1,1,1,1,1,1,1.5,1
[DLC] Charo's Hidden Grave,Living Jar (Large),57500084,,"4,826",-,,123,123,123,123,123,123,123,123,,10,-40,35,35,0,20,20,20,,Immune,Immune,Immune,Immune,296,Immune,Immune,,1,1,1,1,1,,65,1,65,5,,1,1,1,1,1,1,1,1,1.5,1
[DLC] Scadu Altus,Living Jar (Large),57500090,,"4,504",-,,122,122,122,122,122,122,122,122,,10,-40,35,35,0,20,20,20,,Immune,Immune,Immune,Immune,294,Immune,Immune,,1,1,1,1,1,,65,1,65,5,,1,1,1,1,1,1,1,1,1.5,1
[DLC] Stone Coffin Fissure / Shadow Keep,Living Jar (Large),57500098,,"5,142",-,,123,123,123,123,123,123,123,123,,10,-40,35,35,0,20,20,20,,Immune,Immune,Immune,Immune,303,Immune,Immune,,1,1,1,1,1,,65,1,65,5,,1,1,1,1,1,1,1,1,1.5,1
[DLC] Gravesite Plain,Living Jar (Large),57500480,,"3,164",-,,121,121,121,121,121,121,121,121,,10,-40,35,35,0,20,20,20,,Immune,Immune,Immune,Immune,280,Immune,Immune,,1,1,1,1,1,,65,1,65,5,,1,1,1,1,1,1,1,1,1.5,1
[DLC] Charo's Hidden Grave,Living Jar (Large),57500484,,"4,826",-,,123,123,123,123,123,123,123,123,,10,-40,35,35,0,20,20,20,,Immune,Immune,Immune,Immune,296,Immune,Immune,,1,1,1,1,1,,65,1,65,5,,1,1,1,1,1,1,1,1,1.5,1
[DLC] Scadu Altus,Living Jar (Large),57500490,,"4,504",-,,122,122,122,122,122,122,122,122,,10,-40,35,35,0,20,20,20,,Immune,Immune,Immune,Immune,294,Immune,Immune,,1,1,1,1,1,,65,1,65,5,,1,1,1,1,1,1,1,1,1.5,1
[DLC] Stone Coffin Fissure / Shadow Keep,Living Jar (Large),57500498,,"5,142",-,,123,123,123,123,123,123,123,123,,10,-40,35,35,0,20,20,20,,Immune,Immune,Immune,Immune,303,Immune,Immune,,1,1,1,1,1,,65,1,65,5,,1,1,1,1,1,1,1,1,1.5,1
[DLC] Gravesite Plain,Living Jar (Large),57508080,,"3,164",-,,121,121,121,121,121,121,121,121,,10,-40,35,35,0,20,20,20,,Immune,Immune,Immune,Immune,280,Immune,Immune,,1,1,1,1,1,,65,1,65,5,,1,1,1,1,1,1,1,1,1.5,1
[DLC] Charo's Hidden Grave,Living Jar (Large),57508084,,"4,826",-,,123,123,123,123,123,123,123,123,,10,-40,35,35,0,20,20,20,,Immune,Immune,Immune,Immune,296,Immune,Immune,,1,1,1,1,1,,65,1,65,5,,1,1,1,1,1,1,1,1,1.5,1
[DLC] Scadu Altus,Living Jar (Large),57508090,,"4,504",-,,122,122,122,122,122,122,122,122,,10,-40,35,35,0,20,20,20,,Immune,Immune,Immune,Immune,294,Immune,Immune,,1,1,1,1,1,,65,1,65,5,,1,1,1,1,1,1,1,1,1.5,1
[DLC] Stone Coffin Fissure / Shadow Keep,Living Jar (Large),57508098,,"5,142",-,,123,123,123,123,123,123,123,123,,10,-40,35,35,0,20,20,20,,Immune,Immune,Immune,Immune,303,Immune,Immune,,1,1,1,1,1,,65,1,65,5,,1,1,1,1,1,1,1,1,1.5,1
[DLC] Gravesite Plain,Living Jar (Large),57508180,,"3,164",-,,121,121,121,121,121,121,121,121,,10,-40,35,35,0,20,20,20,,Immune,Immune,Immune,Immune,280,Immune,Immune,,1,1,1,1,1,,65,1,65,5,,1,1,1,1,1,1,1,1,1.5,1
[DLC] Charo's Hidden Grave,Living Jar (Large),57508184,,"4,826",-,,123,123,123,123,123,123,123,123,,10,-40,35,35,0,20,20,20,,Immune,Immune,Immune,Immune,296,Immune,Immune,,1,1,1,1,1,,65,1,65,5,,1,1,1,1,1,1,1,1,1.5,1
[DLC] Scadu Altus,Living Jar (Large),57508190,,"4,504",-,,122,122,122,122,122,122,122,122,,10,-40,35,35,0,20,20,20,,Immune,Immune,Immune,Immune,294,Immune,Immune,,1,1,1,1,1,,65,1,65,5,,1,1,1,1,1,1,1,1,1.5,1
[DLC] Gravesite Plain,Living Jar (Large),57508280,,"3,164",-,,121,121,121,121,121,121,121,121,,10,-40,35,35,0,20,20,20,,Immune,Immune,Immune,Immune,280,Immune,Immune,,1,1,1,1,1,,65,1,65,5,,1,1,1,1,1,1,1,1,1.5,1
[DLC] Charo's Hidden Grave,Living Jar (Large),57508284,,"4,826",-,,123,123,123,123,123,123,123,123,,10,-40,35,35,0,20,20,20,,Immune,Immune,Immune,Immune,296,Immune,Immune,,1,1,1,1,1,,65,1,65,5,,1,1,1,1,1,1,1,1,1.5,1
[DLC] Scadu Altus,Living Jar (Large),57508290,,"4,504",-,,122,122,122,122,122,122,122,122,,10,-40,35,35,0,20,20,20,,Immune,Immune,Immune,Immune,294,Immune,Immune,,1,1,1,1,1,,65,1,65,5,,1,1,1,1,1,1,1,1,1.5,1
[DLC] Gravesite Plain,Living Jar (Large),57508380,,"3,164",-,,121,121,121,121,121,121,121,121,,10,-40,35,35,0,20,20,20,,Immune,Immune,Immune,Immune,280,Immune,Immune,,1,1,1,1,1,,65,1,65,5,,1,1,1,1,1,1,1,1,1.5,1
[DLC] Scadu Altus,Living Jar (Large),57508390,,"4,504",-,,122,122,122,122,122,122,122,122,,10,-40,35,35,0,20,20,20,,Immune,Immune,Immune,Immune,294,Immune,Immune,,1,1,1,1,1,,65,1,65,5,,1,1,1,1,1,1,1,1,1.5,1
[DLC] Gravesite Plain,Living Jar (Large),57508480,,"3,164",-,,121,121,121,121,121,121,121,121,,10,-40,35,35,0,20,20,20,,Immune,Immune,Immune,Immune,280,Immune,Immune,,1,1,1,1,1,,65,1,65,5,,1,1,1,1,1,1,1,1,1.5,1
[DLC] Scadu Altus,Living Jar (Large),57508490,,"4,504",-,,122,122,122,122,122,122,122,122,,10,-40,35,35,0,20,20,20,,Immune,Immune,Immune,Immune,294,Immune,Immune,,1,1,1,1,1,,65,1,65,5,,1,1,1,1,1,1,1,1,1.5,1
[DLC] Gravesite Plain,Living Jar (Large),57508580,,"3,164",-,,121,121,121,121,121,121,121,121,,10,-40,35,35,0,20,20,20,,Immune,Immune,Immune,Immune,280,Immune,Immune,,1,1,1,1,1,,65,1,65,5,,1,1,1,1,1,1,1,1,1.5,1
[DLC] Gravesite Plain,Living Jar,57510080,,"1,057",-,,121,121,121,121,121,121,121,121,,10,-40,35,35,0,20,20,20,,Immune,Immune,Immune,Immune,210,Immune,Immune,,1,1,1,1,1,,30,1,30,2.308,,1,1,1,1,1,1,1,1,1.5,1
[DLC] Charo's Hidden Grave,Living Jar,57510084,,"1,612",-,,123,123,123,123,123,123,123,123,,10,-40,35,35,0,20,20,20,,Immune,Immune,Immune,Immune,222,Immune,Immune,,1,1,1,1,1,,30,1,30,2.308,,1,1,1,1,1,1,1,1,1.5,1
[DLC] Scadu Altus,Living Jar,57510090,,"1,504",-,,122,122,122,122,122,122,122,122,,10,-40,35,35,0,20,20,20,,Immune,Immune,Immune,Immune,221,Immune,Immune,,1,1,1,1,1,,30,1,30,2.308,,1,1,1,1,1,1,1,1,1.5,1
[DLC] Stone Coffin Fissure / Shadow Keep,Living Jar,57510098,,"1,717",-,,123,123,123,123,123,123,123,123,,10,-40,35,35,0,20,20,20,,Immune,Immune,Immune,Immune,227,Immune,Immune,,1,1,1,1,1,,30,1,30,2.308,,1,1,1,1,1,1,1,1,1.5,1
[DLC] Gravesite Plain,Living Jar,57510480,,"1,057",-,,121,121,121,121,121,121,121,121,,10,-40,35,35,0,20,20,20,,Immune,Immune,Immune,Immune,210,Immune,Immune,,1,1,1,1,1,,30,1,30,2.308,,1,1,1,1,1,1,1,1,1.5,1
[DLC] Charo's Hidden Grave,Living Jar,57510484,,"1,612",-,,123,123,123,123,123,123,123,123,,10,-40,35,35,0,20,20,20,,Immune,Immune,Immune,Immune,222,Immune,Immune,,1,1,1,1,1,,30,1,30,2.308,,1,1,1,1,1,1,1,1,1.5,1
[DLC] Scadu Altus,Living Jar,57510490,,"1,504",-,,122,122,122,122,122,122,122,122,,10,-40,35,35,0,20,20,20,,Immune,Immune,Immune,Immune,221,Immune,Immune,,1,1,1,1,1,,30,1,30,2.308,,1,1,1,1,1,1,1,1,1.5,1
[DLC] Stone Coffin Fissure / Shadow Keep,Living Jar,57510498,,"1,717",-,,123,123,123,123,123,123,123,123,,10,-40,35,35,0,20,20,20,,Immune,Immune,Immune,Immune,227,Immune,Immune,,1,1,1,1,1,,30,1,30,2.308,,1,1,1,1,1,1,1,1,1.5,1
[DLC] Scadu Altus,Lesser Runebear,57800090,,"25,930",-,,122,122,122,122,122,122,122,122,,0,0,-10,0,0,-20,0,0,,405,405,663,663,221,Immune,Immune,,1,1,1,1,1,,80,1,80,6.154,,1,1,1,1,1,1,1,1,1.5,0
[DLC] Charo's Hidden Grave,Lesser Runebear,57800095,,"27,788",-,,123,123,123,123,123,123,123,123,,0,0,-10,0,0,-20,0,0,,407,407,667,667,222,Immune,Immune,,1,1,1,1,1,,80,1,80,6.154,,1,1,1,1,1,1,1,1,1.5,0
[DLC] Scadu Altus,Golem,57900090,,"52,523",-,,122,122,122,122,122,122,122,122,,10,0,10,10,20,40,40,40,,Immune,Immune,Immune,Immune,Immune,Immune,Immune,,1,1,1,1,1,,120,0.4096,292.969,9.231,,1,1,1,1,1,1,1,1,2.5,1
[DLC] Charo's Hidden Grave,Golem,57900095,,"56,287",-,,123,123,123,123,123,123,123,123,,10,0,10,10,20,40,40,40,,Immune,Immune,Immune,Immune,Immune,Immune,Immune,,1,1,1,1,1,,120,0.4096,292.969,9.231,,1,1,1,1,1,1,1,1,2.5,1
[DLC] Scadu Altus,Golem,57901090,,"24,496",-,,122,122,122,122,122,122,122,122,,10,0,10,10,20,40,40,40,,Immune,Immune,Immune,Immune,Immune,Immune,Immune,,1,1,1,1,1,,120,0.4096,292.969,9.231,,1,1,1,1,1,1,1,1,2.5,1
[DLC] Scaduview / Ancient Ruins of Rauh,Golem,57901094,,"32,127",-,,124,124,124,124,124,124,124,124,,10,0,10,10,20,40,40,40,,Immune,Immune,Immune,Immune,Immune,Immune,Immune,,1,1,1,1,1,,120,0.4096,292.969,9.231,,1,1,1,1,1,1,1,1,2.5,1
[DLC] Charo's Hidden Grave,Golem,57901095,,"26,251",-,,123,123,123,123,123,123,123,123,,10,0,10,10,20,40,40,40,,Immune,Immune,Immune,Immune,Immune,Immune,Immune,,1,1,1,1,1,,120,0.4096,292.969,9.231,,1,1,1,1,1,1,1,1,2.5,1
[DLC] Charo's Hidden Grave,Skeleton,59300084,,"7,213",-,,123,123,123,123,123,123,123,123,,0,-40,10,35,0,20,40,-40,,Immune,296,Immune,Immune,Immune,Immune,Immune,,1,1,1,1,1,,55,1,55,4.231,,1,1,1,1,1,1,1,1,1.5,0
[DLC] Charo's Hidden Grave,Skeleton,59301084,,"6,589",-,,123,123,123,123,123,123,123,123,,0,-40,10,35,0,20,40,-40,,Immune,296,Immune,Immune,Immune,Immune,Immune,,1,1,1,1,1,,55,1,55,4.231,,1,1,1,1,1,1,1,1,1.5,0
[DLC] Ellac River,Skeleton,59310081,,"5,776",-,,122,122,122,122,122,122,122,122,,0,-40,10,35,0,0,40,-20,,Immune,288,Immune,Immune,Immune,Immune,Immune,,1,1,1,1,1,,55,1,55,4.231,,1,1,1,1,1,1,1,1,1.5,0
[DLC] Charo's Hidden Grave,Skeleton,59310084,,"7,213",-,,123,123,123,123,123,123,123,123,,0,-40,10,35,0,0,40,-20,,Immune,296,Immune,Immune,Immune,Immune,Immune,,1,1,1,1,1,,55,1,55,4.231,,1,1,1,1,1,1,1,1,1.5,0
[DLC] Ellac River,Skeleton,59311081,,"5,277",-,,122,122,122,122,122,122,122,122,,0,-40,10,35,0,0,40,-20,,Immune,288,Immune,Immune,Immune,Immune,Immune,,1,1,1,1,1,,55,1,55,4.231,,1,1,1,1,1,1,1,1,1.5,0
[DLC] Charo's Hidden Grave,Skeleton,59311084,,"6,589",-,,123,123,123,123,123,123,123,123,,0,-40,10,35,0,0,40,-20,,Immune,296,Immune,Immune,Immune,Immune,Immune,,1,1,1,1,1,,55,1,55,4.231,,1,1,1,1,1,1,1,1,1.5,0
[DLC] Recluses' River / Specimen Storehouse,Albinauric Rider,62100092,,"5,965",-,,123,123,123,123,123,123,123,123,,0,10,0,0,20,0,0,-40,,Immune,309,425,696,309,Immune,Immune,,1,1,1,1,1,,50,1,50,3.846,,1,1,1,1,1,1,1,1,1.5,0
[DLC] Ellac River,Perfumer,62310081,,"1,584",-,,122,122,122,122,122,122,122,122,,0,10,0,0,40,40,40,0,,648,648,216,216,216,Immune,Immune,,1,1,1,1,1,,65,1,65,5,,1,1,1,1,1,1,1,1,1.5,0
[DLC] Scadu Altus,Perfumer,62310090,,"1,845",-,,122,122,122,122,122,122,122,122,,0,10,0,0,40,40,40,0,,663,663,221,221,221,Immune,Immune,,1,1,1,1,1,,65,1,65,5,,1,1,1,1,1,1,1,1,1.5,0
[DLC] Stone Coffin Fissure / Shadow Keep,Perfumer,62310098,,"2,107",-,,123,123,123,123,123,123,123,123,,0,10,0,0,40,40,40,0,,681,681,227,227,227,Immune,Immune,,1,1,1,1,1,,65,1,65,5,,1,1,1,1,1,1,1,1,1.5,0
[DLC] Scadu Altus,Perfumer,62310190,,"1,845",-,,122,122,122,122,122,122,122,122,,0,10,0,0,40,40,40,0,,663,663,221,221,221,Immune,Immune,,1,1,1,1,1,,65,1,65,5,,1,1,1,1,1,1,1,1,1.5,0
[DLC] Ellac River,Perfumer,62311081,,"1,584",-,,122,122,122,122,122,122,122,122,,0,10,0,0,40,40,40,0,,648,648,216,216,216,Immune,Immune,,1,1,1,1,1,,65,1,65,5,,1,1,1,1,1,1,1,1,1.5,0
[DLC] Scadu Altus,Perfumer,62311090,,"1,845",-,,122,122,122,122,122,122,122,122,,0,10,0,0,40,40,40,0,,663,663,221,221,221,Immune,Immune,,1,1,1,1,1,,65,1,65,5,,1,1,1,1,1,1,1,1,1.5,0
[DLC] Stone Coffin Fissure / Shadow Keep,Perfumer,62311098,,"2,107",-,,123,123,123,123,123,123,123,123,,0,10,0,0,40,40,40,0,,681,681,227,227,227,Immune,Immune,,1,1,1,1,1,,65,1,65,5,,1,1,1,1,1,1,1,1,1.5,0
[DLC] Castle Ensis / Cerulean Coast,Perfumer,62330082,,"3,419",-,,122,122,122,122,122,122,122,122,,0,10,0,0,0,0,0,0,,219,219,293,293,293,Immune,Immune,,1,1,1,1,1,,65,1,65,5,,1,1,1,1,1,1,1,1,1.5,0
[DLC] Scadu Altus,Misbegotten (Iron Cleaver),62900090,,"1,926",-,,122,122,122,122,122,122,122,122,,0,0,0,0,0,-20,0,0,,294,294,294,294,294,Immune,Immune,,1,1,1,1,1,,30,1,30,2.308,,1,1,1,1,1,1,1,1,1.5,0
[DLC] Charo's Hidden Grave,Misbegotten (Iron Cleaver),62900095,,"2,064",-,,123,123,123,123,123,123,123,123,,0,0,0,0,0,-20,0,0,,296,296,296,296,296,Immune,Immune,,1,1,1,1,1,,30,1,30,2.308,,1,1,1,1,1,1,1,1,1.5,0
[DLC] Scadu Altus,Misbegotten (Iron Cleaver),62900290,,"1,926",-,,122,122,122,122,122,122,122,122,,0,0,0,0,0,-20,0,0,,294,294,294,294,294,Immune,Immune,,1,1,1,1,1,,30,1,30,2.308,,1,1,1,1,1,1,1,1,1.5,0
[DLC] Scadu Altus,Misbegotten (Misbegotten Shortbow),62901090,,"1,926",-,,122,122,122,122,122,122,122,122,,0,0,0,0,0,-20,0,0,,294,294,294,294,294,Immune,Immune,,1,1,1,1,1,,30,1,30,2.308,,1,1,1,1,1,1,1,1,1.5,0
[DLC] Charo's Hidden Grave,Misbegotten (Misbegotten Shortbow),62901095,,"2,064",-,,123,123,123,123,123,123,123,123,,0,0,0,0,0,-20,0,0,,296,296,296,296,296,Immune,Immune,,1,1,1,1,1,,30,1,30,2.308,,1,1,1,1,1,1,1,1,1.5,0
[DLC] Scadu Altus,Misbegotten (Misbegotten Shortbow),62902090,,"1,926",-,,122,122,122,122,122,122,122,122,,0,0,0,0,0,-20,0,0,,294,294,294,294,294,Immune,Immune,,1,1,1,1,1,,30,1,30,2.308,,1,1,1,1,1,1,1,1,1.5,0
[DLC] Scadu Altus,Misbegotten (Longhaft Axe),62910090,,"5,326",-,,122,122,122,122,122,122,122,122,,0,0,10,-10,0,-20,0,0,,294,294,294,294,294,Immune,Immune,,1,1,1,1,1,,65,1,65,5,,1,1,1,1,1,1,1,1,1.5,0
[DLC] Charo's Hidden Grave,Misbegotten (Longhaft Axe),62910095,,"5,708",-,,123,123,123,123,123,123,123,123,,0,0,10,-10,0,-20,0,0,,296,296,296,296,296,Immune,Immune,,1,1,1,1,1,,65,1,65,5,,1,1,1,1,1,1,1,1,1.5,0
[DLC] Castle Ensis / Cerulean Coast,Wandering Noble,63202082,,823,-,,122,122,122,122,122,122,122,122,,-10,-10,-10,-10,-20,-20,-20,0,,164,164,219,219,219,Immune,Immune,,1,1,1,1,1,,30,1,30,2.308,,1,1,1,1,1,1,1,1,1.5,0
[DLC] Castle Ensis / Cerulean Coast,Wandering Noble,63202382,,823,-,,122,122,122,122,122,122,122,122,,-10,-10,-10,-10,-20,-20,-20,0,,164,164,219,219,219,Immune,Immune,,1,1,1,1,1,,30,1,30,2.308,,1,1,1,1,1,1,1,1,1.5,0
[DLC] Gravesite Plain,Wandering Noble,63207180,,598,-,,121,121,121,121,121,121,121,121,,-10,-10,-10,-10,-20,-20,-20,0,,Immune,Immune,Immune,Immune,Immune,Immune,Immune,,1,1,1,1,1,,30,1,30,2.308,,1,1,1,1,1,1,1,1,1.5,0
[DLC] Scadu Altus,Wandering Noble,63207190,,852,-,,122,122,122,122,122,122,122,122,,-10,-10,-10,-10,-20,-20,-20,0,,Immune,Immune,Immune,Immune,Immune,Immune,Immune,,1,1,1,1,1,,30,1,30,2.308,,1,1,1,1,1,1,1,1,1.5,0
[DLC] Charo's Hidden Grave,Wandering Noble,63207195,,913,-,,123,123,123,123,123,123,123,123,,-10,-10,-10,-10,-20,-20,-20,0,,Immune,Immune,Immune,Immune,Immune,Immune,Immune,,1,1,1,1,1,,30,1,30,2.308,,1,1,1,1,1,1,1,1,1.5,0
[DLC] Rivermouth Cave,Chief Bloodfiend [Boss],50810990,,"21,948",-,,122,122,122,122,122,122,122,122,,0,0,-20,0,20,40,20,20,,294,294,663,294,Immune,Immune,Immune,,0.65,0.65,1,1,0.5,,80,1,80,6.154,,1,1,1,1,1,1,1,1,1.5,0